iy,ix,x,y,u_Re175,v_Re175,u_Re275,v_Re275,u_Re375,v_Re375
0,0,0,0,0,0,0,0,0,0
0,1,0.015625,0,0,0,0,0,0,0
0,2,0.03125,0,0,0,0,0,0,0
0,3,0.046875,0,0,0,0,0,0,0
0,4,0.0625,0,0,0,0,0,0,0
0,5,0.078125,0,0,0,0,0,0,0
0,6,0.09375,0,0,0,0,0,0,0
0,7,0.109375,0,0,0,0,0,0,0
0,8,0.125,0,0,0,0,0,0,0
0,9,0.140625,0,0,0,0,0,0,0
0,10,0.15625,0,0,0,0,0,0,0
0,11,0.171875,0,0,0,0,0,0,0
0,12,0.1875,0,0,0,0,0,0,0
0,13,0.203125,0,0,0,0,0,0,0
0,14,0.21875,0,0,0,0,0,0,0
0,15,0.234375,0,0,0,0,0,0,0
0,16,0.25,0,0,0,0,0,0,0
0,17,0.265625,0,0,0,0,0,0,0
0,18,0.28125,0,0,0,0,0,0,0
0,19,0.296875,0,0,0,0,0,0,0
0,20,0.3125,0,0,0,0,0,0,0
0,21,0.328125,0,0,0,0,0,0,0
0,22,0.34375,0,0,0,0,0,0,0
0,23,0.359375,0,0,0,0,0,0,0
0,24,0.375,0,0,0,0,0,0,0
0,25,0.390625,0,0,0,0,0,0,0
0,26,0.40625,0,0,0,0,0,0,0
0,27,0.421875,0,0,0,0,0,0,0
0,28,0.4375,0,0,0,0,0,0,0
0,29,0.453125,0,0,0,0,0,0,0
0,30,0.46875,0,0,0,0,0,0,0
0,31,0.484375,0,0,0,0,0,0,0
0,32,0.5,0,0,0,0,0,0,0
0,33,0.515625,0,0,0,0,0,0,0
0,34,0.53125,0,0,0,0,0,0,0
0,35,0.546875,0,0,0,0,0,0,0
0,36,0.5625,0,0,0,0,0,0,0
0,37,0.578125,0,0,0,0,0,0,0
0,38,0.59375,0,0,0,0,0,0,0
0,39,0.609375,0,0,0,0,0,0,0
0,40,0.625,0,0,0,0,0,0,0
0,41,0.640625,0,0,0,0,0,0,0
0,42,0.65625,0,0,0,0,0,0,0
0,43,0.671875,0,0,0,0,0,0,0
0,44,0.6875,0,0,0,0,0,0,0
0,45,0.703125,0,0,0,0,0,0,0
0,46,0.71875,0,0,0,0,0,0,0
0,47,0.734375,0,0,0,0,0,0,0
0,48,0.75,0,0,0,0,0,0,0
0,49,0.765625,0,0,0,0,0,0,0
0,50,0.78125,0,0,0,0,0,0,0
0,51,0.796875,0,0,0,0,0,0,0
0,52,0.8125,0,0,0,0,0,0,0
0,53,0.828125,0,0,0,0,0,0,0
0,54,0.84375,0,0,0,0,0,0,0
0,55,0.859375,0,0,0,0,0,0,0
0,56,0.875,0,0,0,0,0,0,0
0,57,0.890625,0,0,0,0,0,0,0
0,58,0.90625,0,0,0,0,0,0,0
0,59,0.921875,0,0,0,0,0,0,0
0,60,0.9375,0,0,0,0,0,0,0
0,61,0.953125,0,0,0,0,0,0,0
0,62,0.96875,0,0,0,0,0,0,0
0,63,0.984375,0,0,0,0,0,0,0
0,64,1,0,0,0,0,0,0,0
1,0,0,0.015625,0,0,0,0,0,0
1,1,0.015625,0.015625,4.2317675e-05,-4.20082582e-05,5.39261708e-05,-5.3432077e-05,6.66979179e-05,-6.60400807e-05
1,2,0.03125,0.015625,8.54231171e-05,-3.53769812e-05,0.000119256129,-5.22340443e-05,0.000162344823,-7.47983356e-05
1,3,0.046875,0.015625,8.14082352e-05,-1.90802777e-06,0.00013836819,-1.84547408e-05,0.000219980601,-4.50812268e-05
1,4,0.0625,0.015625,6.9989775e-06,4.21189523e-05,8.22957026e-05,2.88779142e-05,0.000203664597,2.27522631e-06
1,5,0.078125,0.015625,-0.000145725073,8.77631229e-05,-5.94213658e-05,7.8834636e-05,9.85698016e-05,5.45006807e-05
1,6,0.09375,0.015625,-0.000375796188,0.000130632538,-0.00028645352,0.00012601035,-9.75412529e-05,0.000105104852
1,7,0.109375,0.015625,-0.000677483575,0.000168807666,-0.000592859333,0.000168161342,-0.000380375061,0.000151398607
1,8,0.125,0.015625,-0.0010428172,0.000201674363,-0.000970334914,0.000204755483,-0.000743009275,0.000192802125
1,9,0.140625,0.015625,-0.00146308978,0.000229297141,-0.00141013834,0.000236136951,-0.00117819664,0.000229805329
1,10,0.15625,0.015625,-0.00192971604,0.000252074682,-0.00190413073,0.000263039159,-0.00167955445,0.000263336945
1,11,0.171875,0.015625,-0.00243468426,0.00027054229,-0.00244523488,0.000286294882,-0.00224200506,0.000294384357
1,12,0.1875,0.015625,-0.00297074658,0.000285254809,-0.00302751642,0.000306664508,-0.00286173543,0.000323773474
1,13,0.203125,0.015625,-0.00353144199,0.00029671692,-0.00364603032,0.000324739834,-0.00353587108,0.000352054457
1,14,0.21875,0.015625,-0.00411101479,0.000305343475,-0.0042965345,0.000340898402,-0.00426200502,0.000379457926
1,15,0.234375,0.015625,-0.00470427237,0.000311439973,-0.00497514323,0.000355292181,-0.00503767974,0.000405896734
1,16,0.25,0.015625,-0.00530641331,0.000315197084,-0.00567797169,0.000367859135,-0.00585988718,0.00043099511
1,17,0.265625,0.015625,-0.00591284861,0.000316695073,-0.00640080648,0.000378349259,-0.00672462611,0.000454132146
1,18,0.28125,0.015625,-0.00651903227,0.000315915188,-0.00713882451,0.000386358863,-0.00762653822,0.000474490966
1,19,0.296875,0.015625,-0.0071203128,0.000312755783,-0.00788637277,0.000391368702,-0.00855863169,0.000491108551
1,20,0.3125,0.015625,-0.00771181374,0.000307051482,-0.00863681533,0.000392783057,-0.00951209473,0.000502924178
1,21,0.328125,0.015625,-0.00828834816,0.00029859407,-0.00938244878,0.000389968133,-0.0104761983,0.000508826425
1,22,0.34375,0.015625,-0.00884436983,0.000287154103,-0.0101144853,0.000382289049,-0.0114382875,0.000507699924
1,23,0.359375,0.015625,-0.00937396226,0.000272502472,-0.010823101,0.000369145324,-0.0123838619,0.000498473369
1,24,0.375,0.015625,-0.00987086487,0.000254431316,-0.0114975463,0.000350004995,-0.0132967464,0.000480169982
1,25,0.390625,0.015625,-0.010328535,0.00023277386,-0.0121263162,0.000324437563,-0.014159354,0.00045196089
1,26,0.40625,0.015625,-0.0107402434,0.000207422786,-0.0126973759,0.000292145682,-0.0149530428,0.00041322085
1,27,0.421875,0.015625,-0.0110991993,0.000178346822,-0.0131984387,0.000252995185,-0.0156585636,0.000363584731
1,28,0.4375,0.015625,-0.0113987028,0.000145605202,-0.0136172902,0.00020704262,-0.0162565943,0.000303002182
1,29,0.453125,0.015625,-0.0116323181,0.000109359638,-0.0139421526,0.000154559074,-0.01672835,0.000231787116
1,30,0.46875,0.015625,-0.0117940642,6.98833758e-05,-0.014162079,9.60487273e-05,-0.0170562538,0.000150658114
1,31,0.484375,0.015625,-0.0118786161,2.75668773e-05,-0.014267367,3.22604151e-05,-0.0172246459,6.07655814e-05
1,32,0.5,0.015625,-0.0118815103,-1.70803549e-05,-0.0142499771,-3.58096012e-05,-0.0172205043,-3.62984731e-05
1,33,0.515625,0.015625,-0.0117993477,-6.34322861e-05,-0.0141039386,-0.000106925292,-0.0170341457,-0.000138511729
1,34,0.53125,0.015625,-0.0116299853,-0.000110753593,-0.0138257269,-0.00017963027,-0.0166598705,-0.000243456853
1,35,0.546875,0.015625,-0.0113727093,-0.000158211926,-0.01341459,-0.000252279763,-0.0160965145,-0.000348382537
1,36,0.5625,0.015625,-0.0110283808,-0.000204895285,-0.0128728067,-0.000323085275,-0.0153478696,-0.000450290473
1,37,0.578125,0.015625,-0.010599546,-0.000249834373,-0.0122058569,-0.000390171214,-0.0144229391,-0.000546046537
1,38,0.59375,0.015625,-0.0100905033,-0.000292029479,-0.0114224872,-0.000451641868,-0.013335996,-0.00063251233
1,39,0.609375,0.015625,-0.00950732069,-0.000330481173,-0.0105346595,-0.000505656101,-0.012106423,-0.000706691035
1,40,0.625,0.015625,-0.00885779846,-0.000364223717,-0.00955737374,-0.000550506281,-0.010758321,-0.000765879431
1,41,0.640625,0.015625,-0.00815137406,-0.000392359877,-0.00850836292,-0.00058469714,-0.00931988755,-0.00080781626
1,42,0.65625,0.015625,-0.00739896836,-0.000414095507,-0.00740766504,-0.000607019796,-0.00782257929,-0.000830816079
1,43,0.671875,0.015625,-0.0066127751,-0.000428772215,-0.00627708345,-0.000616615964,-0.00630008883,-0.000833877653
1,44,0.6875,0.015625,-0.00580599798,-0.000435896328,-0.00513955479,-0.000613027652,-0.00478718045,-0.000816756908
1,45,0.703125,0.015625,-0.0049925428,-0.000435162545,-0.00401845,-0.000596228368,-0.0033184418,-0.000779996613
1,46,0.71875,0.015625,-0.00418667401,-0.000426470916,-0.00293683896,-0.00056663302,-0.00192701817,-0.000724908263
1,47,0.734375,0.015625,-0.00340264711,-0.000409936209,-0.00191675248,-0.000525085341,-0.000643400302,-0.000653505751
1,48,0.75,0.015625,-0.00265432947,-0.000385889324,-0.000978476057,-0.000472823593,0.000505665009,-0.00056839511
1,49,0.765625,0.015625,-0.00195482216,-0.000354871062,-0.000139907145,-0.000411427443,0.00149808012,-0.000472629406
1,50,0.78125,0.015625,-0.00131609427,-0.000317619376,0.000583997723,-0.000342751154,0.00231707165,-0.00036954225
1,51,0.796875,0.015625,-0.000748639232,-0.00027505208,0.00118166895,-0.000268850314,0.00295161087,-0.000262577147
1,52,0.8125,0.015625,-0.00026115855,-0.000228247936,0.00164525806,-0.000191911355,0.00339658207,-0.000155132686
1,53,0.828125,0.015625,0.000139726615,-0.000178430134,0.00197087008,-0.000114194826,0.00365273289,-5.04454359e-05
1,54,0.84375,0.015625,0.000449742413,-0.000126957524,0.00215872153,-3.80050797e-05,0.00372647422,4.84664185e-05
1,55,0.859375,0.015625,0.000667222924,-7.53308083e-05,0.00221326984,3.42992532e-05,0.00362963175,0.000138774896
1,56,0.875,0.015625,0.000793390116,-2.52237751e-05,0.00214337909,0.000100237511,0.00337928228,0.000217705058
1,57,0.890625,0.015625,0.000832691602,2.14458829e-05,0.00196260379,0.000157062859,0.00299783241,0.000282264373
1,58,0.90625,0.015625,0.000793248811,6.23849576e-05,0.00168968172,0.000201521373,0.00251350276,0.00032881857
1,59,0.921875,0.015625,0.000687479178,9.4704993e-05,0.00134931397,0.00022950425,0.00196134425,0.000352520447
1,60,0.9375,0.015625,0.000532947052,0.000114600013,0.000973234326,0.000235649383,0.00138476729,0.000346715113
1,61,0.953125,0.015625,0.000353414372,0.000117027867,0.000601316838,0.000213245142,0.000837142024,0.000302907049
1,62,0.96875,0.015625,0.000179742442,9.61014108e-05,0.000281739697,0.000155964849,0.000381893117,0.000213594231
1,63,0.984375,0.015625,4.9310179e-05,4.94505222e-05,6.72712087e-05,6.73636013e-05,8.66236833e-05,8.64556734e-05
1,64,1,0.015625,0,0,0,0,0,0
2,0,0,0.03125,0,0,0,0,0,0
2,1,0.015625,0.03125,3.61028123e-05,-8.54231171e-05,5.31158323e-05,-0.000119256129,7.58020436e-05,-0.000162344823
2,2,0.03125,0.03125,3.91610003e-05,-3.90905601e-05,8.36147709e-05,-8.44420195e-05,0.000151591827,-0.000153282683
2,3,0.046875,0.03125,-4.99951757e-05,7.84241396e-05,1.90037533e-05,3.69604263e-05,0.000140775942,-4.13197739e-05
2,4,0.0625,0.03125,-0.000262315235,0.000227133308,-0.000179065555,0.000197789556,-4.47130743e-06,0.000121410799
2,5,0.078125,0.03125,-0.000609621462,0.000382795166,-0.00052583231,0.000368749223,-0.000305604308,0.00030120585
2,6,0.09375,0.03125,-0.00109123153,0.000531758503,-0.00102162503,0.000533437968,-0.000767061886,0.000478944863
2,7,0.109375,0.03125,-0.00169887975,0.000667021012,-0.00165809523,0.000683881394,-0.00138355421,0.000645468022
2,8,0.125,0.03125,-0.00242018993,0.00078560621,-0.00242264983,0.000817279004,-0.00214528561,0.000797821576
2,9,0.140625,0.03125,-0.00324099857,0.000886898842,-0.00330136253,0.000933795812,-0.00304132822,0.000936545173
2,10,0.15625,0.03125,-0.00414682277,0.00097159447,-0.00428070087,0.00103509654,-0.00406150828,0.00106380842
2,11,0.171875,0.03125,-0.00512371456,0.00104103054,-0.00534838112,0.0011233857,-0.00519718732,0.00118218098
2,12,0.1875,0.03125,-0.00615868523,0.00109675773,-0.00649361148,0.00120079544,-0.0064412803,0.00129386602
2,13,0.203125,0.03125,-0.00723983517,0.00114026821,-0.00770693055,0.00126901808,-0.00778779301,0.00140026959
2,14,0.21875,0.03125,-0.00835628911,0.00117283038,-0.00897980201,0.00132911291,-0.00923109891,0.00150180866
2,15,0.234375,0.03125,-0.00949801098,0.00119539851,-0.010304088,0.00138143719,-0.0107651185,0.00159788216
2,16,0.25,0.03125,-0.0106555541,0.00120857625,-0.0116714913,0.00142566325,-0.012382515,0.00168694637
2,17,0.265625,0.03125,-0.011819788,0.00121261897,-0.0130730303,0.00146085282,-0.0140739799,0.00176665104
2,18,0.28125,0.03125,-0.0129816339,0.00120746419,-0.0144985899,0.00148556629,-0.0158276518,0.00183400558
2,19,0.296875,0.03125,-0.0141318298,0.00119278147,-0.0159365736,0.00149799082,-0.0176286904,0.00188555651
2,20,0.3125,0.03125,-0.0152607425,0.00116803536,-0.0173736711,0.001496076,-0.0194590149,0.00191756662
2,21,0.328125,0.03125,-0.0163582363,0.00113255609,-0.0187947468,0.00147766997,-0.0212972092,0.0019261928
2,22,0.34375,0.03125,-0.0174136045,0.0010856141,-0.0201828479,0.00144065218,-0.0231185931,0.00190766364
2,23,0.359375,0.03125,-0.0184155655,0.00102649504,-0.0215193287,0.00138306098,-0.0248954583,0.00185845882
2,24,0.375,0.03125,-0.0193523241,0.000954572771,-0.0227840853,0.00130321525,-0.0265974683,0.00177549202
2,25,0.390625,0.03125,-0.0202116943,0.000869378508,-0.0239558931,0.00119982967,-0.0281922178,0.00165629644
2,26,0.40625,0.03125,-0.0209812792,0.000770664265,-0.0250128394,0.00107212254,-0.0296459448,0.00149920965
2,27,0.421875,0.03125,-0.0216487021,0.000658459393,-0.0259328403,0.000919914296,-0.0309243856,0.00130355151
2,28,0.4375,0.03125,-0.0222018816,0.00053311878,-0.0266942293,0.000743713856,-0.0319937521,0.0010697864
2,29,0.453125,0.03125,-0.0226293408,0.000395361424,-0.0272764041,0.00054478873,-0.0328218088,0.000799659541
2,30,0.46875,0.03125,-0.022920543,0.000246298024,-0.0276605112,0.000325214429,-0.0333790146,0.000496295867
2,31,0.484375,0.03125,-0.0230662412,8.74461499e-05,-0.0278301489,8.78980996e-05,-0.0336396913,0.000164250421
2,32,0.5,0.03125,-0.0230588309,-7.92683572e-05,-0.0277720623,-0.0001634284,-0.0335831726,-0.000190500196
2,33,0.515625,0.03125,-0.0228926931,-0.000251525033,-0.0274768045,-0.000424250163,-0.0331948844,-0.000560633728
2,34,0.53125,0.03125,-0.0225645152,-0.000426638463,-0.0269393343,-0.00068934865,-0.0324673028,-0.000937631189
2,35,0.546875,0.03125,-0.0220735746,-0.000601604545,-0.02615952,-0.000952920228,-0.0314007401,-0.00131200091
2,36,0.5625,0.03125,-0.0214219734,-0.0007731633,-0.025142522,-0.00120873309,-0.0300039064,-0.00167357538
2,37,0.578125,0.03125,-0.0206148106,-0.000937877473,-0.0238990258,-0.00145031947,-0.0282942035,-0.00201187358
2,38,0.59375,0.03125,-0.0196602788,-0.00109222529,-0.0224453033,-0.00167119735,-0.0262977151,-0.0023165161
2,39,0.609375,0.03125,-0.0185696783,-0.00123270483,-0.0208030853,-0.00186511347,-0.0240488658,-0.00257767502
2,40,0.625,0.03125,-0.0173573374,-0.00135594663,-0.018999234,-0.00202629661,-0.021589739,-0.00278653546
2,41,0.640625,0.03125,-0.0160404379,-0.0014588301,-0.0170652152,-0.00214970871,-0.0189690561,-0.00293574172
2,42,0.65625,0.03125,-0.0146387417,-0.00153859896,-0.0150363771,-0.00223127947,-0.0162408405,-0.00301979872
2,43,0.671875,0.03125,-0.013174224,-0.00159297039,-0.0129510549,-0.00226811025,-0.0134628071,-0.00303539884
2,44,0.6875,0.03125,-0.0116706187,-0.00162023229,-0.0108495274,-0.00225863345,-0.0106945369,-0.00298164703
2,45,0.703125,0.03125,-0.0101528872,-0.00161932397,-0.0087728655,-0.00220271583,-0.00799551531,-0.00286016228
2,46,0.71875,0.03125,-0.00864662569,-0.00158989569,-0.00676171503,-0.00210169752,-0.005423123,-0.0026750415
2,47,0.734375,0.03125,-0.00717742885,-0.00153234454,-0.00485506443,-0.0019583629,-0.00303067892,-0.00243268318
2,48,0.75,0.03125,-0.00577022829,-0.00144782495,-0.00308904854,-0.00177684534,-0.000865634712,-0.00214148042
2,49,0.765625,0.03125,-0.00444862661,-0.00133823521,-0.00149583633,-0.00156247378,0.0010319886,-0.00181140664
2,50,0.78125,0.03125,-0.00323424508,-0.00120618292,-0.000102643816,-0.0013215761,0.0026308479,-0.00145353075
2,51,0.796875,0.03125,-0.00214610044,-0.00105493572,0.00106909919,-0.00106126033,0.0039091634,-0.00107951042
2,52,0.8125,0.03125,-0.00120002089,-0.000888365847,0.00200441663,-0.000789201129,0.00485523316,-0.000701122016
2,53,0.828125,0.03125,-0.000408104096,-0.000710900963,0.00269529698,-0.000513463477,0.00546761141,-0.000329892144
2,54,0.84375,0.03125,0.000221789292,-0.000527496309,0.00314107967,-0.00024239976,0.00575503351,2.3101141e-05
2,55,0.859375,0.03125,0.000686524002,-0.000343647703,0.00334877334,1.53424461e-05,0.00573621707,0.000347191936
2,56,0.875,0.03125,0.000988189052,-0.000165468677,0.00333338202,0.000250666048,0.00543970667,0.000631799338
2,57,0.890625,0.03125,0.00113464596,1.41305231e-07,0.00311832489,0.000453697365,0.00490394509,0.000865779522
2,58,0.90625,0.03125,0.00114016796,0.000145212423,0.00273602074,0.000613289818,0.00417772503,0.00103648815
2,59,0.921875,0.03125,0.0010261967,0.000260301759,0.00222864504,0.000716447397,0.00332106171,0.00112873547
2,60,0.9375,0.03125,0.000822184906,0.000334064807,0.00164891015,0.000747997137,0.00240626088,0.00112420223
2,61,0.953125,0.03125,0.000566352117,0.000353204609,0.00106039853,0.000691494629,0.00151844321,0.00100287417
2,62,0.96875,0.03125,0.000305928885,0.000304104193,0.000536468191,0.000534045629,0.000753994761,0.000750518341
2,63,0.984375,0.03125,9.63116258e-05,0.000179742442,0.000156430983,0.000281739697,0.000214900036,0.000381893117
2,64,1,0.03125,0,0,0,0,0,0
3,0,0,0.046875,0,0,0,0,0,0
3,1,0.015625,0.046875,1.75962898e-06,-8.11692585e-05,1.69279692e-05,-0.000137046848,4.22398284e-05,-0.000217631908
3,2,0.03125,0.046875,-8.3499645e-05,5.07210068e-05,-4.93078538e-05,-1.81219652e-05,2.21871737e-05,-0.000139772234
3,3,0.046875,0.046875,-0.000309976175,0.000299568208,-0.000267071161,0.000244225585,-0.000145348205,0.000110981908
3,4,0.0625,0.046875,-0.000706615791,0.000601745239,-0.000672480505,0.000573713977,-0.000506720487,0.000448655476
3,5,0.078125,0.046875,-0.00128412853,0.000916679416,-0.00127924333,0.000921394112,-0.00108222245,0.000817091259
3,6,0.09375,0.046875,-0.00204042669,0.00121989083,-0.00208597986,0.00125827327,-0.00187514286,0.00118305476
3,7,0.109375,0.046875,-0.00296503108,0.00149776606,-0.00308202366,0.00156918614,-0.00287874556,0.00152962233
3,8,0.125,0.046875,-0.00404249315,0.00174379318,-0.00425182084,0.00184802279,-0.00408142631,0.00185057613
3,9,0.140625,0.046875,-0.00525489467,0.00195592999,-0.0055780097,0.00209418799,-0.00547016725,0.002146028
3,10,0.15625,0.046875,-0.00658355422,0.00213479068,-0.00704335312,0.00231005774,-0.00703251678,0.00241919605
3,11,0.171875,0.046875,-0.00801009658,0.00228240475,-0.0086317482,0.0024992055,-0.00875740055,0.00267415637
3,12,0.1875,0.046875,-0.00951703535,0.00240137541,-0.0103285436,0.00266521394,-0.0106350849,0.00291437916
3,13,0.203125,0.046875,-0.0110879994,0.0024943208,-0.0121203753,0.00281093036,-0.0126565879,0.00314187307
3,14,0.21875,0.046875,-0.0127077108,0.00256351929,-0.0139947003,0.00293805586,-0.0148127852,0.00335678343
3,15,0.234375,0.046875,-0.0143618023,0.00261070494,-0.0159391744,0.00304698146,-0.0170934045,0.00355731284
3,16,0.25,0.046875,-0.0160365412,0.00263697413,-0.0179409855,0.00313680146,-0.0194860482,0.00373985651
3,17,0.265625,0.046875,-0.0177185175,0.00264277494,-0.0199862264,0.00320544791,-0.0219753394,0.00389926894
3,18,0.28125,0.046875,-0.0193943337,0.00262795695,-0.0220593635,0.00324990211,-0.0245422492,0.00402920143
3,19,0.296875,0.046875,-0.0210503308,0.00259186431,-0.0241428376,0.00326644982,-0.0271636373,0.00412247166
3,20,0.3125,0.046875,-0.022672371,0.00253345797,-0.0262168159,0.00325095626,-0.0298120196,0.00417144302
3,21,0.328125,0.046875,-0.0242456923,0.00245145607,-0.0282591046,0.00319914496,-0.0324555674,0.00416840457
3,22,0.34375,0.046875,-0.0257548441,0.0023444833,-0.0302452194,0.00310687097,-0.0350583346,0.00410594894
3,23,0.359375,0.046875,-0.027183707,0.00221122213,-0.0321486103,0.00297038268,-0.0375807083,0.00397734862
3,24,0.375,0.046875,-0.0285155958,0.00205056015,-0.0339410292,0.00278656935,-0.039980071,0.0037769295
3,25,0.390625,0.046875,-0.0297334428,0.00186172891,-0.0355930295,0.00255319172,-0.0422116635,0.00350043739
3,26,0.40625,0.046875,-0.0308200531,0.00164443058,-0.0370745826,0.00226909291,-0.0442296257,0.00314538865
3,27,0.421875,0.046875,-0.0317584251,0.0013989492,-0.0383557937,0.0019343851,-0.0459881923,0.00271139203
3,28,0.4375,0.046875,-0.0325321233,0.00112624387,-0.0394076994,0.00155060645,-0.047443008,0.00220042542
3,29,0.453125,0.046875,-0.0331256928,0.000828021088,-0.0402031217,0.00112084097,-0.0485525246,0.00161704961
3,30,0.46875,0.046875,-0.0335251021,0.000506783815,-0.0407175549,0.000649793488,-0.0492794321,0.000968540589
3,31,0.484375,0.046875,-0.0337181992,0.000165854759,-0.0409300554,0.000143811444,-0.049592075,0.000264923618
3,32,0.5,0.046875,-0.033695166,-0.000190628425,-0.0408241047,-0.000389153947,-0.0494657993,-0.000481105404
3,33,0.515625,0.046875,-0.0334489556,-0.000557747955,-0.0403884115,-0.000939653238,-0.0488841781,-0.00125438159
3,34,0.53125,0.046875,-0.0329756946,-0.00092987216,-0.0396176202,-0.00149691479,-0.0478400597,-0.00203760111
3,35,0.546875,0.046875,-0.0322750357,-0.00130075371,-0.0385128934,-0.00204909208,-0.0463363908,-0.00281177896
3,36,0.5625,0.046875,-0.0313504435,-0.0016636593,-0.0370823351,-0.00258357952,-0.044386767,-0.00355682708
3,37,0.578125,0.046875,-0.0302093973,-0.00201152897,-0.035341229,-0.0030873899,-0.0420156702,-0.0042522378
3,38,0.59375,0.046875,-0.0288634995,-0.00233716174,-0.0333120667,-0.00354758232,-0.039258363,-0.00487785
3,39,0.609375,0.046875,-0.0273284753,-0.00263342256,-0.031024349,-0.00395172539,-0.0361604153,-0.00541466711
3,40,0.625,0.046875,-0.025624057,-0.00289346413,-0.0285141504,-0.0042883764,-0.0327768554,-0.00584568916
3,41,0.640625,0.046875,-0.0237737465,-0.00311095567,-0.025823446,-0.00454755401,-0.0291709465,-0.00615671475
3,42,0.65625,0.046875,-0.0218044549,-0.00328030939,-0.022999209,-0.00472118011,-0.0254126119,-0.00633706512
3,43,0.671875,0.046875,-0.0197460223,-0.00339689515,-0.020092298,-0.00480346574,-0.0215765442,-0.0063801813
3,44,0.6875,0.046875,-0.0176306271,-0.00345723315,-0.0171561649,-0.00479121702,-0.0177400562,-0.00628404865
3,45,0.703125,0.046875,-0.0154920953,-0.00345915558,-0.0142454222,-0.0046840407,-0.0139807494,-0.00605141049
3,46,0.71875,0.046875,-0.0133651285,-0.00340192925,-0.0114143178,-0.00448443409,-0.0103740899,-0.00568974465
3,47,0.734375,0.046875,-0.0112844701,-0.00328633361,-0.00871517354,-0.00419775184,-0.00699099613,-0.00521099403
3,48,0.75,0.046875,-0.00928403313,-0.00311469156,-0.0061968437,-0.0038320517,-0.00389554686,-0.00463106263
3,49,0.765625,0.046875,-0.00739601346,-0.00289085427,-0.00390325073,-0.00339783217,-0.00114291477,-0.00396911202
3,50,0.78125,0.046875,-0.00565001139,-0.00262014555,-0.00187204803,-0.00290768667,0.00122238172,-0.00324671704
3,51,0.796875,0.046875,-0.0040721815,-0.00230927628,-0.000133448901,-0.00237591076,0.00316784149,-0.0024869624
3,52,0.8125,0.046875,-0.00268442609,-0.00196624428,0.00129075622,-0.00181810914,0.00467392706,-0.0017135807
3,53,0.828125,0.046875,-0.00150363977,-0.00160024031,0.00238799272,-0.00125085787,0.0057346078,-0.000950245791
3,54,0.84375,0.046875,-0.000541004733,-0.00122158562,0.0031555264,-0.000691481444,0.006357563,-0.00022013924
3,55,0.859375,0.046875,0.000198673512,-0.000841730568,0.00360096302,-0.0001580031,0.00656415603,0.00045410174
3,56,0.875,0.046875,0.000717607523,-0.000473345731,0.00374268122,0.000330685957,0.00638932546,0.00104997704
3,57,0.890625,0.046875,0.00102566747,-0.000130533022,0.0036102572,0.000754424146,0.00588154565,0.00154424601
3,58,0.90625,0.046875,0.00114103248,0.000170834215,0.00324491291,0.00109120123,0.0051029667,0.00191170195
3,59,0.921875,0.046875,0.00109084221,0.000412688044,0.00269995174,0.00131661484,0.00412972954,0.0021239846
3,60,0.9375,0.046875,0.00091178874,0.000574444596,0.00204103259,0.00140389589,0.00305225906,0.00214933361
3,61,0.953125,0.046875,0.000650537237,0.000633283888,0.00134602239,0.0013256871,0.00197514238,0.00195517317
3,62,0.96875,0.046875,0.0003639336,0.000566141902,0.000704293846,0.0010599324,0.00101634674,0.00151713741
3,63,0.984375,0.046875,0.000119601324,0.000355379407,0.000216488046,0.000603831792,0.000307140065,0.000840450435
3,64,1,0.046875,0,0,0,0,0,0
4,0,0,0.0625,0,0,0,0,0,0
4,1,0.015625,0.0625,-4.60726331e-05,-1.92347216e-06,-3.84473736e-05,-6.99482751e-05,-1.71143738e-05,-0.000184531997
4,2,0.03125,0.0625,-0.000247829885,0.000272645244,-0.000241261215,0.00019955711,-0.000186011602,3.43053506e-05
4,3,0.046875,0.0625,-0.000645304673,0.000701540286,-0.000660801306,0.000660133077,-0.000575798774,0.000487587887
4,4,0.0625,0.0625,-0.00125913483,0.00120128566,-0.00132310649,0.00120996172,-0.00122203215,0.00105828504
4,5,0.078125,0.0625,-0.00209479089,0.00171660607,-0.00223518328,0.00178224858,-0.00213763744,0.00166962822
4,6,0.09375,0.0625,-0.00314648385,0.00221266105,-0.0033909703,0.0023362183,-0.00332103401,0.00227546798
4,7,0.109375,0.0625,-0.00440064409,0.00266908747,-0.00477622377,0.00284972238,-0.00476229328,0.00285175148
4,8,0.125,0.0625,-0.005838836,0.0030754698,-0.0063723359,0.00331326505,-0.00644761801,0.00338924326
4,9,0.140625,0.0625,-0.00744003348,0.00342795992,-0.00815908448,0.00372532809,-0.00836228937,0.00388763564
4,10,0.15625,0.0625,-0.00918226606,0.00372679638,-0.0101163898,0.00408883504,-0.0104922739,0.00435104173
4,11,0.171875,0.0625,-0.0110437053,0.00397451166,-0.0122252247,0.00440857616,-0.0128247477,0.00478474913
4,12,0.1875,0.0625,-0.0130032886,0.00417466052,-0.0144678609,0.0046894225,-0.015347825,0.00519305336
4,13,0.203125,0.0625,-0.0150409838,0.00433094372,-0.0168276368,0.00493517481,-0.0180497709,0.00557796987
4,14,0.21875,0.0625,-0.0171377914,0.00444663327,-0.019288423,0.00514791208,-0.020917941,0.00593862529
4,15,0.234375,0.0625,-0.0192755693,0.00452422889,-0.0218339321,0.00532772239,-0.023937647,0.00627114518
4,16,0.25,0.0625,-0.0214367538,0.00456529149,-0.0244469937,0.00547271524,-0.0270910918,0.00656888127
4,17,0.265625,0.0625,-0.0236040352,0.00457041142,-0.0271088838,0.00557923085,-0.0303564774,0.00682285204
4,18,0.28125,0.0625,-0.0257600357,0.00453927747,-0.0297987736,0.00564217746,-0.0337073441,0.00702230345
4,19,0.296875,0.0625,-0.0278870257,0.00447081875,-0.0324933362,0.00565544319,-0.0371121781,0.00715532689
4,20,0.3125,0.0625,-0.0299667053,0.00436339684,-0.0351665345,0.00561234298,-0.040534298,0.00720949672
4,21,0.328125,0.0625,-0.0319800685,0.00421502926,-0.0377895976,0.00550607344,-0.043932023,0.00717250784
4,22,0.34375,0.0625,-0.0339073606,0.00402362886,-0.0403311837,0.00533015789,-0.0472591123,0.0070328045
4,23,0.359375,0.0625,-0.0357281324,0.00378724674,-0.0427577194,0.00507887079,-0.050465462,0.00678019518
4,24,0.375,0.0625,-0.0374213906,0.00350430849,-0.045033903,0.00474763452,-0.0534980357,0.00640644727
4,25,0.390625,0.0625,-0.0389658382,0.00317383575,-0.0471233519,0.00433338303,-0.0563020041,0.00590585118
4,26,0.40625,0.0625,-0.0403401972,0.00279564662,-0.0489893752,0.00383488667,-0.0588220563,0.00527573844
4,27,0.421875,0.0625,-0.0415236013,0.00237052959,-0.0505958465,0.00325303114,-0.0610038449,0.00451693377
4,28,0.4375,0.0625,-0.0424960463,0.00190038646,-0.0519081531,0.0025910419,-0.0627955181,0.00363411873
4,29,0.453125,0.0625,-0.0432388827,0.00138834024,-0.0528941908,0.00185464423,-0.0641492891,0.00263608368
4,30,0.46875,0.0625,-0.0437353356,0.000838804427,-0.0535253762,0.00105214811,-0.0650229938,0.00153584623
4,31,0.484375,0.0625,-0.0439710345,0.000257510095,-0.0537776431,0.000194447916,-0.065381583,0.000350617621
4,32,0.5,0.0625,-0.0439345354,-0.000348511946,-0.0536323901,-0.00070507235,-0.0651985019,-0.000898397097
4,33,0.515625,0.0625,-0.043617819,-0.000970996505,-0.0530773465,-0.00163073463,-0.0644569091,-0.00218637341
4,34,0.53125,0.0625,-0.0430167445,-0.00160055832,-0.0521073229,-0.0025648667,-0.0631506931,-0.00348541843
4,35,0.546875,0.0625,-0.0421314439,-0.00222685562,-0.0507248156,-0.00348820536,-0.0612852452,-0.00476529357
4,36,0.5625,0.0625,-0.0409666368,-0.00283880173,-0.0489404346,-0.00438039749,-0.0588779563,-0.00599429601
4,37,0.578125,0.0625,-0.0395318514,-0.00342482151,-0.0467731298,-0.00522058787,-0.0559584031,-0.00714027762
4,38,0.59375,0.0625,-0.0378415358,-0.00397314735,-0.0442501933,-0.00598807739,-0.0525681991,-0.008171771
4,39,0.609375,0.0625,-0.0359150479,-0.00447214729,-0.0414070202,-0.00666302977,-0.0487604874,-0.00905918263
4,40,0.625,0.0625,-0.0337765134,-0.00491067534,-0.0382866185,-0.00722719955,-0.0445990623,-0.00977600429
4,41,0.640625,0.0625,-0.031454546,-0.00527843224,-0.0349388654,-0.00766465014,-0.0401571141,-0.0102999851
4,42,0.65625,0.0625,-0.0289818289,-0.00556632324,-0.0314195144,-0.00796242755,-0.0355156064,-0.010614201
4,43,0.671875,0.0625,-0.026394558,-0.00576679816,-0.0277889715,-0.00811115428,-0.0307613093,-0.0107079546
4,44,0.6875,0.0625,-0.0237317567,-0.00587415923,-0.0241108645,-0.00810550917,-0.0259845321,-0.0105774419
4,45,0.703125,0.0625,-0.0210344735,-0.0058848225,-0.0204504437,-0.00794456294,-0.0212766166,-0.0102261286
4,46,0.71875,0.0625,-0.0183448802,-0.0057975209,-0.0168728587,-0.00763194621,-0.0167272753,-0.00966479474
4,47,0.734375,0.0625,-0.0157052917,-0.00561343995,-0.0134413684,-0.00717583703,-0.0124218725,-0.00891122618
4,48,0.75,0.0625,-0.013157133,-0.00533628162,-0.0102155412,-0.00658876816,-0.00843876157,-0.00798956178
4,49,0.765625,0.0625,-0.0107398789,-0.00497225695,-0.00724950901,-0.00588726945,-0.00484679158,-0.00692933523
4,50,0.78125,0.0625,-0.00848999284,-0.00453001488,-0.00459033207,-0.00509137792,-0.00170309496,-0.005764287
4,51,0.796875,0.0625,-0.00643989019,-0.00402052102,-0.00227652439,-0.00422406458,0.000948755581,-0.00453105576
4,52,0.8125,0.0625,-0.00461694565,-0.00345690758,-0.000336775425,-0.00331064275,0.00308015982,-0.00326788833
4,53,0.828125,0.0625,-0.00304256041,-0.00285432232,0.00121111403,-0.00237823365,0.00467845352,-0.00201352808
4,54,0.84375,0.0625,-0.00173129678,-0.00222980959,0.00236108447,-0.00145537006,0.00574745053,-0.000806447085
4,55,0.859375,0.0625,-0.000690082244,-0.00160225996,0.00311948011,-0.000571812369,0.00630763715,0.000315429471
4,56,0.875,0.0625,8.25206219e-05,-0.000992462639,0.00350555534,0.000241371872,0.00639612734,0.00131440972
4,57,0.890625,0.0625,0.000596981242,-0.000423283653,0.00355185962,0.000951465667,0.00606649923,0.00215213829
4,58,0.90625,0.0625,0.000873401704,8.0037689e-05,0.0033045189,0.00152359528,0.00538861167,0.00278830426
4,59,0.921875,0.0625,0.000942034108,0.0004895455,0.00282340187,0.00192032772,0.0044484488,0.00317944311
4,60,0.9375,0.0625,0.000843692105,0.000774369778,0.00218214678,0.00210192648,0.00334800436,0.00327878939
4,61,0.953125,0.0625,0.000630085434,0.000901059749,0.00146812848,0.00202823337,0.00220534601,0.00303878649
4,62,0.96875,0.0625,0.000364348053,0.000835040106,0.00078291348,0.00166357998,0.00115565593,0.00241852066
4,63,0.984375,0.0625,0.000122738147,0.000543676043,0.00024507246,0.000986033543,0.000355930232,0.00139823985
4,64,1,0.0625,0,0,0,0,0,0
5,0,0,0.078125,0,0,0,0,0,0
5,1,0.015625,0.078125,-9.96912169e-05,0.000166660627,-0.000104016531,0.000104214367,-9.21130632e-05,-3.16203065e-05
5,2,0.03125,0.078125,-0.000433518994,0.000649953047,-0.000468928807,0.000604231968,-0.00044719596,0.000418912166
5,3,0.046875,0.078125,-0.00102292708,0.00131087316,-0.00112431287,0.00132607086,-0.00110861291,0.00114700245
5,4,0.0625,0.078125,-0.00187623028,0.00205123145,-0.00208061777,0.00214809595,-0.00209396847,0.00201049414
5,5,0.078125,0.078125,-0.00299054127,0.00280402843,-0.00333405104,0.00298925792,-0.00340373051,0.00291609312
5,6,0.09375,0.078125,-0.0043542236,0.00352574403,-0.00487107855,0.00379931376,-0.00502802929,0.00380771059
5,7,0.109375,0.078125,-0.00594937491,0.00419011822,-0.00667223907,0.00455055174,-0.00695171401,0.00465620633
5,8,0.125,0.078125,-0.00775406821,0.00478318257,-0.00871514884,0.00523088349,-0.00915784043,0.00545057222
5,9,0.140625,0.078125,-0.00974419873,0.00529936004,-0.0109766508,0.00583824185,-0.0116297659,0.00619068388
5,10,0.15625,0.078125,-0.0118948768,0.00573846247,-0.0134341422,0.00637619801,-0.0143520627,0.00688165433
5,11,0.171875,0.078125,-0.0141813757,0.00610342727,-0.0160661824,0.00685067667,-0.0173105019,0.00752970751
5,12,0.1875,0.078125,-0.0165796847,0.00639865397,-0.0188525241,0.00726762601,-0.0204913749,0.00813940241
5,13,0.203125,0.078125,-0.0190667404,0.0066288236,-0.0217737293,0.00763149245,-0.0238804163,0.0087119891
5,14,0.21875,0.078125,-0.021620412,0.00679810472,-0.0248105272,0.00794435116,-0.0274615533,0.00924465949
5,15,0.234375,0.078125,-0.024219319,0.00690966733,-0.0279430536,0.00820555212,-0.0312156666,0.00973046362
5,16,0.25,0.078125,-0.0268425468,0.00696544011,-0.0311500874,0.00841175314,-0.0351194979,0.0101586869
5,17,0.265625,0.078125,-0.0294693215,0.00696605691,-0.0344083725,0.00855722785,-0.0391447954,0.0105155213
5,18,0.28125,0.078125,-0.0320786904,0.00691094743,-0.0376920865,0.00863435451,-0.0432577502,0.0107849021
5,19,0.296875,0.078125,-0.034649247,0.00679853384,-0.0409724955,0.00863421072,-0.0474187499,0.0109494255
5,20,0.3125,0.078125,-0.0371589285,0.00662650074,-0.0442178137,0.0085472177,-0.0515824544,0.0109912879
5,21,0.328125,0.078125,-0.0395849046,0.00639211139,-0.0473932715,0.00836379413,-0.0556981839,0.0108932189
5,22,0.34375,0.078125,-0.041903567,0.00609254725,-0.0504613877,0.00807499272,-0.0597105996,0.010639388
5,23,0.359375,0.078125,-0.0440906249,0.00572525215,-0.0533824294,0.00767310199,-0.0635606482,0.010216272
5,24,0.375,0.078125,-0.0461213025,0.00528826593,-0.0561150408,0.00715220188,-0.0671867338,0.00961347159
5,25,0.390625,0.078125,-0.0479706331,0.00478053548,-0.0586170182,0.00650866391,-0.0705260768,0.00882445793
5,26,0.40625,0.078125,-0.0496138374,0.00420219365,-0.0608462037,0.00574158749,-0.0735162099,0.0078472295
5,27,0.421875,0.078125,-0.0510267746,0.00355479827,-0.0627614695,0.004853163,-0.076096562,0.00668485382
5,28,0.4375,0.078125,-0.0521864502,0.00284152526,-0.064323764,0.0038489507,-0.0782100792,0.00534586961
5,29,0.453125,0.078125,-0.0530715653,0.00206731047,-0.0654971869,0.00273806408,-0.0798048306,0.00384452535
5,30,0.46875,0.078125,-0.0536630887,0.00123893562,-0.0662500636,0.00153324581,-0.0808355548,0.00220083446
5,31,0.484375,0.078125,-0.0539448362,0.000365054525,-0.0665559852,0.000250825345,-0.0812651052,0.000440431664
5,32,0.5,0.078125,-0.0539040374,-0.000543843959,-0.0663947853,-0.00108945055,-0.0810657565,-0.00140577927
5,33,0.515625,0.078125,-0.0535318722,-0.00147553885,-0.0657534217,-0.00246472041,-0.0802203449,-0.00330219038
5,34,0.53125,0.078125,-0.0528239593,-0.00241624718,-0.0646267348,-0.00384944566,-0.0787232116,-0.00520926502
5,35,0.546875,0.078125,-0.0517807771,-0.00335086141,-0.0630180554,-0.00521598042,-0.076580927,-0.00708451572
5,36,0.5625,0.078125,-0.0504080011,-0.00426325187,-0.0609396352,-0.00653526532,-0.0738127689,-0.00888366917
5,37,0.578125,0.078125,-0.0487167399,-0.00513663003,-0.0584128782,-0.00777763117,-0.0704509305,-0.010561995
5,38,0.59375,0.078125,-0.0467236542,-0.00595396522,-0.0554683491,-0.00891369196,-0.0665404295,-0.0120757657
5,39,0.609375,0.078125,-0.0444509466,-0.00669844497,-0.0521455435,-0.00991530016,-0.0621386915,-0.0133838039
5,40,0.625,0.078125,-0.0419262109,-0.00735396598,-0.0484924046,-0.0107565312,-0.0573147801,-0.0144490625
5,41,0.640625,0.078125,-0.0391821324,-0.00790564008,-0.0445645792,-0.0114146582,-0.0521482538,-0.0152401707
5,42,0.65625,0.078125,-0.0362560375,-0.00834029741,-0.0404244122,-0.011871074,-0.0467276362,-0.0157328699
5,43,0.671875,0.078125,-0.0331892921,-0.00864696737,-0.0361396885,-0.0121121156,-0.0411485052,-0.0159112556
5,44,0.6875,0.078125,-0.0300265553,-0.00881731764,-0.0317821408,-0.0121297448,-0.0355112209,-0.0157687414
5,45,0.703125,0.078125,-0.0268148999,-0.00884603211,-0.027425754,-0.0119220465,-0.0299183414,-0.0153086673
5,46,0.71875,0.078125,-0.0236028162,-0.00873111111,-0.023144907,-0.0114935093,-0.0244717959,-0.0145444887
5,47,0.734375,0.078125,-0.0204391202,-0.00847408078,-0.0190124063,-0.0108550694,-0.0192699112,-0.0134995077
5,48,0.75,0.078125,-0.0173717917,-0.00808010433,-0.0150974709,-0.0100239111,-0.014404408,-0.0122061436
5,49,0.765625,0.078125,-0.0144467712,-0.00755799443,-0.011463736,-0.00902304131,-0.00995749373,-0.0107047786
5,50,0.78125,0.078125,-0.0117067448,-0.00692013425,-0.00816734136,-0.00788067129,-0.0059991812,-0.0090422642
5,51,0.796875,0.078125,-0.00918994652,-0.00618232347,-0.005255167,-0.00662946741,-0.00258495066,-0.00727021719
5,52,0.8125,0.078125,-0.00692900455,-0.00536357406,-0.00276326817,-0.00530574757,0.000246152082,-0.00544327864
5,53,0.828125,0.078125,-0.00494985547,-0.00448588918,-0.000715545592,-0.00394871776,0.00247292552,-0.0036175365
5,54,0.84375,0.078125,-0.0032707431,-0.00357406378,0.000877329812,-0.00259984752,0.00409291914,-0.00184932287
5,55,0.859375,0.078125,-0.00190131604,-0.00265554797,0.00201873767,-0.00130247397,0.00512287243,-0.000194575074
5,56,0.875,0.078125,-0.000841832542,-0.00176040922,0.0027266892,-0.000101693551,0.00559876328,0.00129111496
5,57,0.890625,0.078125,-8.2480649e-05,-0.000921414104,0.00303419305,0.000955460583,0.00557557197,0.00255176169
5,58,0.90625,0.078125,0.000397179302,-0.000174218651,0.0029894364,0.00181965897,0.00512688359,0.00352975238
5,59,0.921875,0.078125,0.000628647377,0.000442397643,0.00265582743,0.00243898696,0.0043444743,0.00416459191
5,60,0.9375,0.078125,0.000654817882,0.000886393269,0.00211200892,0.00275916928,0.00333811124,0.0043924364
5,61,0.953125,0.078125,0.000530333096,0.00111262794,0.00145214714,0.0027249204,0.0022360658,0.00414752159
5,62,0.96875,0.078125,0.000322303959,0.00107348919,0.000787259868,0.00228298842,0.0011874966,0.00336655318
5,63,0.984375,0.078125,0.000112173347,0.00071972746,0.000249202078,0.00138674527,0.000369097509,0.00199610637
5,64,1,0.078125,0,0,0,0,0,0
6,0,0,0.09375,0,0,0,0,0,0
6,1,0.015625,0.09375,-0.000155399798,0.000431595522,-0.000175248837,0.000398980532,-0.000177357291,0.000262663963
6,2,0.03125,0.09375,-0.000629192124,0.0011958811,-0.000718647276,0.00121985345,-0.000745443225,0.0010508052
6,3,0.046875,0.09375,-0.00142269891,0.00214425157,-0.00163349982,0.00227182204,-0.00171577988,0.0021343604
6,4,0.0625,0.09375,-0.00252962782,0.00316889986,-0.00291098278,0.0034196999,-0.00308264581,0.00335340264
6,5,0.078125,0.09375,-0.00393656542,0.00419459939,-0.00453339637,0.00457270936,-0.00482992881,0.00460368904
6,6,0.09375,0.09375,-0.00562428756,0.00517149469,-0.00647738335,0.00567440633,-0.00693653835,0.00582345148
6,7,0.109375,0.09375,-0.00756934509,0.00606893207,-0.00871667855,0.00669379267,-0.00938019919,0.00698156262
6,8,0.125,0.09375,-0.00974561515,0.00687029362,-0.0112242148,0.00761767675,-0.0121397487,0.00806729511
6,9,0.140625,0.09375,-0.0121256389,0.00756876852,-0.013973533,0.00844432145,-0.0151961573,0.00908185795
6,10,0.15625,0.09375,-0.0146816557,0.00816397331,-0.0169395251,0.00917836668,-0.0185325288,0.0100317777
6,11,0.171875,0.09375,-0.0173863082,0.00865931957,-0.0200985939,0.00982695806,-0.0221333564,0.0109240612
6,12,0.1875,0.09375,-0.0202130381,0.00906002524,-0.0234283553,0.0103969694,-0.0259833038,0.0117629678
6,13,0.203125,0.09375,-0.0231362174,0.00937167101,-0.0269070217,0.0108931779,-0.0300657585,0.0125481483
6,14,0.21875,0.09375,-0.0261310734,0.00959921187,-0.0305126067,0.0113172364,-0.0343613651,0.0132738756
6,15,0.234375,0.09375,-0.0291734719,0.00974636369,-0.0342220771,0.0116672826,-0.0388466979,0.0139290898
6,16,0.25,0.09375,-0.032239616,0.00981529405,-0.0380105556,0.0119380341,-0.043493185,0.0144980102
6,17,0.265625,0.09375,-0.0353057177,0.00980655501,-0.041850653,0.0121212299,-0.048266352,0.0149611043
6,18,0.28125,0.09375,-0.0383476844,0.0097192029,-0.0457119824,0.0122063005,-0.0531254199,0.0152962579
6,19,0.296875,0.09375,-0.041340861,0.00955105689,-0.049560888,0.0121811704,-0.0580232638,0.015480031
6,20,0.3125,0.09375,-0.0442598512,0.00929905452,-0.0533603979,0.012033119,-0.0629067213,0.0154889307
6,21,0.328125,0.09375,-0.0470784367,0.00895966775,-0.0570704004,0.0117496475,-0.0677172244,0.0153006531
6,22,0.34375,0.09375,-0.0497696054,0.00852934909,-0.0606480286,0.0113193157,-0.0723917192,0.0148952688
6,23,0.359375,0.09375,-0.052305687,0.00800498221,-0.0640482353,0.0107325238,-0.0768638288,0.0142563293
6,24,0.375,0.09375,-0.0546585961,0.00738431672,-0.0672245293,0.00998222337,-0.0810652094,0.0133718759
6,25,0.390625,0.09375,-0.0568001706,0.00666637064,-0.0701298476,0.00906454594,-0.0849270449,0.0122353273
6,26,0.40625,0.09375,-0.0587025953,0.00585178808,-0.0727175315,0.00797933794,-0.0883816246,0.0108462237
6,27,0.421875,0.09375,-0.0603388967,0.00494314242,-0.0749423752,0.00673059143,-0.0913639505,0.00921080312
6,28,0.4375,0.09375,-0.0616834911,0.00394517718,-0.0767617174,0.00532675936,-0.093813325,0.00734238725
6,29,0.453125,0.09375,-0.0627127715,0.00286497871,-0.0781365433,0.00378094388,-0.0956748797,0.0052615593
6,30,0.46875,0.09375,-0.0634057153,0.00171207534,-0.0790325712,0.00211094638,-0.0969010115,0.00299612082
6,31,0.484375,0.09375,-0.0637444942,0.000498458789,-0.0794212921,0.000339169598,-0.0974527035,0.000580819252
6,32,0.5,0.09375,-0.0637150709,-0.000761475934,-0.0792809415,-0.00150763588,-0.0973007148,-0.00194315738
6,33,0.515625,0.09375,-0.0633077627,-0.00205107461,-0.078597375,-0.00339878513,-0.0964266278,-0.00452891824
6,34,0.53125,0.09375,-0.0625177554,-0.00335165345,-0.077364828,-0.00530023302,-0.0948237415,-0.00712483627
6,35,0.546875,0.09375,-0.0613455489,-0.00464281373,-0.0755865351,-0.00717530492,-0.0924977999,-0.00967573629
6,36,0.5625,0.09375,-0.0597973174,-0.00590283888,-0.0732751879,-0.00898557462,-0.0894675355,-0.0121242926
6,37,0.578125,0.09375,-0.0578851676,-0.00710916848,-0.0704532093,-0.010691874,-0.0857650021,-0.0144126171
6,38,0.59375,0.09375,-0.0556272779,-0.00823894066,-0.0671528196,-0.0122554121,-0.0814356628,-0.01648401
6,39,0.609375,0.09375,-0.0530479044,-0.00926959058,-0.0634158758,-0.0136389742,-0.0765381911,-0.018284832
6,40,0.625,0.09375,-0.050177242,-0.0101794895,-0.0592934604,-0.0148081639,-0.0711439385,-0.019766442
6,41,0.640625,0.09375,-0.0470511294,-0.0109486056,-0.0548452058,-0.0157326426,-0.0653360241,-0.020887129
6,42,0.65625,0.09375,-0.0437105938,-0.0115591635,-0.0501383412,-0.0163873183,-0.0592080075,-0.0216139496
6,43,0.671875,0.09375,-0.0402012314,-0.0119962804,-0.0452464619,-0.0167534256,-0.052862122,-0.0219243699
6,44,0.6875,0.09375,-0.0365724284,-0.0122485515,-0.0402480279,-0.0168194436,-0.0464070673,-0.0218076056
6,45,0.703125,0.09375,-0.0328764319,-0.0123085616,-0.0352246146,-0.0165817968,-0.0399553882,-0.0212655536
6,46,0.71875,0.09375,-0.0291672831,-0.0121733006,-0.0302589514,-0.0160452939,-0.033620501,-0.020313225
6,47,0.734375,0.09375,-0.0254996368,-0.0118444645,-0.025432799,-0.0152232731,-0.0275134593,-0.0189786141
6,48,0.75,0.09375,-0.0219274902,-0.0113286306,-0.0208247278,-0.0141374384,-0.021739585,-0.0173019792
6,49,0.765625,0.09375,-0.0185028534,-0.0106373038,-0.0165078723,-0.012817399,-0.0163951078,-0.015334562
6,50,0.78125,0.09375,-0.0152743945,-0.00978683957,-0.0125477374,-0.011299947,-0.0115639705,-0.0131368301
6,51,0.796875,0.09375,-0.012286093,-0.00879826131,-0.00900013493,-0.00962813778,-0.00731494979,-0.010776389
6,52,0.8125,0.09375,-0.00957593643,-0.00769699864,-0.00590932053,-0.00785026416,-0.00369922424,-0.00832576451
6,53,0.828125,0.09375,-0.00717469099,-0.00651258377,-0.00330638809,-0.00601883163,-0.000748484504,-0.00586029514
6,54,0.84375,0.09375,-0.00510477413,-0.00527834902,-0.00120796067,-0.00418965332,0.00152636505,-0.00345639399
6,55,0.859375,0.09375,-0.00337925168,-0.00403117052,0.000384802669,-0.00242117176,0.00313591629,-0.00119041466
6,56,0.875,0.09375,-0.00200097801,-0.00281129803,0.00148688679,-0.000774083501,0.00411243574,0.000861710179
6,57,0.890625,0.09375,-0.000961891806,-0.0016622955,0.00212981216,0.000688718467,0.00450961915,0.00262401797
6,58,0.90625,0.09375,-0.000242472244,-0.000631090337,0.00236179041,0.00190196089,0.00440208302,0.00401940193
6,59,0.921875,0.09375,0.000188656949,0.00023190692,0.00224774212,0.0027977552,0.00388482557,0.00496821547
6,60,0.9375,0.09375,0.000375027654,0.000872684059,0.00186936707,0.00330560678,0.00307302159,0.00538719789
6,61,0.953125,0.09375,0.00037266569,0.00123357367,0.00132563531,0.00335298242,0.00210276748,0.00518940113
6,62,0.96875,0.09375,0.00025073901,0.00125319985,0.000734364213,0.00286652503,0.00113381513,0.00428548894
6,63,0.984375,0.09375,9.29413117e-05,0.000865980002,0.000235900586,0.00177329341,0.000355848704,0.00258573645
6,64,1,0.09375,0,0,0,0,0,0
7,0,0,0.109375,0,0,0,0,0,0
7,1,0.015625,0.109375,-0.000211478891,0.00079585275,-0.000249862362,0.000822861643,-0.000269944896,0.000713822919
7,2,0.03125,0.109375,-0.000828579505,0.00191725215,-0.000982341755,0.00206248295,-0.00107074596,0.00195733476
7,3,0.046875,0.109375,-0.00183242169,0.00321130886,-0.00217275475,0.00351840636,-0.00237804608,0.00348420504
7,4,0.0625,0.109375,-0.00320102089,0.00456509797,-0.00379066912,0.0050479925,-0.00415885209,0.00512464307
7,5,0.078125,0.109375,-0.00490908038,0.00589868817,-0.00580225579,0.00655565849,-0.00637726682,0.00676998566
7,6,0.09375,0.109375,-0.00692852193,0.00715852371,-0.00817251222,0.00798259595,-0.008998621,0.00835798097
7,7,0.109375,0.109375,-0.00922934299,0.0083114458,-0.0108670356,0.00929738314,-0.0119919251,0.00985941671
7,8,0.125,0.109375,-0.0117805371,0.00933947638,-0.0138532213,0.0104877379,-0.0153308381,0.0112665303
7,9,0.140625,0.109375,-0.0145509148,0.0102354005,-0.0171008708,0.0115535522,-0.0189934552,0.012583464
7,10,0.15625,0.109375,-0.0175097341,0.0109991317,-0.0205822584,0.0125012589,-0.0229612423,0.0138188535
7,11,0.171875,0.109375,-0.0206271044,0.0116348098,-0.02427175,0.0133395069,-0.0272174334,0.0149804825
7,12,0.1875,0.109375,-0.0238741644,0.0121485632,-0.0281450918,0.0140760538,-0.0317451774,0.0160718045
7,13,0.203125,0.109375,-0.0272230625,0.0125468589,-0.0321784986,0.0147157438,-0.0365256706,0.0170900503
7,14,0.21875,0.109375,-0.0306467829,0.0128353592,-0.0363476652,0.0152594066,-0.0415364603,0.0180255989
7,15,0.234375,0.109375,-0.0341188649,0.01301821,-0.0406268113,0.0157035011,-0.0467500473,0.0188622836
7,16,0.25,0.109375,-0.0376130694,0.0130976859,-0.0449878475,0.016040329,-0.0521328643,0.0195783411
7,17,0.265625,0.109375,-0.0411030357,0.0130741252,-0.0493997253,0.0162586546,-0.0576446661,0.0201477562
7,18,0.28125,0.109375,-0.044561973,0.0129460908,-0.0538280114,0.0163445895,-0.0632383334,0.0205418139
7,19,0.296875,0.109375,-0.0479624168,0.0127107006,-0.0582347025,0.0162826263,-0.0688600724,0.0207307269
7,20,0.3125,0.109375,-0.0512760759,0.0123640764,-0.0625782823,0.0160567301,-0.0744499723,0.0206852485
7,21,0.328125,0.109375,-0.0544737833,0.0119018656,-0.0668140063,0.0156514248,-0.0799428755,0.0203782169
7,22,0.34375,0.109375,-0.0575255592,0.0113197976,-0.0708943945,0.0150528276,-0.0852695047,0.0197859924
7,23,0.359375,0.109375,-0.0604007858,0.0106142429,-0.074769902,0.0142496026,-0.0903577877,0.0188897622
7,24,0.375,0.109375,-0.0630684862,0.00978274948,-0.0783897374,0.0132338142,-0.0951343174,0.0176766877
7,25,0.390625,0.109375,-0.0654976993,0.00882453465,-0.0817027963,0.0120016661,-0.0995258864,0.0161408732
7,26,0.40625,0.109375,-0.0676579361,0.00774091976,-0.0846586774,0.0105541151,-0.103461039,0.0142841351
7,27,0.421875,0.109375,-0.0695197036,0.00653569402,-0.0872087498,0.00889734886,-0.106871594,0.0121165542
7,28,0.4375,0.109375,-0.0710550792,0.00521540012,-0.0893072426,0.0070431188,-0.109694102,0.00965679887
7,29,0.453125,0.109375,-0.0722383206,0.00378953471,-0.0909123321,0.00500891788,-0.111871212,0.00693221188
7,30,0.46875,0.109375,-0.0730464945,0.00227065828,-0.0919872007,0.00281799455,-0.113352944,0.00397865821
7,31,0.484375,0.109375,-0.0734601078,0.000674410131,-0.092501051,0.000499195648,-0.114097848,0.000840134952
7,32,0.5,0.109375,-0.0734637238,-0.000980575415,-0.0924300551,-0.00191336765,-0.114074083,-0.002431855
7,33,0.515625,0.109375,-0.0730465487,-0.00267285432,-0.0917582234,-0.00438083388,-0.113260399,-0.00577916374
7,34,0.53125,0.109375,-0.0722029699,-0.00437846108,-0.0904781775,-0.00686028558,-0.11164703,-0.00913809285
7,35,0.546875,0.109375,-0.0709330299,-0.00607129948,-0.0885918082,-0.00930562047,-0.10923651,-0.0124407216
7,36,0.5625,0.109375,-0.0692428177,-0.00772363311,-0.0861108006,-0.0116685911,-0.106044368,-0.015616467
7,37,0.578125,0.109375,-0.0671447619,-0.00930666948,-0.0830570015,-0.0138999995,-0.102099696,-0.0185938677
7,38,0.59375,0.109375,-0.0646578067,-0.0107912284,-0.0794626042,-0.0159510255,-0.097445525,-0.0213025767
7,39,0.609375,0.109375,-0.061807456,-0.0121484809,-0.0753701195,-0.0177746593,-0.09213896,-0.0236755282
7,40,0.625,0.109375,-0.0586256702,-0.013350741,-0.0708321054,-0.0193272012,-0.0862509979,-0.0256512295
7,41,0.640625,0.109375,-0.0551506026,-0.0143722882,-0.0659106237,-0.0205697774,-0.079865956,-0.0271761017
7,42,0.65625,0.109375,-0.0514261654,-0.0151901955,-0.0606764009,-0.0214698179,-0.0730804428,-0.028206772
7,43,0.671875,0.109375,-0.0475014202,-0.0157851328,-0.0552076762,-0.0220024289,-0.0660018148,-0.0287121957
7,44,0.6875,0.109375,-0.0434297917,-0.0161421171,-0.0495887328,-0.0221515921,-0.0587460895,-0.0286754751
7,45,0.703125,0.109375,-0.03926811,-0.0162511774,-0.0439081236,-0.0219111229,-0.0514353201,-0.0280952336
7,46,0.71875,0.109375,-0.0350754936,-0.0161079061,-0.0382566208,-0.021285325,-0.0441944765,-0.0269864177
7,47,0.734375,0.109375,-0.0309120934,-0.0157138737,-0.032724938,-0.020289293,-0.0371479251,-0.0253804237
7,48,0.75,0.109375,-0.026837722,-0.0150768877,-0.0274012908,-0.0189488378,-0.030415641,-0.0233244951
7,49,0.765625,0.109375,-0.0229104043,-0.0142110901,-0.0223688789,-0.0173000316,-0.0241093219,-0.0208803931
7,50,0.78125,0.109375,-0.0191848829,-0.0131368947,-0.0177033816,-0.0153884087,-0.0183285948,-0.0181224222
7,51,0.796875,0.109375,-0.0157111231,-0.0118807816,-0.0134705614,-0.0132678843,-0.0131575095,-0.0151349635
7,52,0.8125,0.109375,-0.0125328559,-0.0104749761,-0.00972406933,-0.0109994944,-0.00866149529,-0.0120097439
7,53,0.828125,0.109375,-0.00968620168,-0.00895705149,-0.00650353043,-0.00865007763,-0.00488492424,-0.00884312579
7,54,0.84375,0.109375,-0.00719840926,-0.0073695031,-0.00383296976,-0.00629103828,-0.00184936779,-0.00573372366
7,55,0.859375,0.109375,-0.00508674458,-0.00575934409,-0.00171961568,-0.00399732142,0.000447426161,-0.00278064577
7,56,0.875,0.109375,-0.00335755181,-0.00417776909,-0.000153085619,-0.00184670304,0.00203188056,-8.25879041e-05
7,57,0.890625,0.109375,-0.00200550399,-0.00267991987,0.000895073291,8.05569702e-05,0.00295437765,0.0022621144
7,58,0.90625,0.109375,-0.00101304548,-0.00132476741,0.00147155924,0.00170172902,0.00328868341,0.00415454596
7,59,0.921875,0.109375,-0.000350007526,-0.000175102255,0.00164133449,0.0029314103,0.00313129571,0.00549365335
7,60,0.9375,0.109375,2.66562488e-05,0.000702384528,0.0014877004,0.00368127609,0.00260112654,0.00617449449
7,61,0.953125,0.109375,0.000173118482,0.00123691658,0.0011127591,0.00385992325,0.00184009009,0.00608672805
7,62,0.96875,0.109375,0.000159066096,0.00135321357,0.000638718289,0.00337272314,0.00101533623,0.00511347196
7,63,0.984375,0.109375,6.83745324e-05,0.00097046647,0.000210526183,0.00212110949,0.000323892334,0.0031299215
7,64,1,0.109375,0,0,0,0,0,0
8,0,0,0.125,0,0,0,0,0,0
8,1,0.015625,0.125,-0.000267123565,0.00126017503,-0.000326605499,0.00138132229,-0.000368117361,0.00133340993
8,2,0.03125,0.125,-0.00102817676,0.0028168239,-0.00125492708,0.00314274583,-0.00141624046,0.00315890639
8,3,0.046875,0.125,-0.00224459648,0.00451669296,-0.00273141339,0.0050801494,-0.00308117766,0.00522246652
8,4,0.0625,0.125,-0.00387836531,0.00624555855,-0.00470259861,0.00704920094,-0.005299779,0.00735262338
8,5,0.078125,0.125,-0.00589157243,0.00792210042,-0.00711703757,0.00895455246,-0.00801398365,0.00944345795
8,6,0.09375,0.125,-0.00824646577,0.0094917573,-0.00992678448,0.0107391861,-0.0111737785,0.0114381097
8,7,0.109375,0.125,-0.010905755,0.0109209473,-0.013088297,0.0123745017,-0.0147382601,0.0133137797
8,8,0.125,0.125,-0.0138329895,0.0121918654,-0.0165627529,0.0138515119,-0.0186751689,0.0150688252
8,9,0.140625,0.125,-0.0169928932,0.0132979655,-0.0203158334,0.0151733586,-0.0229593274,0.0167122622
8,10,0.15625,0.125,-0.0203515857,0.0142401629,-0.024317067,0.0163492459,-0.0275703994,0.018255756
8,11,0.171875,0.125,-0.0238766582,0.0150237498,-0.0285388485,0.0173897914,-0.0324903455,0.0197079964
8,12,0.1875,0.125,-0.0275370996,0.0156559833,-0.0329552622,0.018303718,-0.0377008795,0.0210712049
8,13,0.203125,0.125,-0.0313030913,0.0161442895,-0.0375408302,0.0190957513,-0.0431811572,0.0223394311
8,14,0.21875,0.125,-0.0351457021,0.0164950143,-0.0422693015,0.0197655491,-0.048905855,0.0234982523
8,15,0.234375,0.125,-0.039036522,0.0167126502,-0.0471125744,0.0203074649,-0.054843726,0.0245254939
8,16,0.25,0.125,-0.0429472749,0.0167994648,-0.0520398199,0.0207109481,-0.0609566676,0.025392629
8,17,0.265625,0.125,-0.0468494516,0.0167554586,-0.057016853,0.0209613938,-0.0671992923,0.0260665734
8,18,0.28125,0.125,-0.0507139953,0.016578584,-0.0620057706,0.0210412778,-0.0735189655,0.0265116642
8,19,0.296875,0.125,-0.0545110681,0.0162651598,-0.0669648563,0.0209314413,-0.079856255,0.0266916699
8,20,0.3125,0.125,-0.0582099181,0.015810421,-0.0718487398,0.0206124227,-0.0861457291,0.0265717338
8,21,0.328125,0.125,-0.0617788573,0.0152091511,-0.0766087821,0.0200657597,-0.0923170316,0.0261201855
8,22,0.34375,0.125,-0.0651853546,0.0144563517,-0.0811936585,0.0192752115,-0.098296161,0.0253101809
8,23,0.359375,0.125,-0.0683962395,0.0135479092,-0.0855501005,0.0182278667,-0.104006881,0.024121142
8,24,0.375,0.125,-0.0713780096,0.0124812302,-0.0896237623,0.0169151177,-0.109372198,0.0225399747
8,25,0.390625,0.125,-0.0740972301,0.0112558206,-0.0933601777,0.015333486,-0.114315832,0.0205620489
8,26,0.40625,0.125,-0.0765210097,0.00987379244,-0.0967057739,0.0134852914,-0.118763657,0.0181919312
8,27,0.421875,0.125,-0.0786175416,0.00834028547,-0.0996089147,0.0113791566,-0.12264505,0.0154438659
8,28,0.4375,0.125,-0.0803566915,0.0066637941,-0.10202095,0.00903034168,-0.125894154,0.0123420057
8,29,0.453125,0.125,-0.0817106191,0.00485639406,-0.103897251,0.00646090191,-0.128451035,0.00892040109
8,30,0.46875,0.125,-0.0826544187,0.00293386257,-0.105198224,0.0036996653,-0.130262774,0.00522275591
8,31,0.484375,0.125,-0.0831667629,0.000915688014,-0.105890276,0.000782024027,-0.131284472,0.00130195878
8,32,0.5,0.125,-0.0832305367,-0.00117503508,-0.105946745,-0.00225046343,-0.131480243,-0.0027806063
8,33,0.515625,0.125,-0.0828334447,-0.00331182848,-0.105348776,-0.00535066273,-0.130824168,-0.00695597117
8,34,0.53125,0.125,-0.081968578,-0.00546517223,-0.104086122,-0.00846664829,-0.129301263,-0.0111487249
8,35,0.546875,0.125,-0.0806349237,-0.00760296589,-0.102157884,-0.0115426819,-0.126908429,-0.0152783983
8,36,0.5625,0.125,-0.0788378003,-0.00969110684,-0.0995731443,-0.0145203813,-0.123655391,-0.0192611066
8,37,0.578125,0.125,-0.0765892019,-0.0116941796,-0.0963514843,-0.0173400704,-0.119565567,-0.0230114603
8,38,0.59375,0.125,-0.0739080319,-0.0135762466,-0.0925233434,-0.0199422941,-0.114676827,-0.026444746
8,39,0.609375,0.125,-0.0708202095,-0.015301727,-0.0881301903,-0.022269473,-0.109042048,-0.0294793591
8,40,0.625,0.125,-0.067358629,-0.0168363429,-0.0832244563,-0.0242676597,-0.10272938,-0.032039446
8,41,0.640625,0.125,-0.063562956,-0.0181481104,-0.0778691898,-0.0258883471,-0.0958221122,-0.0340576841
8,42,0.65625,0.125,-0.0594792447,-0.0192083459,-0.0721373898,-0.0270902658,-0.0884180443,-0.0354780908
8,43,0.671875,0.125,-0.0551593654,-0.0199926541,-0.0661109854,-0.0278410937,-0.0806282586,-0.0362587233
8,44,0.6875,0.125,-0.0506602361,-0.0204818617,-0.0598794402,-0.0281189962,-0.0725752354,-0.0363741003
8,45,0.703125,0.125,-0.0460428581,-0.0206628597,-0.0535379811,-0.0279139087,-0.0643902791,-0.0358171666
8,46,0.71875,0.125,-0.0413711641,-0.0205293172,-0.0471854705,-0.0272284795,-0.0562102791,-0.0346006199
8,47,0.734375,0.125,-0.0367106966,-0.020082236,-0.0409219677,-0.0260786032,-0.0481738908,-0.0327574496
8,48,0.75,0.125,-0.032127142,-0.0193303196,-0.0348460505,-0.0244934975,-0.0404172759,-0.0303405825
8,49,0.765625,0.125,-0.0276847564,-0.0182901429,-0.0290519885,-0.0225153082,-0.0330696021,-0.0274216082
8,50,0.78125,0.125,-0.0234447257,-0.0169861208,-0.0236268789,-0.0201982645,-0.0262485339,-0.0240886425
8,51,0.796875,0.125,-0.0194635073,-0.0154502883,-0.0186478627,-0.01760745,-0.0200559658,-0.0204434886
8,52,0.8125,0.125,-0.0157912049,-0.01372192,-0.014179539,-0.0148172951,-0.0145742354,-0.0165983498
8,53,0.828125,0.125,-0.012470026,-0.0118470305,-0.010271684,-0.0119099312,-0.00986301789,-0.0126724226
8,54,0.84375,0.125,-0.00953286941,-0.00987780612,-0.0069573592,-0.00897356807,-0.00595703878,-0.00878874439
8,55,0.859375,0.125,-0.00700208323,-0.00787202798,-0.00425146225,-0.0061010559,-0.00286466481,-0.00507166301
8,56,0.875,0.125,-0.00488842523,-0.00589253862,-0.002149737,-0.00338877247,-0.000567340009,-0.00164524131
8,57,0.890625,0.125,-0.00319024478,-0.00400680182,-0.000628213641,-0.000935926396,0.000980258056,0.00136721512
8,58,0.90625,0.125,-0.00189289069,-0.0022865868,0.000357000582,0.0011556997,0.00184956331,0.00384248387
8,59,0.921875,0.125,-0.000968328415,-0.000807794806,0.000869717293,0.00278161405,0.00213728305,0.00565577234
8,60,0.9375,0.125,-0.000374925968,0.000349558051,0.000993650146,0.00383418216,0.00196478163,0.00667840351
8,61,0.953125,0.125,-5.7346583e-05,0.00110116383,0.000832641254,0.00420196454,0.00147815501,0.00677519144
8,62,0.96875,0.125,5.3511731e-05,0.0013579438,0.000511395599,0.00376875795,0.000849444241,0.0058016867
8,63,0.984375,0.125,4.05155394e-05,0.0010250461,0.000176862203,0.0024120117,0.000279203663,0.00360107268
8,64,1,0.125,0,0,0,0,0,0
9,0,0,0.140625,0,0,0,0,0,0
9,1,0.015625,0.140625,-0.00032192853,0.00182402951,-0.000404649823,0.00207778873,-0.000470549675,0.00213006338
9,2,0.03125,0.140625,-0.00122590681,0.00389472507,-0.00153278282,0.00446729084,-0.00177649659,0.00467039506
9,3,0.046875,0.140625,-0.00265438717,0.00606149741,-0.00330147836,0.0069660779,-0.00381346633,0.00736774359
9,4,0.0625,0.140625,-0.0045534034,0.00821207392,-0.00563340924,0.00943361668,-0.00648605161,0.0100574491
9,5,0.078125,0.140625,-0.00687214806,0.0102667886,-0.00845860561,0.0117798444,-0.00971236008,0.0126439852
9,6,0.09375,0.140625,-0.00956275177,0.0121727063,-0.0117153516,0.0139538554,-0.0134258311,0.0150822574
9,7,0.109375,0.140625,-0.0125801758,0.0138979696,-0.0153503062,0.0159333515,-0.0175748494,0.0173608071
9,8,0.125,0.140625,-0.0158821365,0.0154266145,-0.0193179708,0.0177152744,-0.0221207545,0.0194875977
9,9,0.140625,0.140625,-0.0194290011,0.0167539967,-0.023579647,0.0193078663,-0.0270348381,0.0214786944
9,10,0.15625,0.140625,-0.0231836158,0.0178828968,-0.0281020367,0.020724274,-0.032294856,0.0233498716
9,11,0.171875,0.140625,-0.0271110491,0.0188203237,-0.0328556326,0.0219777021,-0.0378814929,0.0251109626
9,12,0.1875,0.140625,-0.0311782513,0.0195749963,-0.0378130443,0.0230780354,-0.0437751068,0.0267626161
9,13,0.203125,0.140625,-0.0353536431,0.0201554614,-0.0429473834,0.0240297832,-0.0499529773,0.0282950259
9,14,0.21875,0.140625,-0.0396066591,0.0205687899,-0.0482308117,0.0248311508,-0.0563871792,0.0296881677
9,15,0.234375,0.140625,-0.0439072754,0.0208197827,-0.0536333313,0.0254740194,-0.0630431219,0.0309130961
9,16,0.25,0.140625,-0.0482255547,0.0209106155,-0.0591218624,0.0259446076,-0.0698787364,0.0319339074
9,17,0.265625,0.140625,-0.0525312401,0.0208408456,-0.064659634,0.0262246053,-0.0768442491,0.0327100541
9,18,0.28125,0.140625,-0.056793425,0.0206077073,-0.0702058837,0.0262925929,-0.0838824592,0.0331987766
9,19,0.296875,0.140625,-0.0609803204,0.0202066234,-0.0757158488,0.0261255955,-0.0909294278,0.0333574905
9,20,0.3125,0.140625,-0.0650591339,0.0196318657,-0.0811410162,0.0257006558,-0.097915482,0.0331460251
9,21,0.328125,0.140625,-0.0689960655,0.0188773021,-0.0864295922,0.0249963436,-0.104766441,0.0325286487
9,22,0.34375,0.140625,-0.0727564211,0.0179371797,-0.0915271499,0.023994146,-0.111404977,0.0314758422
9,23,0.359375,0.140625,-0.0763048358,0.016806898,-0.0963774123,0.0226797063,-0.117752033,0.0299657988
9,24,0.375,0.140625,-0.0796055984,0.0154837401,-0.100923131,0.0210438914,-0.123728221,0.0279856381
9,25,0.390625,0.140625,-0.0826230629,0.0139675347,-0.105107028,0.0190836778,-0.129255168,0.0255323326
9,26,0.40625,0.140625,-0.0853221338,0.0122612313,-0.108872767,0.0168028521,-0.134256758,0.0226133537
9,27,0.421875,0.140625,-0.0876688111,0.0103713758,-0.112165939,0.0142125248,-0.13866027,0.0192470508
9,28,0.4375,0.140625,-0.0896307823,0.00830847763,-0.114935037,0.0113314556,-0.142397405,0.0154627838
9,29,0.453125,0.140625,-0.0911780462,0.00608726189,-0.117132423,0.00818619201,-0.145405247,0.0113008318
9,30,0.46875,0.140625,-0.0922835579,0.00372680208,-0.118715274,0.00481101864,-0.147627162,0.00681209487
9,31,0.484375,0.140625,-0.0929238816,0.00125052816,-0.119646504,0.00124771706,-0.149013692,0.00205760421
9,32,0.5,0.140625,-0.0930798395,-0.00131389367,-0.11989568,-0.00245486759,-0.149523483,-0.00289215877
9,33,0.515625,0.140625,-0.0927371424,-0.00393481307,-0.119439914,-0.0062414577,-0.149124257,-0.00795814334
9,34,0.53125,0.140625,-0.0918869904,-0.00657698208,-0.118264731,-0.0100511777,-0.147793875,-0.0130538318
9,35,0.546875,0.140625,-0.0905266282,-0.0092020771,-0.116364917,-0.0138185977,-0.14552147,-0.018086594
9,36,0.5625,0.140625,-0.0886598381,-0.0117693549,-0.113745302,-0.0174749903,-0.142308647,-0.0229593296
9,37,0.578125,0.140625,-0.0862973539,-0.0142364379,-0.110421478,-0.0209498004,-0.138170702,-0.0275724317
9,38,0.59375,0.140625,-0.0834571762,-0.0165602208,-0.106420387,-0.0241723195,-0.133137798,-0.0318260953
9,39,0.609375,0.140625,-0.0801647665,-0.0186978838,-0.101780748,-0.0270735465,-0.127256006,-0.0356229752
9,40,0.625,0.140625,-0.0764530992,-0.0206079944,-0.0965532594,-0.0295882017,-0.120588101,-0.0388711654
9,41,0.640625,0.140625,-0.0723625486,-0.0222516725,-0.0908005133,-0.0316568439,-0.113213964,-0.0414874373
9,42,0.65625,0.140625,-0.0679405887,-0.0235937861,-0.0845965659,-0.0332280223,-0.105230471,-0.0434006256
9,43,0.671875,0.140625,-0.0632412889,-0.0246041414,-0.0780261077,-0.0342603785,-0.0967507165,-0.0445550046
9,44,0.6875,0.140625,-0.0583245899,-0.0252586245,-0.071183193,-0.0347245964,-0.087902455,-0.0449134546
9,45,0.703125,0.140625,-0.0532553564,-0.0255402494,-0.06416951,-0.0346050927,-0.0788256929,-0.04446019
9,46,0.71875,0.140625,-0.0481022059,-0.0254400676,-0.0570921976,-0.0339013384,-0.0696694109,-0.043202806
9,47,0.734375,0.140625,-0.0429361309,-0.0249578958,-0.0500612488,-0.032628713,-0.0605874778,-0.041173427
9,48,0.75,0.140625,-0.0378289377,-0.0241028279,-0.0431865718,-0.030818817,-0.0517338967,-0.0384287838
9,49,0.765625,0.140625,-0.0328515406,-0.0228935064,-0.0365748138,-0.0285192032,-0.0432576062,-0.035049135
9,50,0.78125,0.140625,-0.0280721596,-0.0213581437,-0.0303260762,-0.0257925345,-0.0352971187,-0.0311360585
9,51,0.796875,0.140625,-0.0235544776,-0.0195343024,-0.0245306683,-0.0227152243,-0.0279753172,-0.026809262
9,52,0.8125,0.140625,-0.0193558184,-0.0174684574,-0.0192660471,-0.0193756731,-0.0213947301,-0.0222026919
9,53,0.828125,0.140625,-0.0155254086,-0.015215387,-0.0145940859,-0.0158722574,-0.0156335664,-0.0174603224
9,54,0.84375,0.140625,-0.0121027808,-0.0128374459,-0.0105587842,-0.01231126,-0.0107427186,-0.0127320767
9,55,0.859375,0.140625,-0.00911637003,-0.0104037883,-0.0071844981,-0.00880494362,-0.00674384098,-0.00817034454
9,56,0.875,0.140625,-0.00658234324,-0.00798960754,-0.0044747221,-0.00546995165,-0.00362849414,-0.00392751077
9,57,0.890625,0.140625,-0.00450368704,-0.00567545441,-0.00241139768,-0.00242618062,-0.00135822468,-0.00015478892
9,58,0.90625,0.140625,-0.00286956202,-0.00354668377,-0.000954669124,0.000203798081,0.000134660153,0.00299752097
9,59,0.921875,0.140625,-0.00165491424,-0.00169306698,-4.29504493e-05,0.00229476073,0.000945958179,0.00537843503
9,60,0.9375,0.140625,-0.000820318481,-0.000208597304,0.000406875193,0.00371835213,0.00119846874,0.00683362253
9,61,0.953125,0.140625,-0.000312024907,0.000808478886,0.00049931421,0.0043421778,0.0010413003,0.00720206544
9,62,0.96875,0.140625,-6.22062389e-05,0.00125535145,0.000360315343,0.00402850219,0.000649836425,0.00631242331
9,63,0.984375,0.140625,1.05137111e-05,0.0010239782,0.000137475492,0.00263250508,0.000226270668,0.00397936574
9,64,1,0.140625,0,0,0,0,0,0
10,0,0,0.15625,0,0,0,0,0,0
10,1,0.015625,0.15625,-0.000375643509,0.00248608183,-0.000483296748,0.0029141051,-0.000575994239,0.00310990651
10,2,0.03125,0.15625,-0.00142037828,0.00514928254,-0.00181289702,0.00603957436,-0.00214652939,0.00650182305
10,3,0.046875,0.15625,-0.00305838084,0.00784418955,-0.00387622088,0.00918077582,-0.00456416503,0.00993202154
10,4,0.0625,0.15625,-0.00522005237,0.0104633194,-0.0065716655,0.0122063282,-0.00769976735,0.0132515171
10,5,0.078125,0.15625,-0.00784171406,0.0129314488,-0.0098102787,0.0150364949,-0.0114465538,0.0163832375
10,6,0.09375,0.15625,-0.0108652327,0.015199785,-0.0135161493,0.0176308867,-0.0157207152,0.019300599
10,7,0.109375,0.15625,-0.0142376048,0.017240332,-0.017625795,0.0199771209,-0.0204594992,0.022008703
10,8,0.125,0.15625,-0.0179105031,0.0190406908,-0.0220868074,0.0220808528,-0.0256176109,0.0245288139
10,9,0.140625,0.15625,-0.0218397813,0.0205994448,-0.0268559925,0.0239574245,-0.0311627005,0.0268863637
10,10,0.15625,0.15625,-0.025984936,0.0219222109,-0.0318972221,0.0256252314,-0.0370705835,0.0291024108
10,11,0.171875,0.15625,-0.030308528,0.0230183853,-0.0371791868,0.0271007991,-0.043320696,0.0311882471
10,12,0.1875,0.15625,-0.0347755727,0.0238985774,-0.0426732137,0.0283954688,-0.0498921351,0.0331426894
10,13,0.203125,0.15625,-0.0393529139,0.0245726973,-0.0483512775,0.0295135187,-0.0567604884,0.0349515036
10,14,0.21875,0.15625,-0.0440086043,0.0250486466,-0.0541843032,0.0304514971,-0.063895535,0.0365883968
10,15,0.234375,0.15625,-0.0487113132,0.0253315458,-0.0601408191,0.0311985155,-0.0712598003,0.0380170511
10,16,0.25,0.15625,-0.053429791,0.0254234295,-0.0661859876,0.0317372507,-0.0788078856,0.0391937562
10,17,0.265625,0.15625,-0.0581324111,0.0253233288,-0.0722810118,0.0320454151,-0.0864864512,0.0400702963
10,18,0.28125,0.15625,-0.0627868136,0.0250276644,-0.0783828917,0.0320974926,-0.0942347236,0.040596843
10,19,0.296875,0.15625,-0.0673596613,0.0245308688,-0.0844444899,0.0318665738,-0.101985391,0.0407246927
10,20,0.3125,0.15625,-0.0718165209,0.0238261661,-0.0904148553,0.0313261661,-0.109665762,0.040408747
10,21,0.328125,0.15625,-0.0761218653,0.0229064382,-0.0962397538,0.0304518934,-0.117199081,0.039609681
10,22,0.34375,0.15625,-0.080239197,0.0217651219,-0.101862352,0.0292230316,-0.124505894,0.0382957726
10,23,0.359375,0.15625,-0.0841312796,0.0203970865,-0.107224007,0.0276238481,-0.131505395,0.0364443852
10,24,0.375,0.15625,-0.0877604668,0.0187994573,-0.112265123,0.0256447336,-0.138116696,0.0340431098
10,25,0.390625,0.15625,-0.0910891154,0.0169723559,-0.116926043,0.023283122,-0.144259977,0.0310905867
10,26,0.40625,0.15625,-0.0940800677,0.0149195406,-0.121147945,0.0205442018,-0.149857508,0.0275970331
10,27,0.421875,0.15625,-0.0966971921,0.012648934,-0.124873742,0.017441426,-0.154834561,0.0235845126
10,28,0.4375,0.15625,-0.0989059676,0.0101730292,-0.128048966,0.0139968263,-0.159120223,0.0190869832
10,29,0.453125,0.15625,-0.100674104,0.00750916957,-0.130622646,0.0102411389,-0.162648158,0.0141501575
10,30,0.46875,0.15625,-0.101972183,0.00467969801,-0.132548187,0.00621374584,-0.165357365,0.00883120086
10,31,0.484375,0.15625,-0.10277432,0.00171196967,-0.133784252,0.00196243055,-0.167192977,0.00319827985
10,32,0.5,0.15625,-0.103058824,-0.00136177435,-0.134295669,-0.00245705357,-0.168107136,-0.00267004163
10,33,0.515625,0.15625,-0.102808851,-0.0045046776,-0.134054356,-0.00698161182,-0.16806,-0.00868557886
10,34,0.53125,0.15625,-0.102013053,-0.00767568638,-0.133040277,-0.0115416452,-0.167020881,-0.0147515113
10,35,0.546875,0.15625,-0.100666179,-0.0108301182,-0.131242416,-0.0160621108,-0.164969545,-0.0207636258
10,36,0.5625,0.15625,-0.0987696479,-0.0139203811,-0.12865975,-0.0204638199,-0.161897648,-0.0266118748
10,37,0.578125,0.15625,-0.0963320484,-0.0168968414,-0.125302188,-0.0246649857,-0.157810285,-0.03218231
10,38,0.59375,0.15625,-0.0933695593,-0.019708834,-0.12119144,-0.0285830242,-0.152727585,-0.0373594417
10,39,0.609375,0.15625,-0.0899062605,-0.022305804,-0.11636174,-0.0321366004,-0.146686261,-0.0420290559
10,40,0.625,0.15625,-0.0859743082,-0.0246385608,-0.110860379,-0.0352478943,-0.139740994,-0.046081489
10,41,0.640625,0.15625,-0.0816139459,-0.0266606209,-0.104747944,-0.0378450406,-0.131965481,-0.0494153141
10,42,0.65625,0.15625,-0.0768733218,-0.0283296057,-0.0980981938,-0.0398646715,-0.123452983,-0.0519413378
10,43,0.671875,0.15625,-0.0718080857,-0.0296086529,-0.0909974974,-0.0412544667,-0.114316173,-0.0535867391
10,44,0.6875,0.15625,-0.0664807415,-0.0304677942,-0.0835437561,-0.0419755939,-0.104686102,-0.0542991239
10,45,0.703125,0.15625,-0.0609597421,-0.0308852437,-0.075844778,-0.042004904,-0.0947101497,-0.0540502107
10,46,0.71875,0.15625,-0.0553183206,-0.0308485427,-0.0680160846,-0.0413367407,-0.0845488726,-0.0528388351
10,47,0.734375,0.15625,-0.049633067,-0.0303555043,-0.0601781769,-0.039984229,-0.0743717627,-0.0506929638
10,48,0.75,0.15625,-0.0439822733,-0.02941491,-0.0524533318,-0.0379799326,-0.0643520386,-0.047670454
10,49,0.765625,0.15625,-0.0384440867,-0.028046921,-0.0449620392,-0.0353758038,-0.0546606992,-0.0438583862
10,50,0.78125,0.15625,-0.0330945251,-0.0262831838,-0.0378192316,-0.03224241,-0.0454601747,-0.0393709315
10,51,0.796875,0.15625,-0.0280054192,-0.0241666295,-0.0311304839,-0.0286674792,-0.036897978,-0.0343458772
10,52,0.8125,0.15625,-0.0232423577,-0.021750989,-0.0249883735,-0.0247538775,-0.0291007827,-0.0289401005
10,53,0.828125,0.15625,-0.0188627103,-0.0191000681,-0.0194691828,-0.0206171941,-0.0221693252,-0.0233244342
10,54,0.84375,0.15625,-0.0149138035,-0.0162868447,-0.0146301009,-0.0163831559,-0.0161744424,-0.0176784698
10,55,0.859375,0.15625,-0.0114313122,-0.0133924655,-0.0105070368,-0.012185118,-0.0111544325,-0.0121858874
10,56,0.875,0.15625,-0.00843792043,-0.0105052216,-0.00711309931,-0.0081618729,-0.00711377153,-0.00703085761
10,57,0.890625,0.15625,-0.00594228267,-0.00771958304,-0.00443773188,-0.00445597938,-0.00402306533,-0.00239593917
10,58,0.90625,0.15625,-0.00393830222,-0.0051353596,-0.00244642739,-0.00121274753,-0.00181997443,0.00153830101
10,59,0.921875,0.15625,-0.00240472355,-0.00285703835,-0.00108088997,0.00142006973,-0.000410751698,0.00459196375
10,60,0.9375,0.15625,-0.00130502505,-0.000993331283,-0.00025948001,0.0032919175,0.000328008071,0.00658306139
10,61,0.953125,0.15625,-0.000587601733,0.000343051584,0.00012221242,0.00424852439,0.000547752278,0.00732382376
10,62,0.96875,0.15625,-0.000186257112,0.00103540519,0.000190740917,0.00413059667,0.000426645959,0.00661671634
10,63,0.984375,0.15625,-2.10928899e-05,0.000962839858,9.40208492e-05,0.00277232704,0.000168330802,0.00425090911
10,64,1,0.15625,0,0,0,0,0,0
11,0,0,0.171875,0,0,0,0,0,0
11,1,0.015625,0.171875,-0.000428057581,0.00324440779,-0.000561838414,0.00389068574,-0.000683108995,0.00427659277
11,2,0.03125,0.171875,-0.00161048156,0.0065774624,-0.00209240105,0.00786021497,-0.00252126038,0.00865856585
11,3,0.046875,0.171875,-0.00345385018,0.0098611715,-0.00444935419,0.0117248464,-0.00532257,0.0129209816
11,4,0.0625,0.171875,-0.00587338023,0.0129954071,-0.00750673364,0.0153676745,-0.00892328663,0.0169398378
11,5,0.078125,0.171875,-0.00879275784,0.0159119689,-0.011156511,0.0187243281,-0.0131912159,0.020664933
11,6,0.09375,0.171875,-0.0121436664,0.018568597,-0.0153084897,0.0217693716,-0.0180250362,0.0240952027
11,7,0.109375,0.171875,-0.0158651261,0.02094324,-0.0198889788,0.0245040096,-0.0233507542,0.0272577028
11,8,0.125,0.171875,-0.0199027185,0.023028791,-0.0248386315,0.0269454719,-0.0291164202,0.030190799
11,9,0.140625,0.171875,-0.0242077448,0.0248284296,-0.0301097794,0.0291182809,-0.0352860579,0.032931667
11,10,0.15625,0.171875,-0.0287363507,0.0263516436,-0.0356635432,0.0310474683,-0.0418335743,0.0355078671
11,11,0.171875,0.171875,-0.0334486434,0.0276109604,-0.0414669518,0.0327536937,-0.0487372138,0.0379325142
11,12,0.1875,0.171875,-0.03830782,0.0286193821,-0.0474902545,0.0342501261,-0.0559749203,0.0402024085
11,13,0.203125,0.171875,-0.0432793277,0.029388493,-0.0537045615,0.0355408727,-0.0635207872,0.0422984257
11,14,0.21875,0.171875,-0.0483300744,0.0299271892,-0.0600799026,0.0366206924,-0.0713426229,0.0441874796
11,15,0.234375,0.171875,-0.0534277105,0.0302409694,-0.0665837459,0.0374757038,-0.0794005508,0.0458254467
11,16,0.25,0.171875,-0.0585400005,0.0303317135,-0.0731799806,0.0380848003,-0.0876464927,0.0471605583
11,17,0.265625,0.171875,-0.063634305,0.0301978682,-0.0798283354,0.0384215095,-0.0960243569,0.0481368921
11,18,0.28125,0.171875,-0.0686771843,0.0298349575,-0.0864841812,0.038456071,-0.104470745,0.0486977161
11,19,0.296875,0.171875,-0.0736341344,0.0292363307,-0.0930986561,0.038157559,-0.112916008,0.0487885289
11,20,0.3125,0.171875,-0.0784694566,0.0283940696,-0.099619042,0.0374959198,-0.121285503,0.0483597153
11,21,0.328125,0.171875,-0.0831462571,0.0272999783,-0.105989329,0.0364438402,-0.129500926,0.0473687802
11,22,0.34375,0.171875,-0.0876265669,0.025946594,-0.112150905,0.0349783991,-0.137481624,0.0457821563
11,23,0.359375,0.171875,-0.0918715705,0.0243281678,-0.118043322,0.0330824778,-0.145145824,0.0435766017
11,24,0.375,0.171875,-0.0958419284,0.0224415759,-0.1236051,0.0307459277,-0.152411723,0.0407402199
11,25,0.390625,0.171875,-0.0994981807,0.0202871356,-0.128774536,0.0279664996,-0.15919844,0.037273144
11,26,0.40625,0.171875,-0.102801216,0.017869308,-0.13349051,0.0247505509,-0.165426834,0.0331879379
11,27,0.421875,0.171875,-0.105712799,0.0151972757,-0.137693278,0.0211135451,-0.171020206,0.0285097656
11,28,0.4375,0.171875,-0.108196136,0.0122853891,-0.141325254,0.0170803593,-0.175904932,0.0232763805
11,29,0.453125,0.171875,-0.110216487,0.00915347734,-0.144331802,0.0126854132,-0.180011082,0.0175379744
11,30,0.46875,0.171875,-0.111741797,0.00582701889,-0.146662044,0.00797262523,-0.183273052,0.011356914
11,31,0.484375,0.171875,-0.112743356,0.00233716873,-0.148269704,0.00299519956,-0.185630275,0.00480737494
11,32,0.5,0.171875,-0.113196476,-0.00127936272,-0.149114018,-0.00218476409,-0.187028047,-0.00202513589
11,33,0.515625,0.171875,-0.113081167,-0.00498058379,-0.149160696,-0.00749685023,-0.187418509,-0.00904439859
11,34,0.53125,0.171875,-0.112382832,-0.00871965439,-0.14838297,-0.0128631175,-0.186761812,-0.0161442867
11,35,0.546875,0.171875,-0.111092935,-0.0124454821,-0.146762703,-0.0181991244,-0.185027493,-0.0232098269
11,36,0.5625,0.171875,-0.109209658,-0.0161034855,-0.144291555,-0.0234152178,-0.18219607,-0.0301185895
11,37,0.578125,0.171875,-0.10673851,-0.0196365265,-0.140972163,-0.0284181108,-0.178260838,-0.0367424949
11,38,0.59375,0.171875,-0.10369288,-0.0229860087,-0.136819306,-0.0331127682,-0.173229832,-0.042950119
11,39,0.609375,0.171875,-0.100094482,-0.0260931349,-0.131860968,-0.0374046071,-0.167127873,-0.0486095658
11,40,0.625,0.171875,-0.0959736972,-0.0289003091,-0.12613924,-0.0412019977,-0.159998574,-0.0535919457
11,41,0.640625,0.171875,-0.0913697362,-0.0313526588,-0.119710955,-0.044419029,-0.151906131,-0.057775448
11,42,0.65625,0.171875,-0.0863306137,-0.0333996462,-0.112647949,-0.0469784686,-0.142936697,-0.0610499334
11,43,0.671875,0.171875,-0.0809128833,-0.0349967217,-0.105036857,-0.0488148163,-0.133199066,-0.063321886
11,44,0.6875,0.171875,-0.0751811032,-0.0361069681,-0.096978331,-0.0498773157,-0.122824441,-0.0645194781
11,45,0.703125,0.171875,-0.0692070061,-0.0367026703,-0.088585609,-0.0501327642,-0.11196502,-0.0645974194
11,46,0.71875,0.171875,-0.063068359,-0.0367667427,-0.0799823925,-0.0495679396,-0.100791246,-0.063541193
11,47,0.734375,0.171875,-0.056847512,-0.0362939432,-0.0713000333,-0.0481914658,-0.0894876354,-0.061370261
11,48,0.75,0.171875,-0.0506296571,-0.0352918082,-0.0626740852,-0.0460349546,-0.0782472516,-0.0581398473
11,49,0.765625,0.171875,-0.0445008334,-0.0337812545,-0.0542403373,-0.0431533035,-0.0672650393,-0.0539409989
11,50,0.78125,0.171875,-0.038545739,-0.0317968113,-0.0461304977,-0.0396240898,-0.0567303872,-0.0488987797
11,51,0.796875,0.171875,-0.0328454263,-0.0293864698,-0.0384677419,-0.0355460823,-0.0468194154,-0.0431686539
11,52,0.8125,0.171875,-0.0274749673,-0.0266111663,-0.0313623624,-0.0310369741,-0.0376875434,-0.0369313447
11,53,0.828125,0.171875,-0.0225011862,-0.0235439412,-0.0249077605,-0.02623053,-0.0294628946,-0.0303866628
11,54,0.84375,0.171875,-0.0179805502,-0.020268844,-0.0191769914,-0.021273406,-0.0222410021,-0.0237469695
11,55,0.859375,0.171875,-0.0139573019,-0.0168796713,-0.0142200254,-0.0163219452,-0.0160811325,-0.0172310154
11,56,0.875,0.171875,-0.0104618997,-0.0134786371,-0.0100618186,-0.0115392566,-0.0110043425,-0.0110588779
11,57,0.890625,0.171875,-0.00750981152,-0.0101750726,-0.00670120387,-0.00709285254,-0.00699317721,-0.00544858603
11,58,0.90625,0.171875,-0.0051006855,-0.00708424289,-0.00411053623,-0.00315304383,-0.00399273107,-0.00061479266
11,59,0.921875,0.171875,-0.00321789965,-0.00432634415,-0.00223595966,0.000107813358,-0.00191266442,0.00323045253
11,60,0.9375,0.171875,-0.00182848293,-0.00202571912,-0.000998129266,0.00251524974,-0.000629721587,0.00587511855
11,61,0.953125,0.171875,-0.000883399425,-0.000310289052,-0.000293235937,0.00389195687,9.63323443e-06,0.00710342755
11,62,0.96875,0.171875,-0.000318211947,0.000688842602,5.73935982e-06,0.00405669377,0.000186638944,0.00669184478
11,63,0.984375,0.171875,-5.41900179e-05,0.000837721089,4.74549604e-05,0.002823246,0.00010753046,0.0044060117
11,64,1,0.171875,0,0,0,0,0,0
12,0,0,0.1875,0,0,0,0,0,0
12,1,0.015625,0.1875,-0.000478945414,0.0040965634,-0.000639495011,0.00500650615,-0.000790382865,0.0056311669
12,2,0.03125,0.1875,-0.00179517296,0.00817507514,-0.00236832925,0.00992709014,-0.00289525353,0.011141284
12,3,0.046875,0.1875,-0.0038383249,0.0121070882,-0.00501457016,0.0145951084,-0.006077538,0.0163340478
12,4,0.0625,0.1875,-0.00650897161,0.0158022271,-0.00842811206,0.018913485,-0.0101385655,0.021120163
12,5,0.078125,0.1875,-0.00971855213,0.019201735,-0.0124820685,0.022838251,-0.0149207017,0.0254849871
12,6,0.09375,0.1875,-0.0133888198,0.0222721533,-0.0170721486,0.0263633546,-0.0203052241,0.0294601373
12,7,0.109375,0.1875,-0.0174509717,0.0249993841,-0.0221146145,0.0295072626,-0.0262070545,0.033100087
12,8,0.125,0.1875,-0.0218445917,0.0273833094,-0.0275433238,0.0323016533,-0.0325677303,0.0364641176
12,9,0.140625,0.1875,-0.0265164973,0.029433077,-0.0333062722,0.0347823361,-0.0393477525,0.0396035178
12,10,0.15625,0.1875,-0.0314195579,0.0311631096,-0.0393619786,0.0369824039,-0.0465191909,0.0425535667
12,11,0.171875,0.1875,-0.0365115279,0.0325898546,-0.0456759855,0.0389275105,-0.0540591661,0.0453295931
12,12,0.1875,0.1875,-0.0417539262,0.0337292616,-0.0522176794,0.0406330785,-0.0619445765,0.0479262628
12,13,0.203125,0.1875,-0.0471109888,0.0345949518,-0.0589575725,0.0421031668,-0.0701482135,0.0503192062
12,14,0.21875,0.1875,-0.0525487105,0.0351970293,-0.0658651272,0.0433306814,-0.0786362301,0.0524681603
12,15,0.234375,0.1875,-0.0580339954,0.0355414719,-0.0729071456,0.0442985935,-0.0873668073,0.0543209208
12,16,0.25,0.1875,-0.0635339313,0.0356300241,-0.0800467045,0.0449818402,-0.0962897941,0.0558175623
12,17,0.265625,0.1875,-0.0690152003,0.0354605126,-0.0872425804,0.0453496157,-0.105347077,0.0568945485
12,18,0.28125,0.1875,-0.0744436349,0.0350274937,-0.094449087,0.0453678133,-0.11447345,0.0574884939
12,19,0.296875,0.1875,-0.0797839214,0.0343231411,-0.101616241,0.0450014346,-0.123597776,0.0575394506
12,20,0.3125,0.1875,-0.0849994485,0.0333382888,-0.108690167,0.044216839,-0.132644283,0.0569936648
12,21,0.328125,0.1875,-0.0900522916,0.0320635485,-0.115613672,0.0429837565,-0.141533863,0.0558058027
12,22,0.34375,0.1875,-0.0949033197,0.0304904352,-0.122326912,0.0412770251,-0.150185287,0.0539406714
12,23,0.359375,0.1875,-0.0995124092,0.0286124481,-0.128768105,0.0390780435,-0.158516293,0.0513744836
12,24,0.375,0.1875,-0.103838751,0.0264260676,-0.134874263,0.0363759475,-0.16644451,0.0480957257
12,25,0.390625,0.1875,-0.107841233,0.0239316438,-0.140581904,0.033168532,-0.173888235,0.0441056983
12,26,0.40625,0.1875,-0.111478887,0.0211341587,-0.145827749,0.0294629435,-0.180767085,0.0394187985
12,27,0.421875,0.1875,-0.11471139,0.0180438536,-0.150549406,0.0252761696,-0.187002557,0.0340626104
12,28,0.4375,0.1875,-0.117499611,0.014676717,-0.154686059,0.0206353505,-0.192518537,0.0280778599
12,29,0.453125,0.1875,-0.119806194,0.0110548302,-0.158179161,0.0155779285,-0.197241802,0.0215182774
12,30,0.46875,0.1875,-0.12159618,0.00720656772,-0.160973191,0.0101516481,-0.201102555,0.0144503931
12,31,0.484375,0.1875,-0.12283766,0.00316664867,-0.163016455,0.00441440524,-0.204035028,0.00695327456
12,32,0.5,0.1875,-0.123502457,-0.00102396357,-0.164261991,-0.00156606165,-0.205978206,-0.000881807368
12,33,0.515625,0.1875,-0.123566838,-0.00531832134,-0.16466857,-0.00771265995,-0.206876694,-0.00895181376
12,34,0.53125,0.1875,-0.123012246,-0.00966391879,-0.164201814,-0.0139396383,-0.206681798,-0.0171425271
12,35,0.546875,0.1875,-0.121826053,-0.0140032925,-0.162835426,-0.0201535264,-0.20535284,-0.0253293678
12,36,0.5625,0.1875,-0.120002306,-0.0182748053,-0.160552525,-0.0262543603,-0.202858772,-0.0333785303
12,37,0.578125,0.1875,-0.117542473,-0.0224136193,-0.157347067,-0.0321372347,-0.199180087,-0.0411485482
12,38,0.59375,0.1875,-0.114456131,-0.0263528624,-0.153225289,-0.0376942194,-0.194311041,-0.0484924064
12,39,0.609375,0.1875,-0.110761601,-0.0300249864,-0.148207134,-0.0428166659,-0.188262134,-0.0552603141
12,40,0.625,0.1875,-0.106486458,-0.0333633067,-0.142327561,-0.0473979074,-0.181062732,-0.0613032307
12,41,0.640625,0.1875,-0.101667899,-0.0363037044,-0.135637632,-0.0513363323,-0.172763683,-0.0664771909
12,42,0.65625,0.1875,-0.096352906,-0.0387864585,-0.128205255,-0.0545387692,-0.16343966,-0.0706484027
12,43,0.671875,0.1875,-0.0905981592,-0.0407581634,-0.120115446,-0.0569240842,-0.153190949,-0.0736989944
12,44,0.6875,0.1875,-0.0844696599,-0.0421736714,-0.111469967,-0.0584268418,-0.142144321,-0.0755331697
12,45,0.703125,0.1875,-0.0780420139,-0.0429979879,-0.102386233,-0.0590008425,-0.130452644,-0.0760834059
12,46,0.71875,0.1875,-0.0713973556,-0.0432080368,-0.0929953828,-0.0586223164,-0.118292927,-0.0753162202
12,47,0.734375,0.1875,-0.0646238981,-0.0427942061,-0.0834394923,-0.0572925364,-0.105862584,-0.0732369584
12,48,0.75,0.1875,-0.0578141195,-0.0417615886,-0.0738679465,-0.0550396286,-0.0933738714,-0.0698930501
12,49,0.765625,0.1875,-0.0510626232,-0.0401308391,-0.0644330856,-0.0519193912,-0.0810466555,-0.0653752506
12,50,0.78125,0.1875,-0.0444637304,-0.0379385908,-0.0552853021,-0.0480150054,-0.0690998736,-0.0598165554
12,51,0.796875,0.1875,-0.0381088931,-0.0352374012,-0.0465678401,-0.0434356146,-0.0577422707,-0.053388721
12,52,0.8125,0.1875,-0.0320840316,-0.0320952291,-0.0384115904,-0.0383138589,-0.0471631155,-0.0462966213
12,53,0.828125,0.1875,-0.0264669133,-0.0285944851,-0.0309301922,-0.0328025651,-0.0375236552,-0.0387709755
12,54,0.84375,0.1875,-0.0213246889,-0.024830729,-0.0242157294,-0.0270708909,-0.0289499945,-0.0310602319
12,55,0.859375,0.1875,-0.0167116947,-0.0209111161,-0.0183352562,-0.0213002907,-0.0215279148,-0.023422547
12,56,0.875,0.1875,-0.012667607,-0.016952712,-0.0133283021,-0.0156806944,-0.0152998945,-0.0161188129
12,57,0.890625,0.1875,-0.00921601218,-0.0130807972,-0.0092054051,-0.0104072617,-0.0102643091,-0.00940755062
12,58,0.90625,0.1875,-0.0063634237,-0.00942727147,-0.00594762258,-0.00567799173,-0.00637652627,-0.00354221177
12,59,0.921875,0.1875,-0.0040987555,-0.00612924092,-0.00350688143,-0.00169233724,-0.00355142067,0.00122895426
12,60,0.9375,0.1875,-0.00239323941,-0.00332783151,-0.00180698157,0.00134919377,-0.00166674917,0.00466076373
12,61,0.953125,0.1875,-0.00120077155,-0.0011672194,-0.000745067961,0.00324465576,-0.000566882176,0.00650746323
12,62,0.96875,0.1875,-0.0004586832,0.000206195779,-0.000193454304,0.00378990578,-6.6593368e-05,0.00651881911
12,63,0.984375,0.1875,-8.89628922e-05,0.000644627911,-1.81985274e-06,0.0027780664,4.50299828e-05,0.00443754805
12,64,1,0.1875,0,0,0,0,0,0
13,0,0,0.203125,0,0,0,0,0,0
13,1,0.015625,0.203125,-0.000528043922,0.00503958075,-0.000715391521,0.00625901499,-0.000896115524,0.0071718463
13,2,0.03125,0.203125,-0.00197336408,0.00993684188,-0.0026375094,0.0122352901,-0.00326262162,0.013945721
13,3,0.046875,0.203125,-0.00420935186,0.0145749702,-0.005565306,0.0177846292,-0.00681729504,0.0201642936
13,4,0.0625,0.203125,-0.00712254942,0.0188756344,-0.0093250707,0.0228351729,-0.0113268743,0.0257830016
13,5,0.078125,0.203125,-0.0106126552,0.0227918171,-0.0137715625,0.0273683646,-0.0166087258,0.0308315916
13,6,0.09375,0.203125,-0.0145918802,0.0263010167,-0.018786826,0.0314019175,-0.0225271586,0.0353815555
13,7,0.109375,0.203125,-0.0189838834,0.0293990119,-0.0242774253,0.0349751849,-0.0289863637,0.039520209
13,8,0.125,0.203125,-0.0237224591,0.0320943165,-0.0301706995,0.0381371296,-0.0359216136,0.043331497
13,9,0.140625,0.203125,-0.0287501032,0.0344033959,-0.0364105343,0.0409369357,-0.0432900336,0.0468831276
13,10,0.15625,0.203125,-0.0340165515,0.0363466742,-0.0429530453,0.0434171817,-0.0510619335,0.0502192807
13,11,0.171875,0.203125,-0.039477351,0.0379453286,-0.0497624836,0.0456093945,-0.059213364,0.0533578999
13,12,0.1875,0.203125,-0.0450925081,0.0392188431,-0.0568075865,0.0475317131,-0.0677202613,0.0562914559
13,13,0.203125,0.203125,-0.0508252418,0.0401832773,-0.0640585196,0.0491883205,-0.0765542747,0.0589900793
13,14,0.21875,0.203125,-0.0566408619,0.0408501957,-0.0714844795,0.0505702654,-0.0856801712,0.0614060735
13,15,0.234375,0.203125,-0.0625057883,0.0412261902,-0.0790519627,0.051657281,-0.0950545802,0.0634790107
13,16,0.25,0.203125,-0.0683867228,0.0413129185,-0.0867236533,0.0524202352,-0.104625778,0.0651408282
13,17,0.265625,0.203125,-0.0742499831,0.0411075719,-0.0944578472,0.052823892,-0.11433421,0.0663205484
13,18,0.28125,0.203125,-0.0800610026,0.0406036785,-0.102208312,0.0528297313,-0.124113473,0.0669484153
13,19,0.296875,0.203125,-0.0857839925,0.0397921443,-0.109924471,0.0523986391,-0.133891537,0.066959362
13,20,0.3125,0.203125,-0.0913817594,0.0386624399,-0.117551823,0.0514933514,-0.143592028,0.0662958015
13,21,0.328125,0.203125,-0.096815665,0.0372038494,-0.12503249,0.0500805848,-0.153135466,0.0649097839
13,22,0.34375,0.203125,-0.10204571,0.0354067116,-0.132305846,0.0481328318,-0.162440374,0.0627645869
13,23,0.359375,0.203125,-0.107030723,0.0332635992,-0.139309164,0.0456298296,-0.171424234,0.0598358246
13,24,0.375,0.203125,-0.111728644,0.0307703994,-0.145978254,0.0425597267,-0.180004297,0.0561121613
13,25,0.390625,0.203125,-0.116096874,0.0279272712,-0.152248077,0.0389199847,-0.188098244,0.0515957187
13,26,0.40625,0.203125,-0.120092695,0.0247394652,-0.158053339,0.0347180531,-0.19562475,0.0463022599
13,27,0.421875,0.203125,-0.123673728,0.0212179999,-0.163329072,0.0299718551,-0.202503972,0.0402612176
13,28,0.4375,0.203125,-0.126798453,0.0173801931,-0.168011228,0.0247101144,-0.208657987,0.0335156258
13,29,0.453125,0.203125,-0.129426759,0.0132500467,-0.172037303,0.0189725453,-0.214011216,0.0261219923
13,30,0.46875,0.203125,-0.131520537,0.00885848531,-0.175347027,0.0128099184,-0.218490848,0.0181501402
13,31,0.484375,0.203125,-0.133044327,0.00424344595,-0.177883128,0.00628399955,-0.222027292,0.00968302617
13,32,0.5,0.203125,-0.133965999,-0.000550184908,-0.179592218,-0.000532648247,-0.224554707,0.000816530036
13,33,0.515625,0.203125,-0.134257496,-0.00547079489,-0.180425795,-0.00755702651,-0.226011637,-0.0083408068
13,34,0.53125,0.203125,-0.133895612,-0.01046044,-0.180341402,-0.0146962621,-0.226341848,-0.0176681406
13,35,0.546875,0.203125,-0.132862824,-0.0154554222,-0.179303933,-0.0218484134,-0.225495413,-0.0270328523
13,36,0.5625,0.203125,-0.131148157,-0.0203870653,-0.17728709,-0.0289035763,-0.223430151,-0.0362913429
13,37,0.578125,0.203125,-0.128748054,-0.0251827012,-0.17427499,-0.0357453473,-0.220113483,-0.0452902258
13,38,0.59375,0.203125,-0.125667249,-0.0297668801,-0.170263878,-0.0422527018,-0.215524752,-0.0538680721
13,39,0.609375,0.203125,-0.121919582,-0.034062808,-0.165263887,-0.0483023354,-0.209658008,-0.0618578752
13,40,0.625,0.203125,-0.117528736,-0.037994011,-0.159300782,-0.0537714999,-0.202525204,-0.0690903967
13,41,0.640625,0.203125,-0.112528819,-0.0414862113,-0.152417552,-0.0585413347,-0.194159634,-0.07539852
13,42,0.65625,0.203125,-0.10696477,-0.0444693865,-0.144675725,-0.0625006546,-0.18461939,-0.0806226672
13,43,0.671875,0.203125,-0.100892485,-0.0468799679,-0.136156221,-0.0655501043,-0.173990468,-0.0846172253
13,44,0.6875,0.203125,-0.0943786474,-0.0486631135,-0.126959581,-0.0676065286,-0.162389106,-0.0872577834
13,45,0.703125,0.203125,-0.0875001703,-0.0497749745,-0.117205378,-0.0686073482,-0.149962867,-0.0884488133
13,46,0.71875,0.203125,-0.0803432348,-0.0501848585,-0.107030674,-0.06851468,-0.136889991,-0.088131253
13,47,0.734375,0.203125,-0.0730018796,-0.0498771793,-0.0965874193,-0.0673189021,-0.123376621,-0.0862893162
13,48,0.75,0.203125,-0.0655761479,-0.048853083,-0.0860387772,-0.0650413613,-0.109651671,-0.0829557753
13,49,0.765625,0.203125,-0.0581698145,-0.0471316436,-0.0755544491,-0.0617359478,-0.0959593657,-0.0782149967
13,50,0.78125,0.203125,-0.0508877549,-0.0447505414,-0.065305184,-0.0574893353,-0.0825497437,-0.0722031646
13,51,0.796875,0.203125,-0.0438330482,-0.0417661686,-0.0554567482,-0.052419794,-0.0696677543,-0.0651054121
13,52,0.8125,0.203125,-0.0371039354,-0.038253146,-0.046163715,-0.046674622,-0.0575418006,-0.0571499601
13,53,0.828125,0.203125,-0.0307907751,-0.0343032839,-0.0375634674,-0.040426391,-0.0463727318,-0.0485997838
13,54,0.84375,0.203125,-0.0249731428,-0.0300240626,-0.0297708057,-0.033868342,-0.0363242676,-0.0397427099
13,55,0.859375,0.203125,-0.0197172143,-0.0255367532,-0.0228734923,-0.0272093725,-0.0275156671,-0.0308811154
13,56,0.875,0.203125,-0.0150735495,-0.0209743196,-0.0169289703,-0.0206691077,-0.0200171433,-0.0223224835
13,57,0.890625,0.203125,-0.0110753621,-0.0164792559,-0.0119623643,-0.014473532,-0.0138481442,-0.0143719543
13,58,0.90625,0.203125,-0.00773732316,-0.0122014996,-0.00796573925,-0.0088515675,-0.00897824379,-0.0073276811
13,59,0.921875,0.203125,-0.00505490836,-0.00829652844,-0.00489847332,-0.00403282766,-0.00533008816,-0.00147932457
13,60,0.9375,0.203125,-0.00300427425,-0.00492370307,-0.00268852121,-0.000246563728,-0.0027836774,0.00289058005
13,61,0.953125,0.203125,-0.00154262838,-0.00224484526,-0.00123432275,0.00227842961,-0.00118127552,0.00550327175
13,62,0.96875,0.203125,-0.00060906008,-0.000422966057,-0.000407156501,0.00331344566,-0.000332426388,0.00607993263
13,63,0.984375,0.203125,-0.000125812167,0.000379037889,-5.38577801e-05,0.0026297917,-1.89129683e-05,0.00433941833
13,64,1,0.203125,0,0,0,0,0,0
14,0,0,0.21875,0,0,0,0,0,0
14,1,0.015625,0.21875,-0.000575044476,0.00606992747,-0.000788556188,0.00764401555,-0.000998430164,0.00889378852
14,2,0.03125,0.21875,-0.00214387107,0.0118563831,-0.00289653194,0.0147770046,-0.00361704241,0.0170624636
14,3,0.046875,0.21875,-0.00456437121,0.0172562736,-0.00609465928,0.0212826697,-0.00752944262,0.0243983005
14,4,0.0625,0.21875,-0.00770976387,0.0222055305,-0.0101865013,0.0271197415,-0.0124687891,0.0309115938
14,5,0.078125,0.21875,-0.0114686161,0.0266710658,-0.0150092393,0.0323000062,-0.0182283445,0.0366852713
14,6,0.09375,0.21875,-0.015744093,0.0306433815,-0.0204318915,0.0368692174,-0.0246561546,0.0418377752
14,7,0.109375,0.21875,-0.020452704,0.0341299629,-0.0263518208,0.0408911362,-0.0316461733,0.046494542
14,8,0.125,0.21875,-0.0255227542,0.0371495292,-0.0326902223,0.0444347623,-0.0391277067,0.0507677875
14,9,0.140625,0.21875,-0.030892655,0.0397271694,-0.039387153,0.0475646819,-0.047054649,0.0547438377
14,10,0.15625,0.21875,-0.0365092072,0.0418903574,-0.0463965475,0.0503343532,-0.0553955966,0.0584768971
14,11,0.171875,0.21875,-0.042325934,0.0436658112,-0.0536815596,0.0527820517,-0.0641255406,0.061987921
14,12,0.1875,0.21875,-0.0483015156,0.0450771525,-0.0612104734,0.0549291145,-0.0732194867,0.0652671735
14,13,0.203125,0.21875,-0.0543983559,0.0461433056,-0.0689533279,0.0567800598,-0.0826480391,0.0682791161
14,14,0.21875,0.21875,-0.0605813042,0.0468775759,-0.0768793152,0.0583241245,-0.0923747654,0.0709684658
14,15,0.234375,0.21875,-0.0668165454,0.0472873327,-0.0849549359,0.0595377673,-0.102355019,0.0732665275
14,16,0.25,0.21875,-0.0730706684,0.0473742189,-0.0931428401,0.0603877247,-0.112535846,0.0750971919
14,17,0.265625,0.21875,-0.0793099197,0.0471347925,-0.101401243,0.060834274,-0.122856626,0.0763822434
14,18,0.28125,0.21875,-0.0854996397,0.046561503,-0.109683793,0.0608344374,-0.133250119,0.0770458208
14,19,0.296875,0.21875,-0.0916038775,0.0456438979,-0.117939758,0.0603449461,-0.143643703,0.0770180058
14,20,0.3125,0.21875,-0.0975851699,0.0443699614,-0.126114432,0.0593248573,-0.153960628,0.0762375945
14,21,0.328125,0.21875,-0.103404468,0.0427274987,-0.134149648,0.0577377789,-0.164121177,0.0746541483
14,22,0.34375,0.21875,-0.109021189,0.040705493,-0.141984355,0.0555536992,-0.174043699,0.0722294395
14,23,0.359375,0.21875,-0.114393378,0.0382953821,-0.149555182,0.0527504519,-0.183645498,0.0689384073
14,24,0.375,0.21875,-0.119477948,0.0354922191,-0.156796995,0.0493148609,-0.192843582,0.0647697355
14,25,0.390625,0.21875,-0.124230999,0.0322956947,-0.163643414,0.045243617,-0.201555314,0.0597261512
14,26,0.40625,0.21875,-0.12860819,0.0287110125,-0.170027323,0.0405439381,-0.209698971,0.053824526
14,27,0.421875,0.21875,-0.132565153,0.0247496125,-0.175881362,0.0352340582,-0.217194229,0.0470958468
14,28,0.4375,0.21875,-0.136057966,0.0204297478,-0.181138452,0.029343582,-0.223962584,0.0395851042
14,29,0.453125,0.21875,-0.13904366,0.0157769138,-0.185732351,0.022913728,-0.229927699,0.0313511383
14,30,0.46875,0.21875,-0.141480784,0.0108241356,-0.18959828,0.0159974731,-0.235015693,0.0224664694
14,31,0.484375,0.21875,-0.143330019,0.00561211103,-0.192673642,0.00865959581,-0.239155374,0.0130171337
14,32,0.5,0.21875,-0.144554871,0.000189205757,-0.19489885,0.000976604847,-0.242278456,0.00310253774
14,33,0.515625,0.21875,-0.145122427,-0.0053887091,-0.196218298,-0.00696347517,-0.244319834,-0.00716467224
14,34,0.53125,0.21875,-0.145004187,-0.0110585905,-0.196581487,-0.0150615004,-0.245217991,-0.0176587515
14,35,0.546875,0.21875,-0.144176983,-0.0167507474,-0.195944337,-0.0232078393,-0.244915673,-0.028241065
14,36,0.5625,0.21875,-0.14262395,-0.0223895757,-0.194270695,-0.0312833027,-0.24336094,-0.0387604598
14,37,0.578125,0.21875,-0.140335554,-0.0278945273,-0.191534049,-0.0391604462,-0.240508752,-0.0490539473
14,38,0.59375,0.21875,-0.137310642,-0.0331813339,-0.187719443,-0.0467053227,-0.236323176,-0.0589478815
14,39,0.609375,0.21875,-0.133557472,-0.0381634995,-0.18282554,-0.0537797621,-0.230780302,-0.0682598624
14,40,0.625,0.21875,-0.129094681,-0.0427540697,-0.176866786,-0.0602442423,-0.223871854,-0.0768016049
14,41,0.640625,0.21875,-0.123952133,-0.0468676701,-0.169875544,-0.0659613894,-0.215609409,-0.0843830045
14,42,0.65625,0.21875,-0.118171581,-0.0504227926,-0.161904062,-0.0708001006,-0.206028983,-0.0908175689
14,43,0.671875,0.21875,-0.11180707,-0.0533442859,-0.153026054,-0.0746402284,-0.195195638,-0.0959292789
14,44,0.6875,0.21875,-0.104925012,-0.0555659864,-0.143337701,-0.0773776851,-0.18320761,-0.0995607708
14,45,0.703125,0.21875,-0.0976038535,-0.0570334006,-0.132957792,-0.0789297495,-0.170199328,-0.10158252
14,46,0.71875,0.21875,-0.0899332779,-0.0577063275,-0.122026803,-0.0792402747,-0.156342685,-0.101902466
14,47,0.734375,0.21875,-0.0820128971,-0.057561293,-0.110704731,-0.0782844329,-0.141845904,-0.100475279
14,48,0.75,0.21875,-0.0739504038,-0.0565936538,-0.0991675699,-0.0760725987,-0.126949531,-0.0973103051
14,49,0.765625,0.21875,-0.0658592007,-0.0548192321,-0.0876024673,-0.0726529844,-0.111919319,-0.0924771779
14,50,0.78125,0.21875,-0.0578555561,-0.0522753572,-0.0762017034,-0.0681127063,-0.0970361598,-0.0861081669
14,51,0.796875,0.21875,-0.0500553814,-0.0490212208,-0.0651557947,-0.0625770836,-0.082583649,-0.0783966641
14,52,0.8125,0.21875,-0.042570766,-0.0451375022,-0.0546461346,-0.0562071397,-0.0688342357,-0.0695916437
14,53,0.828125,0.21875,-0.0355064365,-0.0407252777,-0.0448376709,-0.0491954744,-0.0560352398,-0.0599885086
14,54,0.84375,0.21875,-0.0289563254,-0.0359042898,-0.0358721339,-0.041760866,-0.0443960834,-0.0499172966
14,55,0.859375,0.21875,-0.0230004286,-0.0308107094,-0.0278622865,-0.0341421262,-0.0340779686,-0.0397296713
14,56,0.875,0.21875,-0.0177021103,-0.0255945642,-0.0208875552,-0.0265918225,-0.0251868765,-0.0297863359
14,57,0.890625,0.21875,-0.0131059742,-0.0204170235,-0.0149912437,-0.0193704928,-0.0177702692,-0.0204464502
14,58,0.90625,0.21875,-0.00923636834,-0.0154477253,-0.0101793531,-0.0127418827,-0.0118173391,-0.0120602678
14,59,0.921875,0.21875,-0.00609654466,-0.0108622898,-0.00642086516,-0.00696955529,-0.00726218369,-0.00496561213
14,60,0.9375,0.21875,-0.00366844611,-0.00684011149,-0.00364921715,-0.0023149568,-0.00398898816,0.000511951086
14,61,0.953125,0.21875,-0.00191306672,-0.00356243357,-0.00176463527,0.000963291055,-0.00183821287,0.00405621222
14,62,0.96875,0.21875,-0.000771312792,-0.00121062044,-0.000637010489,0.00260944081,-0.000612935721,0.00535645656
14,63,0.984375,0.21875,-0.000165295632,3.55678317e-05,-0.000109098751,0.0023709099,-8.48557132e-05,0.00410512166
14,64,1,0.21875,0,0,0,0,0,0
15,0,0,0.234375,0,0,0,0,0,0
15,1,0.015625,0.234375,-0.000619593504,0.00718345182,-0.000857932107,0.00915554693,-0.00109530823,0.0107888887
15,2,0.03125,0.234375,-0.00230539916,0.0139261686,-0.00314176905,0.0175413932,-0.00395184886,0.0204767334
15,3,0.046875,0.234375,-0.00490066519,0.020140863,-0.00659540125,0.0250745986,-0.00820110069,0.0290160403
15,4,0.0625,0.234375,-0.00826609251,0.0257798793,-0.0110009143,0.0317497529,-0.0135443786,0.0364819035
15,5,0.078125,0.234375,-0.0122798228,0.0308261462,-0.0161789571,0.0376137548,-0.0197521796,0.0430189571
15,6,0.09375,0.234375,-0.0168365626,0.0352851045,-0.0219863437,0.0427444991,-0.0266572223,0.0487993844
15,7,0.109375,0.234375,-0.0218461441,0.0391776731,-0.0283118478,0.0472335156,-0.0341438048,0.0539917611
15,8,0.125,0.234375,-0.0272317548,0.0425342675,-0.0350709584,0.0511724619,-0.0421355663,0.0587399727
15,9,0.140625,0.234375,-0.0329280153,0.0453898488,-0.0422002101,0.0546432609,-0.05058327,0.0631510175
15,10,0.15625,0.234375,-0.0388790324,0.0477799531,-0.0496515742,0.0577115882,-0.0594537805,0.0672901722
15,11,0.171875,0.234375,-0.0450365171,0.0497376371,-0.0573872791,0.0604233205,-0.0687209684,0.0711817899
15,12,0.1875,0.234375,-0.0513580232,0.051291265,-0.0653753145,0.0628034815,-0.0783588622,0.0748139544
15,13,0.203125,0.234375,-0.0578053437,0.0524630659,-0.0735857652,0.0648571623,-0.0883370277,0.078145358
15,14,0.21875,0.234375,-0.0643430843,0.0532683851,-0.081988022,0.0665718733,-0.098617904,0.0811130529
15,15,0.234375,0.234375,-0.0709374293,0.0537155544,-0.0905488319,0.0679208059,-0.109155695,0.0836400918
15,16,0.25,0.234375,-0.0775551088,0.0538062928,-0.0992310907,0.0688665427,-0.119896371,0.0856424361
15,17,0.265625,0.234375,-0.0841625681,0.0535365432,-0.107993242,0.0693648451,-0.130778383,0.0870348208
15,18,0.28125,0.234375,-0.0907253396,0.0528976363,-0.116789139,0.0693682463,-0.141733744,0.0877354921
15,19,0.296875,0.234375,-0.0972076036,0.0518776745,-0.125568217,0.0688292775,-0.152689264,0.0876698711
15,20,0.3125,0.234375,-0.103571924,0.0504630302,-0.134275875,0.0677032412,-0.163567756,0.0867732752
15,21,0.328125,0.234375,-0.109779137,0.0486398687,-0.142853945,0.0659505081,-0.174289171,0.0849928553
15,22,0.34375,0.234375,-0.115788364,0.0463956214,-0.151241204,0.0635383661,-0.184771597,0.0822889079
15,23,0.359375,0.234375,-0.121557134,0.0437203577,-0.159373873,0.0604424696,-0.19493216,0.0786357069
15,24,0.375,0.234375,-0.127041581,0.0406080211,-0.1671861,0.0566479586,-0.204687825,0.0740219774
15,25,0.390625,0.234375,-0.132196717,0.037057513,-0.174610409,0.0521503124,-0.213956118,0.068451108
15,26,0.40625,0.234375,-0.136976741,0.0330736184,-0.181578141,0.0469560009,-0.222655766,0.0619411751
15,27,0.421875,0.234375,-0.141335408,0.0286677761,-0.188019901,0.041082985,-0.230707248,0.0545248303
15,28,0.4375,0.234375,-0.145226435,0.0238587007,-0.193866018,0.0345611037,-0.238033214,0.0462490955
15,29,0.453125,0.234375,-0.148603956,0.0186728645,-0.199047051,0.0274323731,-0.244558756,0.0371751021
15,30,0.46875,0.234375,-0.151423044,0.0131448439,-0.203494356,0.0197512088,-0.250211505,0.0273778154
15,31,0.484375,0.234375,-0.153640295,0.00731753378,-0.207140723,0.0115845691,-0.254921564,0.0169457889
15,32,0.5,0.234375,-0.155214513,0.00124222293,-0.209921118,0.00301200799,-0.258621314,0.00598098978
15,33,0.515625,0.234375,-0.156107482,-0.00502147895,-0.211773547,-0.00587438898,-0.261245172,-0.00540127158
15,34,0.53125,0.234375,-0.156284852,-0.0114058835,-0.212640078,-0.0149702227,-0.262729432,-0.0170723016
15,35,0.546875,0.234375,-0.155717129,-0.0178356597,-0.212468061,-0.0241592059,-0.263012319,-0.0288899035
15,36,0.5625,0.234375,-0.154380769,-0.0242284944,-0.211211576,-0.0333138644,-0.262034465,-0.0406982635
15,37,0.578125,0.234375,-0.152259358,-0.0304960086,-0.208833163,-0.0422965993,-0.259739986,-0.0523279897
15,38,0.59375,0.234375,-0.149344842,-0.0365449618,-0.205305825,-0.0509612112,-0.256078333,-0.0635965224
15,39,0.609375,0.234375,-0.145638789,-0.0422787693,-0.200615332,-0.0591549927,-0.251007086,-0.074309197
15,40,0.625,0.234375,-0.141153602,-0.0475993504,-0.194762749,-0.0667214955,-0.244495762,-0.0842612894
15,41,0.640625,0.234375,-0.135913653,-0.0524093117,-0.187767123,-0.0735040587,-0.236530619,-0.093241392
15,42,0.65625,0.234375,-0.129956245,-0.0566144493,-0.179668154,-0.0793501446,-0.227120294,-0.101036438
15,43,0.671875,0.234375,-0.123332325,-0.0601265363,-0.170528639,-0.0841164644,-0.216301957,-0.107438598
15,44,0.6875,0.234375,-0.116106862,-0.0628663301,-0.160436424,-0.0876747911,-0.204147434,-0.112254094
15,45,0.703125,0.234375,-0.108358803,-0.064766709,-0.149505537,-0.0899182464,-0.190768608,-0.115313739
15,46,0.71875,0.234375,-0.100180511,-0.0657758149,-0.137876195,-0.0907677408,-0.17632123,-0.116484677
15,47,0.734375,0.234375,-0.0916766302,-0.0658600533,-0.125713375,-0.0901781355,-0.161006241,-0.11568247
15,48,0.75,0.234375,-0.0829623091,-0.0650067794,-0.113203763,-0.0881436251,-0.145067772,-0.112882361
15,49,0.765625,0.234375,-0.0741607921,-0.0632264913,-0.100550979,-0.0847018143,-0.128787255,-0.108128368
15,50,0.78125,0.234375,-0.065400394,-0.0605543607,-0.0879691862,-0.0799360078,-0.112473502,-0.101538834
15,51,0.796875,0.234375,-0.0568109578,-0.0570509587,-0.0756753593,-0.0739753628,-0.0964491311,-0.0933073362
15,52,0.8125,0.234375,-0.0485199336,-0.052802091,-0.0638806763,-0.0669927458,-0.0810343463,-0.0836983693
15,53,0.828125,0.234375,-0.0406482739,-0.0479177245,-0.0527816394,-0.0592003918,-0.0665295647,-0.0730379362
15,54,0.84375,0.234375,-0.033306369,-0.0425300706,-0.0425515935,-0.0508437264,-0.0531986708,-0.0616999811
15,55,0.859375,0.234375,-0.0265902549,-0.0367909683,-0.0333332926,-0.0421939512,-0.0412546811,-0.0500903222
15,56,0.875,0.234375,-0.0205783056,-0.030868774,-0.0252330456,-0.0335401505,-0.0308492445,-0.0386301829
15,57,0.890625,0.234375,-0.015328577,-0.0249449979,-0.0183167878,-0.0251817342,-0.022066798,-0.0277414917
15,58,0.90625,0.234375,-0.0108769047,-0.0192109291,-0.0126081851,-0.017421946,-0.0149234571,-0.0178357666
15,59,0.921875,0.234375,-0.007235789,-0.0138644507,-0.00808864615,-0.0105629636,-0.009370017,-0.00930767546
15,60,0.9375,0.234375,-0.00439403675,-0.00910718101,-0.00469892228,-0.00490279362,-0.0052979242,-0.00253339076
15,61,0.953125,0.234375,-0.00231707823,-0.00514197859,-0.00234185278,-0.000733777048,-0.00254684601,0.0021272193
15,62,0.96875,0.234375,-0.000947845358,-0.00217073714,-0.000885789801,0.00165790914,-0.000912537678,0.00432657547
15,63,0.984375,0.234375,-0.000208086637,-0.000392274902,-0.000168311351,0.00199278121,-0.000154061915,0.00372648261
15,64,1,0.234375,0,0,0,0,0,0
16,0,0,0.25,0,0,0,0,0,0
16,1,0.015625,0.25,-0.00066129795,0.00837532663,-0.000922397584,0.0107857846,-0.00118463988,0.0128456374
16,2,0.03125,0.25,-0.0024565488,0.0161374548,-0.00336942735,0.0205144738,-0.00426017119,0.024168256
16,3,0.046875,0.25,-0.00521535381,0.0232169669,-0.0070600581,0.0291418149,-0.00881914635,0.0339908303
16,4,0.0625,0.25,-0.00878681518,0.029584688,-0.0117565396,0.0367032973,-0.0145335287,0.0424626727
16,5,0.078125,0.25,-0.0130394504,0.0352415359,-0.0172642996,0.0432854356,-0.0211528164,0.049798115
16,6,0.09375,0.25,-0.0178601758,0.0402097029,-0.0234289334,0.0490021081,-0.0284955315,0.0562294004
16,7,0.109375,0.25,-0.0231526846,0.0445251551,-0.0301313265,0.0539757509,-0.0364369422,0.061972886
16,8,0.125,0.25,-0.0288354723,0.0482314004,-0.0372817327,0.0583231246,-0.0448952798,0.0672072527
16,9,0.140625,0.25,-0.0348397036,0.0513744471,-0.044813466,0.0621452977,-0.053818197,0.0720620519
16,10,0.15625,0.25,-0.0411070607,0.0539988592,-0.0526767245,0.0655214223,-0.0631707174,0.0766145954
16,11,0.171875,0.25,-0.0475876689,0.056144802,-0.060832938,0.068505792,-0.0729254348,0.0808930027
16,12,0.1875,0.25,-0.0542381611,0.0578459791,-0.069249905,0.0711276006,-0.0830552565,0.0848832328
16,13,0.203125,0.25,-0.0610199182,0.0591283666,-0.0778978641,0.0733927673,-0.0935286046,0.0885381579
16,14,0.21875,0.25,-0.0678975062,0.0600096615,-0.086746535,0.0752871912,-0.104306727,0.0917871328
16,15,0.234375,0.25,-0.0748373252,0.0604993572,-0.0957630694,0.076780836,-0.115342639,0.0945449948
16,16,0.25,0.25,-0.0818064769,0.0605993577,-0.104910794,0.0778321351,-0.126581186,0.09671988
16,17,0.265625,0.25,-0.0887718537,0.0603050233,-0.114148584,0.0783923219,-0.137959799,0.0982196165
16,18,0.28125,0.25,-0.0956994423,0.0596065385,-0.123430704,0.0784094121,-0.149409591,0.0989567016
16,19,0.296875,0.25,-0.10255383,0.0584904827,-0.132706964,0.0778316826,-0.160856577,0.0988520178
16,20,0.3125,0.25,-0.109297895,0.0569414951,-0.141923056,0.0766105857,-0.172222878,0.097837502
16,21,0.328125,0.25,-0.115892648,0.0549439386,-0.151020983,0.0747031079,-0.183427861,0.0958579892
16,22,0.34375,0.25,-0.122297207,0.0524834894,-0.159939522,0.0720736273,-0.194389204,0.0928724288
16,23,0.359375,0.25,-0.12846887,0.0495485991,-0.168614668,0.068695348,-0.205023898,0.0888546355
16,24,0.375,0.25,-0.134363267,0.0461318021,-0.17698007,0.0645513961,-0.215249197,0.0837936928
16,25,0.390625,0.25,-0.139934562,0.0422308541,-0.184967451,0.0596356581,-0.224983502,0.0776940917
16,26,0.40625,0.25,-0.145135712,0.0378497038,-0.192507015,0.0539534307,-0.234147156,0.0705756563
16,27,0.421875,0.25,-0.149918757,0.0329993068,-0.199527872,0.0475219348,-0.242663081,0.0624732951
16,28,0.4375,0.25,-0.154235157,0.0276982961,-0.205958466,0.0403707317,-0.250457212,0.0534366124
16,29,0.453125,0.25,-0.158036188,0.0219735223,-0.211727043,0.032542066,-0.257458657,0.0435294295
16,30,0.46875,0.25,-0.161273403,0.015860474,-0.216762142,0.0240911449,-0.26359955,0.0328292774
16,31,0.484375,0.25,-0.163899186,0.00940358037,-0.220993127,0.015086358,-0.268814611,0.0214269419
16,32,0.5,0.25,-0.165867414,0.00265639323,-0.224350789,0.00560942914,-0.273040442,0.00942614598
16,33,0.515625,0.25,-0.167134243,-0.00431836987,-0.226768035,-0.00424451466,-0.276214673,-0.00305655379
16,34,0.53125,0.25,-0.167659033,-0.0114489439,-0.228180707,-0.0143669866,-0.278275095,-0.0158916054
16,35,0.546875,0.25,-0.167405411,-0.0186548304,-0.228528601,-0.0246363413,-0.27915896,-0.0289360316
16,36,0.5625,0.25,-0.166342473,-0.0258473469,-0.227756733,-0.0349182007,-0.278802693,-0.0420327923
16,37,0.578125,0.25,-0.164446109,-0.032930454,-0.225816942,-0.0450661974,-0.277142232,-0.05501008
16,38,0.59375,0.25,-0.161700417,-0.0398019026,-0.22266987,-0.054923154,-0.274114279,-0.0676807819
16,39,0.609375,0.25,-0.158099187,-0.0463547404,-0.218287366,-0.0643228386,-0.269658663,-0.0798424328
16,40,0.625,0.25,-0.153647379,-0.0524792058,-0.212655312,-0.0730924505,-0.263722029,-0.0912780719
16,41,0.640625,0.25,-0.148362555,-0.0580650268,-0.205776798,-0.0810559837,-0.25626292,-0.101758472
16,42,0.65625,0.25,-0.142276173,-0.0630041207,-0.197675523,-0.0880385845,-0.247258217,-0.111046231
16,43,0.671875,0.25,-0.135434647,-0.0671936688,-0.18839918,-0.0938719586,-0.236710694,-0.118902139
16,44,0.6875,0.25,-0.127900096,-0.0705395083,-0.178022552,-0.0984007872,-0.224657191,-0.12509412
16,45,0.703125,0.25,-0.119750643,-0.0729597511,-0.16664989,-0.101489979,-0.211176665,-0.129408724
16,46,0.71875,0.25,-0.11108018,-0.0743885001,-0.154416189,-0.103032437,-0.196397116,-0.131664833
16,47,0.734375,0.25,-0.101997486,-0.0747794953,-0.141486911,-0.102956865,-0.180500191,-0.131728737
16,48,0.75,0.25,-0.092624619,-0.0741094919,-0.128055795,-0.101234995,-0.163722272,-0.129529291
16,49,0.765625,0.25,-0.0830945455,-0.0723811472,-0.11434054,-0.0978875609,-0.146350981,-0.125071447
16,50,0.78125,0.25,-0.0735479985,-0.0696251915,-0.100576328,-0.0929883258,-0.128716494,-0.118446291
16,51,0.796875,0.25,-0.0641296477,-0.0659016812,-0.0870073976,-0.0866655934,-0.11117768,-0.10983582
16,52,0.8125,0.25,-0.0549837147,-0.0613001861,-0.0738771746,-0.0791008596,-0.0941039041,-0.0995112101
16,53,0.828125,0.25,-0.0462492482,-0.0559388422,-0.0614176312,-0.0705245572,-0.0778541004,-0.0878241841
16,54,0.84375,0.25,-0.038055325,-0.0499623088,-0.0498387445,-0.0612092128,-0.0627553508,-0.0751921802
16,55,0.859375,0.25,-0.0305164693,-0.0435387729,-0.0393189175,-0.0514606741,-0.0490833952,-0.0620790975
16,56,0.875,0.25,-0.0237285735,-0.036856242,-0.0299971375,-0.0416083272,-0.0370472735,-0.048974219
16,57,0.890625,0.25,-0.0177655537,-0.0301184243,-0.0219674256,-0.0319953532,-0.0267796032,-0.0363722376
16,58,0.90625,0.25,-0.0126768954,-0.0235405133,-0.0152758292,-0.0229700243,-0.0183330251,-0.0247570488
16,59,0.921875,0.25,-0.00848615258,-0.0173451578,-0.00991988912,-0.0148788181,-0.0116823284,-0.014591145
16,60,0.9375,0.25,-0.00519036912,-0.0117588223,-0.00585021963,-0.00806175017,-0.00673092582,-0.00631121991
16,61,0.953125,0.25,-0.00276031563,-0.00700862496,-0.00297364012,-0.00284984142,-0.0033198682,-0.000329174302
16,62,0.96875,0.25,-0.00114138272,-0.00331961203,-0.00115720707,0.00043589938,-0.00123752186,0.00296367247
16,63,0.984375,0.25,-0.000254943721,-0.000912277526,-0.000232540264,0.0014851201,-0.000228364798,0.00319258398
16,64,1,0.25,0,0,0,0,0,0
17,0,0,0.265625,0,0,0,0,0,0
17,1,0.015625,0.265625,-0.000699733846,0.00964000062,-0.000980792921,0.0125249743,-0.00126428608,0.0150490599
17,2,0.03125,0.265625,-0.00259583591,0.0184802245,-0.00357562447,0.0236790537,-0.00453511552,0.0281112399
17,3,0.046875,0.265625,-0.00550542203,0.0264711293,-0.00748104061,0.0334617108,-0.00937051919,0.0392893978
17,4,0.0625,0.265625,-0.00926704118,0.0336039759,-0.0124415034,0.0419539943,-0.0154163635,0.0488155735
17,5,0.078125,0.265625,-0.0137404835,0.0398995068,-0.0182487913,0.0492861487,-0.0224033257,0.0569809599
17,6,0.09375,0.265625,-0.0188056157,0.0453983387,-0.024738414,0.055611526,-0.0301370256,0.0640835102
17,7,0.109375,0.265625,-0.0243605847,0.0501529696,-0.031784134,0.0610863149,-0.0384843377,0.0703915094
17,8,0.125,0.265625,-0.0303196588,0.0542212866,-0.0392914497,0.0658546013,-0.0473582749,0.0761212276
17,9,0.140625,0.265625,-0.036610908,0.0576614373,-0.0471907288,0.0700382527,-0.0567032965,0.081426455
17,10,0.15625,0.265625,-0.0431738737,0.0605279184,-0.0554305364,0.0737310603,-0.0664823654,0.08639741
17,11,0.171875,0.265625,-0.0499573271,0.0628687375,-0.0639715673,0.076996501,-0.0766665355,0.0910663291
17,12,0.1875,0.265625,-0.0569171803,0.0647235143,-0.0727814606,0.0798684076,-0.0872273391,0.0954171242
17,13,0.203125,0.265625,-0.0640145881,0.066122411,-0.0818306385,0.0823537923,-0.0981318321,0.0993968289
17,14,0.21875,0.265625,-0.0712142616,0.0670857921,-0.0910891929,0.0844370786,-0.109339873,0.102927088
17,15,0.234375,0.265625,-0.0784830089,0.0676245251,-0.100524744,0.0860850649,-0.120803086,0.105914551
17,16,0.25,0.265625,-0.0857885098,0.0677408214,-0.110101131,0.0872520571,-0.132464961,0.108259596
17,17,0.265625,0.265625,-0.0930983258,0.0674295086,-0.119777748,0.0878847554,-0.144261626,0.109863225
17,18,0.28125,0.265625,-0.100379139,0.066679613,-0.129509363,0.0879266266,-0.156122948,0.11063227
17,19,0.296875,0.265625,-0.107596203,0.0654761274,-0.139246238,0.087321629,-0.167973769,0.110483158
17,20,0.3125,0.265625,-0.114712984,0.0638018478,-0.148934434,0.0860172605,-0.179735144,0.109344559
17,21,0.328125,0.265625,-0.121690959,0.0616391804,-0.158516206,0.0839669748,-0.191325574,0.107159182
17,22,0.34375,0.265625,-0.128489541,0.0589718437,-0.167930423,0.0811320506,-0.202662218,0.103884945
17,23,0.359375,0.265625,-0.135066101,0.0557864175,-0.177113004,0.0774830177,-0.213662097,0.0994957002
17,24,0.375,0.265625,-0.141376058,0.0520737128,-0.185997337,0.0730007418,-0.224243278,0.0939815815
17,25,0.390625,0.265625,-0.147373018,0.0478299586,-0.194514707,0.0676772575,-0.234325988,0.0873490666
17,26,0.40625,0.265625,-0.153008952,0.0430578133,-0.202594716,0.0615164214,-0.243833595,0.0796207534
17,27,0.421875,0.265625,-0.15823441,0.0377672208,-0.210165715,0.0545344353,-0.252693349,0.0708348868
17,28,0.4375,0.265625,-0.162998779,0.0319761316,-0.217155234,0.0467602755,-0.260836803,0.0610446719
17,29,0.453125,0.265625,-0.167250605,0.0257111103,-0.223490404,0.0382360492,-0.268199826,0.0503174403
17,30,0.46875,0.265625,-0.170937993,0.0190078419,-0.229098369,0.0290172919,-0.274722165,0.0387337693
17,31,0.484375,0.265625,-0.174009114,0.0119115448,-0.233906687,0.0191732162,-0.280346574,0.0263866801
17,32,0.5,0.265625,-0.17641284,0.00447727999,-0.237843732,0.00878691613,-0.285017549,0.013381052
17,33,0.515625,0.265625,-0.178099533,-0.00322985994,-0.240839131,-0.00204447084,-0.288679797,-0.000166618532
17,34,0.53125,0.265625,-0.179021992,-0.0111347156,-0.242824291,-0.0132096568,-0.291276595,-0.0141280145
17,35,0.546875,0.265625,-0.179136576,-0.0191522192,-0.243733093,-0.02458318,-0.292748244,-0.0283623056
17,36,0.5625,0.265625,-0.178404492,-0.0271877963,-0.243502845,-0.0360255229,-0.293030883,-0.0427149915
17,37,0.578125,0.265625,-0.176793251,-0.0351380647,-0.242075605,-0.0473834627,-0.292055924,-0.0570164034
17,38,0.59375,0.265625,-0.174278252,-0.0428918841,-0.239399976,-0.0584907877,-0.289750439,-0.0710800911
17,39,0.609375,0.265625,-0.170844476,-0.0503318079,-0.235433464,-0.0691695506,-0.286038793,-0.0847014464
17,40,0.625,0.265625,-0.166488233,-0.0573359816,-0.230145446,-0.0792320627,-0.28084582,-0.0976570328
17,41,0.640625,0.265625,-0.1612189,-0.0637805174,-0.223520736,-0.0884838479,-0.274101765,-0.109705204
17,42,0.65625,0.265625,-0.155060568,-0.0695423573,-0.215563657,-0.0967277626,-0.265749095,-0.120588664
17,43,0.671875,0.265625,-0.148053503,-0.074502613,-0.206302407,-0.103769435,-0.255751096,-0.130039624
17,44,0.6875,0.265625,-0.140255306,-0.0785503344,-0.195793413,-0.109424082,-0.244101884,-0.137788122
17,45,0.703125,0.265625,-0.13174164,-0.0815866251,-0.184125211,-0.113524609,-0.230837144,-0.143573814
17,46,0.71875,0.265625,-0.122606407,-0.0835289723,-0.171421349,-0.115930719,-0.216044519,-0.147161151
17,47,0.734375,0.265625,-0.112961221,-0.0843156143,-0.157841703,-0.11653853,-0.199872263,-0.148357313
17,48,0.75,0.265625,-0.102934077,-0.0839097195,-0.143581689,-0.115289996,-0.182534522,-0.147031571
17,49,0.765625,0.265625,-0.0926671267,-0.0823031119,-0.128868909,-0.112181281,-0.164311643,-0.143134146
17,50,0.78125,0.265625,-0.0823135119,-0.0795192586,-0.113957034,-0.107269151,-0.145544232,-0.136712135
17,51,0.796875,0.265625,-0.072033317,-0.0756152426,-0.0991170129,-0.100674516,-0.126620368,-0.127919926
17,52,0.8125,0.265625,-0.061988742,-0.0706824905,-0.084626033,-0.0925825123,-0.107956363,-0.117021949
17,53,0.828125,0.265625,-0.0523387269,-0.0648461142,-0.0707550147,-0.0832388219,-0.0899725999,-0.10438649
17,54,0.84375,0.265625,-0.0432333278,-0.0582628495,-0.0577556665,-0.0729424401,-0.0730669861,-0.0904706863
17,55,0.859375,0.265625,-0.0348082026,-0.0511177198,-0.0458482469,-0.0620355582,-0.0575891991,-0.0757983995
17,56,0.875,0.265625,-0.0271795771,-0.0436196896,-0.0352111205,-0.0508916424,-0.0438188859,-0.0609339749
17,57,0.890625,0.265625,-0.020440015,-0.0359966761,-0.025972963,-0.0399030424,-0.0319503349,-0.0464557401
17,58,0.90625,0.265625,-0.0146552285,-0.0284903302,-0.0182080971,-0.0294694825,-0.022084932,-0.0329330415
17,59,0.921875,0.265625,-0.00986203962,-0.0213509769,-0.0119350095,-0.0199885732,-0.0142312928,-0.0209097747
17,60,0.9375,0.265625,-0.00606748016,-0.014833018,-0.00711768222,-0.0118490426,-0.00831166833,-0.0108958509
17,61,0.953125,0.265625,-0.00324890107,-0.00919096499,-0.00366904889,-0.00542678961,-0.00417234896,-0.00336618467
17,62,0.96875,0.265625,-0.00135488239,-0.00467610905,-0.00145571257,-0.00108319072,-0.00159548534,0.00123507206
17,63,0.984375,0.265625,-0.000306688053,-0.00153365762,-0.000303052451,0.000835574135,-0.00031000407,0.00248896075
17,64,1,0.265625,0,0,0,0,0,0
18,0,0,0.28125,0,0,0,0,0,0
18,1,0.015625,0.28125,-0.000734457035,0.0109711625,-0.00103195207,0.0143614091,-0.00133214881,0.0173807529
18,2,0.03125,0.28125,-0.00272172188,0.0209431429,-0.00375648318,0.0270147215,-0.00476996715,0.0322744891
18,3,0.046875,0.28125,-0.00576776907,0.0298881722,-0.00785080913,0.0380076939,-0.00984257045,0.0448720783
18,4,0.0625,0.28125,-0.00970177396,0.0378197495,-0.0130440605,0.047471048,-0.0161737301,0.0554954793
18,5,0.078125,0.28125,-0.0143757919,0.0447801104,-0.01911619,0.0555823462,-0.0234778682,0.064518777
18,6,0.09375,0.28125,-0.0196634459,0.0508298041,-0.0258938872,0.0625374508,-0.0315491359,0.0723104124
18,7,0.109375,0.28125,-0.0254579739,0.0560391982,-0.0332446033,0.0685287866,-0.0402466399,0.0791941354
18,8,0.125,0.28125,-0.0316699084,0.0604817237,-0.0410695503,0.0737297194,-0.0494782757,0.0854262114
18,9,0.140625,0.28125,-0.0382245999,0.064228662,-0.0492963785,0.0782843843,-0.0591851116,0.0911861424
18,10,0.15625,0.28125,-0.0450597358,0.0673452782,-0.0578720937,0.0823022607,-0.0693277136,0.0965778345
18,11,0.171875,0.28125,-0.0521229583,0.0698881086,-0.0667566432,0.0858567163,-0.0798752217,0.101637976
18,12,0.1875,0.28125,-0.0593696443,0.0719032401,-0.0759174554,0.0889866718,-0.0907974341,0.106348529
18,13,0.203125,0.28125,-0.0667608876,0.0734254479,-0.0853250772,0.0917004997,-0.102059708,0.110650692
18,14,0.21875,0.28125,-0.0742617036,0.0744780822,-0.0949499234,0.0939812971,-0.113620194,0.114458387
18,15,0.234375,0.28125,-0.0818394728,0.0750736054,-0.104760047,0.0957927737,-0.125428796,0.117670083
18,16,0.25,0.28125,-0.0894626297,0.0752146745,-0.11471977,0.0970851383,-0.137427282,0.12017842
18,17,0.265625,0.28125,-0.0970996006,0.0748956524,-0.124788986,0.0978005539,-0.149550064,0.121877604
18,18,0.28125,0.28125,-0.10471798,0.0741044158,-0.134922938,0.0978779023,-0.161725322,0.122668845
18,19,0.296875,0.28125,-0.11228393,0.0728243279,-0.145072313,0.0972567544,-0.173876285,0.122464214
18,20,0.3125,0.28125,-0.119761768,0.0710362509,-0.155183517,0.0958805538,-0.185922581,0.121189307
18,21,0.328125,0.28125,-0.127113723,0.0687204953,-0.165199049,0.0936990967,-0.197781632,0.118785063
18,22,0.34375,0.28125,-0.134299809,0.0658586312,-0.175057924,0.0906704254,-0.20937011,0.115208952
18,23,0.359375,0.28125,-0.141277784,0.0624351161,-0.18469612,0.0867622622,-0.220605419,0.110435696
18,24,0.375,0.28125,-0.14800318,0.0584387193,-0.194047032,0.0819530992,-0.23140717,0.104457584
18,25,0.390625,0.28125,-0.154429362,0.0538637483,-0.203041949,0.0762330366,-0.241698561,0.0972844084
18,26,0.40625,0.28125,-0.160507623,0.0487110956,-0.211610534,0.0696044388,-0.251407547,0.0889430168
18,27,0.421875,0.28125,-0.166187314,0.0429891338,-0.219681292,0.062082453,-0.260467663,0.0794765034
18,28,0.4375,0.28125,-0.171416019,0.0367144917,-0.227182017,0.0536954205,-0.268818397,0.0689430896
18,29,0.453125,0.28125,-0.176139792,0.0299127367,-0.234040185,0.0444852009,-0.276405012,0.0574147917
18,30,0.46875,0.28125,-0.180303492,0.0226189824,-0.240183271,0.0345074281,-0.283177787,0.0449760258
18,31,0.484375,0.28125,-0.183851238,0.0148784269,-0.245538986,0.023831721,-0.289090684,0.0317223257
18,32,0.5,0.28125,-0.186727002,0.00674681245,-0.250035434,0.0125418728,-0.294099516,0.017759369
18,33,0.515625,0.28125,-0.188875385,-0.00170921731,-0.253601233,0.000736044267,-0.298159739,0.00320249196
18,34,0.53125,0.28125,-0.190242567,-0.0104119007,-0.256165656,-0.0114730245,-0.301224032,-0.0118231583
18,35,0.546875,0.28125,-0.190777455,-0.0192723302,-0.257658891,-0.0239577874,-0.303239891,-0.0271817438
18,36,0.5625,0.28125,-0.190433044,-0.0281906717,-0.258012547,-0.0365756889,-0.304147486,-0.0427251131
18,37,0.578125,0.28125,-0.189167959,-0.0370566947,-0.257160543,-0.0491690664,-0.303878088,-0.058290524
18,38,0.59375,0.28125,-0.186948189,-0.0457506783,-0.255040536,-0.0615652944,-0.302353393,-0.0736979122
18,39,0.609375,0.28125,-0.183748971,-0.0541447596,-0.251596042,-0.0735773681,-0.299486131,-0.0887470512
18,40,0.625,0.28125,-0.179556788,-0.0621047817,-0.246779351,-0.0850051786,-0.295182333,-0.1032151
18,41,0.640625,0.28125,-0.17437142,-0.0694926915,-0.240555314,-0.0956377737,-0.289345624,-0.116855198
18,42,0.65625,0.28125,-0.168207968,-0.076169517,-0.232905944,-0.105256914,-0.281883834,-0.1293969
18,43,0.671875,0.28125,-0.161098741,-0.0819989311,-0.223835705,-0.113642203,-0.27271804,-0.14054935
18,44,0.6875,0.28125,-0.153094893,-0.0868513718,-0.213377168,-0.120577983,-0.261793913,-0.150008072
18,45,0.703125,0.28125,-0.144267659,-0.0906086501,-0.201596574,-0.125862043,-0.249094828,-0.157466089
18,46,0.71875,0.28125,-0.134709034,-0.0931689193,-0.188598686,-0.129315946,-0.234655758,-0.162629713
18,47,0.734375,0.28125,-0.124531717,-0.0944518244,-0.174530197,-0.130796524,-0.218576438,-0.165238734
18,48,0.75,0.28125,-0.113868185,-0.0944035857,-0.159580927,-0.130207789,-0.201031851,-0.165089912
18,49,0.765625,0.28125,-0.102868741,-0.0930017128,-0.14398211,-0.127512216,-0.182277832,-0.162061737
18,50,0.78125,0.28125,-0.0916984581,-0.0902590012,-0.128001279,-0.122740221,-0.162649712,-0.156137566
18,51,0.796875,0.28125,-0.080533008,-0.0862264512,-0.111933631,-0.115996594,-0.142552524,-0.147423689
18,52,0.8125,0.28125,-0.0695534611,-0.0809947761,-0.0960901345,-0.107462858,-0.122442353,-0.136158978
18,53,0.828125,0.28125,-0.0589402636,-0.0746942564,-0.0807831951,-0.0973949237,-0.102799926,-0.122713561
18,54,0.84375,0.28125,-0.0488667213,-0.0674928331,-0.0663110404,-0.0861159806,-0.0840990388,-0.107575581
18,55,0.859375,0.28125,-0.0394924131,-0.0595925237,-0.0529422924,-0.0740052201,-0.0667736608,-0.0913271978
18,56,0.875,0.28125,-0.0309570024,-0.0512244296,-0.0409022082,-0.0614836111,-0.0511880296,-0.0746130832
18,57,0.890625,0.28125,-0.0233748904,-0.0426427729,-0.0303618573,-0.0489983767,-0.0376136262,-0.0581061915
18,58,0.90625,0.28125,-0.0168310581,-0.0341184887,-0.0214310724,-0.0370079779,-0.0262155645,-0.0424760909
18,59,0.921875,0.28125,-0.0113782941,-0.0259329062,-0.0141554413,-0.025969233,-0.0170490705,-0.0283644087
18,60,0.9375,0.28125,-0.00703583271,-0.0183719608,-0.00851703024,-0.0163277108,-0.0100648154,-0.0163701637
18,61,0.953125,0.28125,-0.00378926516,-0.0117212227,-0.00443803748,-0.00851181107,-0.00512041566,-0.00704535729
18,62,0.96875,0.28125,-0.00159146389,-0.00626182504,-0.00178627425,-0.00293009706,-0.00199470147,-0.000898672421
18,63,0.984375,0.28125,-0.000364186544,-0.00226715992,-0.000381279185,2.94075323e-05,-0.000401446344,0.00159709864
18,64,1,0.28125,0,0,0,0,0,0
19,0,0,0.296875,0,0,0,0,0,0
19,1,0.015625,0.296875,-0.000765015541,0.0123617225,-0.00107473793,0.0162814575,-0.00138624626,0.019819027
19,2,0.03125,0.296875,-0.00283265067,0.0235135365,-0.00390823804,0.0304979108,-0.00495840772,0.0366216615
19,3,0.046875,0.296875,-0.00599927388,0.0334511814,-0.00816206349,0.0427492881,-0.0102234361,0.0506931607
19,4,0.0625,0.296875,-0.0100860037,0.0422119987,-0.0135528659,0.0532193752,-0.0167877168,0.0624508712
19,5,0.078125,0.296875,-0.0149382465,0.0498611788,-0.0198508341,0.0621359754,-0.0243523432,0.0723563657
19,6,0.09375,0.296875,-0.0204242483,0.0564805208,-0.0268752208,0.0697399393,-0.0327015547,0.0808522819
19,7,0.109375,0.296875,-0.0264330098,0.0621594321,-0.0344880104,0.076261978,-0.0416872938,0.0883206492
19,8,0.125,0.296875,-0.0328718365,0.0669879126,-0.0425865744,0.0819063766,-0.0512123492,0.0950596993
19,9,0.140625,0.296875,-0.0396637378,0.0710512647,-0.0510960164,0.0868407962,-0.0612140863,0.101275893
19,10,0.15625,0.296875,-0.0467448268,0.0744262768,-0.0599617814,0.091191325,-0.0716502261,0.10708752
19,11,0.171875,0.296875,-0.0540618249,0.0771786459,-0.0691429714,0.0950418626,-0.0824875212,0.11253605
19,12,0.1875,0.296875,-0.0615697371,0.0793614437,-0.0786066642,0.0984368416,-0.0936935869,0.117601611
19,13,0.203125,0.296875,-0.0692297331,0.0810144703,-0.0883233817,0.10138626,-0.105231665,0.122219589
19,14,0.21875,0.296875,-0.0770072604,0.0821643772,-0.0982637173,0.103872048,-0.117057796,0.126296175
19,15,0.234375,0.296875,-0.0848704026,0.0828254511,-0.108396022,0.105854911,-0.129119757,0.129721639
19,16,0.25,0.296875,-0.092788494,0.0830009493,-0.118684977,0.107280996,-0.141357162,0.132380863
19,17,0.265625,0.296875,-0.100730991,0.0826848592,-0.129090847,0.108087924,-0.153702262,0.134161265
19,18,0.28125,0.296875,-0.108666591,0.081863942,-0.139569227,0.108209954,-0.166081109,0.134958492
19,19,0.296875,0.296875,-0.116562584,0.0805199149,-0.150071111,0.107582208,-0.178414946,0.134680417
19,20,0.3125,0.296875,-0.124384389,0.0786316415,-0.160543148,0.106143996,-0.190621727,0.133249906
19,21,0.328125,0.296875,-0.132095266,0.0761772215,-0.170928033,0.103841382,-0.202617764,0.130606711
19,22,0.34375,0.296875,-0.139656128,0.0731359047,-0.181164952,0.100629122,-0.214319483,0.126708733
19,23,0.359375,0.296875,-0.147025448,0.0694897889,-0.191190085,0.0964721252,-0.225645243,0.12153276
19,24,0.375,0.296875,-0.154159206,0.0652252902,-0.200937148,0.0913465713,-0.236517124,0.115074724
19,25,0.390625,0.296875,-0.161010873,0.0603344009,-0.210337957,0.08524076,-0.246862567,0.107349444
19,26,0.40625,0.296875,-0.167531423,0.0548157658,-0.219322999,0.0781557639,-0.2566157,0.0983898553
19,27,0.421875,0.296875,-0.173669367,0.0486756174,-0.227821972,0.0701059179,-0.265718202,0.0882457368
19,28,0.4375,0.296875,-0.179370844,0.0419286096,-0.235764269,0.0611191682,-0.274119578,0.0769820208
19,29,0.453125,0.296875,-0.184579779,0.0345985835,-0.243079335,0.0512373031,-0.281776755,0.0646768301
19,30,0.46875,0.296875,-0.189238145,0.0267192874,-0.24969689,0.040516093,-0.288652979,0.0514194408
19,31,0.484375,0.296875,-0.193286352,0.0183350544,-0.255546973,0.0290253795,-0.294716037,0.0373084091
19,32,0.5,0.296875,-0.196663793,0.00950142785,-0.260559824,0.0168491636,-0.299935892,0.0224501072
19,33,0.515625,0.296875,-0.199309579,0.000285704526,-0.264665631,0.00408575101,-0.30428185,0.00695789729
19,34,0.53125,0.296875,-0.20116346,-0.00923264599,-0.267794222,-0.00915199895,-0.307719442,-0.00904786278
19,35,0.546875,0.296875,-0.20216698,-0.0189617416,-0.269874797,-0.0227362886,-0.310207215,-0.0254388513
19,36,0.5625,0.296875,-0.20226484,-0.0287972922,-0.27083587,-0.0365238709,-0.311693674,-0.0420767946
19,37,0.578125,0.296875,-0.201406507,-0.0386229199,-0.27060557,-0.0503554739,-0.312114669,-0.058810497
19,38,0.59375,0.296875,-0.199548043,-0.0483108728,-0.26911253,-0.064055289,-0.311391574,-0.075472048
19,39,0.609375,0.296875,-0.196654147,-0.0577232093,-0.266287548,-0.0774307353,-0.309430635,-0.0918725061
19,40,0.625,0.296875,-0.192700376,-0.0667135318,-0.262066222,-0.0902727906,-0.306123972,-0.10779754
19,41,0.640625,0.296875,-0.187675505,-0.0751293365,-0.256392697,-0.102357256,-0.301352707,-0.123003704
19,42,0.65625,0.296875,-0.181583927,-0.0828150369,-0.249224589,-0.113447372,-0.294992699,-0.137216248
19,43,0.671875,0.296875,-0.174448013,-0.0896156888,-0.240539003,-0.12329821,-0.286923268,-0.150129545
19,44,0.6875,0.296875,-0.166310278,-0.0953814159,-0.230339426,-0.131663212,-0.277039062,-0.161411334
19,45,0.703125,0.296875,-0.157235208,-0.0999724839,-0.218663028,-0.138303091,-0.265264849,-0.170711969
19,46,0.71875,0.296875,-0.147310543,-0.103264915,-0.205587721,-0.142997097,-0.251572483,-0.177679541
19,47,0.734375,0.296875,-0.136647829,-0.105156463,-0.191238096,-0.145556288,-0.235998623,-0.18198122
19,48,0.75,0.296875,-0.125382031,-0.105572695,-0.175789251,-0.145838083,-0.218661069,-0.183330177
19,49,0.765625,0.296875,-0.11367001,-0.104472839,-0.159467503,-0.143760929,-0.199771021,-0.181516285
19,50,0.78125,0.296875,-0.101687731,-0.101854992,-0.142547133,-0.139317629,-0.179638303,-0.176437442
19,51,0.796875,0.296875,-0.0896261123,-0.0977602395,-0.125342671,-0.132585661,-0.158666946,-0.168127285
19,52,0.8125,0.296875,-0.0776855561,-0.0922752349,-0.108196757,-0.123732948,-0.137339522,-0.156774548
19,53,0.828125,0.296875,-0.0660693314,-0.085532854,-0.0914642329,-0.113017916,-0.116190361,-0.142729804
19,54,0.84375,0.296875,-0.0549761368,-0.0777107,-0.075493765,-0.100783343,-0.0957698753,-0.126496951
19,55,0.859375,0.296875,-0.0445923211,-0.0690274386,-0.0606087415,-0.0874443903,-0.0766042104,-0.108709409
19,56,0.875,0.296875,-0.0350843376,-0.0597372122,-0.0470894185,-0.0734720775,-0.0591557515,-0.0900940095
19,57,0.890625,0.296875,-0.0265920163,-0.0501226205,-0.035158129,-0.0593741783,-0.0437900624,-0.0714282052
19,58,0.90625,0.296875,-0.0192231576,-0.0404869265,-0.0249689036,-0.0456758985,-0.0307535902,-0.0534975972
19,59,0.921875,0.296875,-0.0130497698,-0.0311462022,-0.0166021427,-0.0329026153,-0.0201641646,-0.0370605239
19,60,0.9375,0.296875,-0.00810605337,-0.0224220469,-0.0100641899,-0.0215664464,-0.0120136567,-0.0228245057
19,61,0.953125,0.296875,-0.00438800735,-0.0146353338,-0.00529094229,-0.0121575456,-0.006179882,-0.0114362986
19,62,0.96875,0.296875,-0.00185435101,-0.00810118766,-0.00215413863,-0.00513994901,-0.00244347259,-0.00348389726
19,63,0.984375,0.296875,-0.00042833915,-0.00312512152,-0.000468753527,-0.000950700115,-0.000505204134,0.000494259282
19,64,1,0.296875,0,0,0,0,0,0
20,0,0,0.3125,0,0,0,0,0,0
20,1,0.015625,0.3125,-0.000790963172,0.0138038132,-0.00110808004,0.0182696471,-0.00142478935,0.0223391606
20,2,0.03125,0.3125,-0.0029270912,0.0261774013,-0.00402735009,0.034102047,-0.00509473581,0.041111679
20,3,0.046875,0.3125,-0.00619687268,0.0371415252,-0.00840794914,0.0476523217,-0.0105024159,0.0567013873
20,4,0.0625,0.3125,-0.0104148209,0.0467587221,-0.0139572722,0.0591598186,-0.0172421802,0.0696243863
20,5,0.078125,0.3125,-0.0154208681,0.055118355,-0.0204380264,0.0689047012,-0.0250050511,0.080432615
20,6,0.09375,0.3125,-0.0210788035,0.0623245674,-0.0276635157,0.0771746272,-0.0335670252,0.0896453631
20,7,0.109375,0.3125,-0.0272740902,0.0684867864,-0.0354911252,0.0842401402,-0.0427734674,0.0977049299
20,8,0.125,0.3125,-0.033911324,0.0737124517,-0.0438148011,0.0903377254,-0.0525219874,0.104953004
20,9,0.140625,0.3125,-0.040911546,0.0781016522,-0.0525572092,0.0956595913,-0.0627458355,0.111624019
20,10,0.15625,0.3125,-0.048209558,0.0817433653,-0.0616621532,0.100349216,-0.073399346,0.117851269
20,11,0.171875,0.3125,-0.0557513462,0.084713019,-0.0710877064,0.104501599,-0.0844463324,0.123681337
20,12,0.1875,0.3125,-0.0634916759,0.0870711483,-0.0808003679,0.108167082,-0.0958517169,0.129092673
20,13,0.203125,0.3125,-0.0713918958,0.0888629712,-0.0907703967,0.111357553,-0.107576164,0.134014901
20,14,0.21875,0.3125,-0.0794179764,0.0901187518,-0.100968334,0.114053938,-0.119573173,0.138346478
20,15,0.234375,0.3125,-0.0875387983,0.090854839,-0.111362609,0.116214033,-0.131787976,0.141969449
20,16,0.25,0.3125,-0.0957247034,0.0910752627,-0.121918047,0.117779963,-0.144157629,0.144760925
20,17,0.265625,0.3125,-0.103946309,0.0907737497,-0.132595083,0.118684804,-0.156611831,0.14660155
20,18,0.28125,0.3125,-0.112173578,0.0899360085,-0.143349467,0.118858166,-0.169074189,0.14738153
20,19,0.296875,0.3125,-0.120375119,0.0885421257,-0.154132319,0.118230676,-0.181463753,0.147004831
20,20,0.3125,0.3125,-0.128517683,0.0865689334,-0.1648904,0.116737477,-0.193696781,0.145392125
20,21,0.328125,0.3125,-0.136565819,0.0839922346,-0.175566524,0.1143209,-0.205688694,0.14248282
20,22,0.34375,0.3125,-0.144481632,0.0807888135,-0.186100083,0.110932477,-0.21735617,0.138236431
20,23,0.359375,0.3125,-0.152224628,0.0769381933,-0.196427639,0.106534458,-0.228619317,0.132633336
20,24,0.375,0.3125,-0.159751581,0.0724241441,-0.206483593,0.101100972,-0.23940376,0.125674908
20,25,0.390625,0.3125,-0.167016441,0.0672359656,-0.216200872,0.0946188871,-0.249642493,0.117382984
20,26,0.40625,0.3125,-0.173970257,0.0613695894,-0.225511624,0.0870884538,-0.259277307,0.107798652
20,27,0.421875,0.3125,-0.180561126,0.0548285549,-0.234347856,0.0785237233,-0.268259628,0.0969803821
20,28,0.4375,0.3125,-0.186734204,0.0476249041,-0.242641949,0.0689527833,-0.27655064,0.0850016426
20,29,0.453125,0.3125,-0.192431777,0.039780038,-0.250327006,0.0584178219,-0.284120628,0.0719481924
20,30,0.46875,0.3125,-0.197593459,0.0313255546,-0.257336955,0.046975066,-0.290947534,0.0579153078
20,31,0.484375,0.3125,-0.2021565,0.0223040746,-0.263606404,0.0346946548,-0.297014772,0.0430052383
20,32,0.5,0.3125,-0.206056275,0.0127700395,-0.269070219,0.0216605312,-0.302308406,0.0273251813
20,33,0.515625,0.3125,-0.209226942,0.00279045009,-0.273662878,0.0079704423,-0.30681381,0.0109860426
20,34,0.53125,0.3125,-0.211602315,-0.00755449921,-0.277317663,-0.0062638584,-0.31051198,-0.00589779259
20,35,0.546875,0.3125,-0.213116952,-0.0181709506,-0.279965814,-0.0209161393,-0.313375662,-0.0232075125
20,36,0.5625,0.3125,-0.213707498,-0.0289511444,-0.281535809,-0.0358449165,-0.315365514,-0.0408176592
20,37,0.578125,0.3125,-0.213314276,-0.0397734914,-0.281952964,-0.0508924066,-0.316426548,-0.0585926237
20,38,0.59375,0.3125,-0.211883167,-0.0505030391,-0.281139609,-0.0658833166,-0.31648515,-0.0763819469
20,39,0.609375,0.3125,-0.209367745,-0.0609924269,-0.279016079,-0.0806236763,-0.315447092,-0.0940146535
20,40,0.625,0.3125,-0.205731688,-0.0710834233,-0.275502801,-0.094900029,-0.313196995,-0.111293029
20,41,0.640625,0.3125,-0.200951406,-0.0806091405,-0.27052371,-0.108479406,-0.30959984,-0.127986471
20,42,0.65625,0.3125,-0.19501883,-0.0893970095,-0.264011162,-0.121110608,-0.30450516,-0.143826338
20,43,0.671875,0.3125,-0.187944258,-0.0972725803,-0.255912403,-0.132527366,-0.29775457,-0.158502986
20,44,0.6875,0.3125,-0.179759113,-0.104064176,-0.246197458,-0.142453957,-0.289193121,-0.171666491
20,45,0.703125,0.3125,-0.170518443,-0.109608385,-0.234868079,-0.150613747,-0.278684708,-0.182932668
20,46,0.71875,0.3125,-0.160302932,-0.113756298,-0.221967094,-0.156740878,-0.266131173,-0.191895939
20,47,0.734375,0.3125,-0.149220196,-0.116380336,-0.207587222,-0.160594995,-0.251494022,-0.198150148
20,48,0.75,0.3125,-0.137405094,-0.117381405,-0.191878137,-0.161978382,-0.234816695,-0.201317514
20,49,0.765625,0.3125,-0.125018822,-0.116696013,-0.175050455,-0.160754334,-0.216244394,-0.201084504
20,50,0.78125,0.3125,-0.112246556,-0.114302899,-0.15737536,-0.156865053,-0.196037735,-0.19724164
20,51,0.796875,0.3125,-0.0992935047,-0.110228626,-0.139178877,-0.15034697,-0.174576353,-0.18972247
20,52,0.8125,0.3125,-0.0863793219,-0.104551557,-0.120830398,-0.141341296,-0.152349279,-0.178635563
20,53,0.828125,0.3125,-0.0737309948,-0.0974036756,-0.102725824,-0.130097915,-0.129930671,-0.164283208
20,54,0.84375,0.3125,-0.0615745072,-0.0889698434,-0.0852665813,-0.116971472,-0.107942068,-0.147161732
20,55,0.859375,0.3125,-0.0501257864,-0.0794843229,-0.0688365233,-0.102409567,-0.0870052441,-0.127941321
20,56,0.875,0.3125,-0.0395816072,-0.0692247344,-0.053779203,-0.0869342235,-0.0676921631,-0.107427231
20,57,0.890625,0.3125,-0.0301112008,-0.0585039528,-0.0403780347,-0.0711188916,-0.0504795717,-0.0865083528
20,58,0.90625,0.3125,-0.0218492684,-0.0476607352,-0.0288414079,-0.0555639642,-0.0357149341,-0.0661019887
20,59,0.921875,0.3125,-0.0148909075,-0.0370500104,-0.0192939732,-0.0408739466,-0.0235978814,-0.0471043422
20,60,0.9375,0.3125,-0.0092886829,-0.0270337232,-0.0117742772,-0.0276389111,-0.0141778179,-0.0303544463
20,61,0.953125,0.3125,-0.00505176885,-0.0179729251,-0.00623791227,-0.0164218623,-0.00736493342,-0.0166155414
20,62,0.96875,0.3125,-0.0021468222,-0.0102214932,-0.00256457773,-0.00775228583,-0.00294952095,-0.00657335029
20,63,0.984375,0.3125,-0.000500069073,-0.00412151093,-0.000567044809,-0.0021247311,-0.000623669957,-0.000846373953
20,64,1,0.3125,0,0,0,0,0,0
21,0,0,0.328125,0,0,0,0,0,0
21,1,0.015625,0.328125,-0.000811874047,0.0152888137,-0.00113101324,0.0203088076,-0.00144625594,0.0249137629
21,2,0.03125,0.328125,-0.00300358364,0.028919446,-0.00411062532,0.0377977799,-0.00517408076,0.0456992881
21,3,0.046875,0.328125,-0.00635764536,0.0409389111,-0.00858227091,0.0526792103,-0.0106703398,0.0628406051
21,4,0.0625,0.328125,-0.0106835456,0.051435994,-0.0142476411,0.0652494525,-0.0175232564,0.0769535065
21,5,0.078125,0.328125,-0.0158169987,0.0605251614,-0.0208644392,0.0758422189,-0.0254173354,0.0886812108
21,6,0.09375,0.328125,-0.0216183042,0.0683337429,-0.028241601,0.0847930381,-0.0341221114,0.0986206981
21,7,0.109375,0.328125,-0.0279701071,0.0749919526,-0.0362327983,0.0924132633,-0.0434769548,0.107275611
21,8,0.125,0.328125,-0.0347748124,0.0806253684,-0.0447289365,0.0989724605,-0.0533741654,0.115032067
21,9,0.140625,0.328125,-0.0419518527,0.0853494987,-0.0536502925,0.104688148,-0.0637423904,0.122153252
21,10,0.15625,0.328125,-0.0494349599,0.089266077,-0.062938873,0.109721822,-0.0745319688,0.128788017
21,11,0.171875,0.328125,-0.0571695393,0.0924607638,-0.072551459,0.114180077,-0.0857031777,0.134988421
21,12,0.1875,0.328125,-0.0651102143,0.0950019933,-0.0824536628,0.118119532,-0.0972177139,0.140731442
21,13,0.203125,0.328125,-0.0732185763,0.0969407709,-0.0926151659,0.121554227,-0.109033205,0.145941045
21,14,0.21875,0.328125,-0.0814611687,0.0983112797,-0.103006153,0.12446426,-0.121100212,0.150507988
21,15,0.234375,0.328125,-0.0898077218,0.0991321782,-0.113594843,0.126804624,-0.133361073,0.154306094
21,16,0.25,0.328125,-0.098229653,0.0994084602,-0.124345935,0.12851347,-0.145749984,0.157204718
21,17,0.265625,0.328125,-0.106698834,0.0991337342,-0.135219776,0.129519343,-0.158193876,0.159077826
21,18,0.28125,0.328125,-0.115186617,0.098292752,-0.146172041,0.129747191,-0.170613798,0.159810413
21,19,0.296875,0.328125,-0.12366309,0.0968640198,-0.15715378,0.129123141,-0.182926665,0.159303009
21,20,0.3125,0.328125,-0.132096532,0.0948223408,-0.168111724,0.127578201,-0.195047313,0.157474846
21,21,0.328125,0.328125,-0.140453013,0.0921411705,-0.178988759,0.125051065,-0.20689078,0.1542661
21,22,0.34375,0.328125,-0.148696105,0.0887947139,-0.189724554,0.121490237,-0.218374769,0.149639356
21,23,0.359375,0.328125,-0.156786645,0.0847597371,-0.200256284,0.116855636,-0.229422124,0.14358035
21,24,0.375,0.328125,-0.164682547,0.0800171034,-0.210519451,0.111119804,-0.239963177,0.1360979
21,25,0.390625,0.328125,-0.172338622,0.074553077,-0.220448727,0.104268791,-0.249937737,0.127222991
21,26,0.40625,0.328125,-0.179706425,0.0683604512,-0.229978795,0.0963027476,-0.259296537,0.11700699
21,27,0.421875,0.328125,-0.18673413,0.0614395642,-0.239045081,0.0872362428,-0.268001971,0.105519069
21,28,0.4375,0.328125,-0.193366457,0.0537992605,-0.24758433,0.077098318,-0.276028015,0.0928430207
21,29,0.453125,0.328125,-0.199544685,0.0454578385,-0.255534921,0.0659323086,-0.283359294,0.0790737244
21,30,0.46875,0.328125,-0.20520676,0.0364440097,-0.262836874,0.053795491,-0.289989316,0.0643135852
21,31,0.484375,0.328125,-0.210287541,0.0267978705,-0.2694315,0.0407586437,-0.295917946,0.0486692811
21,32,0.5,0.328125,-0.214719191,0.0165718706,-0.275260686,0.0269056384,-0.301148233,0.0322491447
21,33,0.515625,0.328125,-0.21843175,0.00583174516,-0.280265851,0.0123331954,-0.305682721,0.015161471
21,34,0.53125,0.328125,-0.2213539,-0.00534263594,-0.284386635,-0.00284906287,-0.309519362,-0.00248601093
21,35,0.546875,0.328125,-0.22341395,-0.0168565594,-0.287559449,-0.0185181433,-0.312647198,-0.0205853164
21,36,0.5625,0.328125,-0.224541076,-0.0285999684,-0.289716056,-0.0345367214,-0.315041948,-0.0390259084
21,37,0.578125,0.328125,-0.224666839,-0.0404472504,-0.290782385,-0.0507516733,-0.316661684,-0.0576908616
21,38,0.59375,0.328125,-0.223727015,-0.0522574039,-0.290677861,-0.0669921736,-0.317442856,-0.076451504
21,39,0.609375,0.328125,-0.221663768,-0.0638746882,-0.289315536,-0.0830675432,-0.317296979,-0.0951606609
21,40,0.625,0.328125,-0.218428167,-0.0751298708,-0.286603371,-0.09876516,-0.316108469,-0.113644792
21,41,0.640625,0.328125,-0.213983045,-0.0858421944,-0.282446984,-0.113848895,-0.313734215,-0.131695538
21,42,0.65625,0.328125,-0.208306143,-0.0958221852,-0.276754173,-0.128058679,-0.310005676,-0.149061518
21,43,0.671875,0.328125,-0.201393454,-0.104875406,-0.269441413,-0.141111914,-0.304734344,-0.165441583
21,44,0.6875,0.328125,-0.193262624,-0.112807231,-0.260442358,-0.152707536,-0.29772147,-0.180481197
21,45,0.703125,0.328125,-0.183956211,-0.119428665,-0.249718129,-0.162533455,-0.28877273,-0.193773917
21,46,0.71875,0.328125,-0.173544552,-0.124563162,-0.237268848,-0.170277954,-0.277718071,-0.204870227
21,47,0.734375,0.328125,-0.162127964,-0.128054301,-0.223145455,-0.175645246,-0.264436217,-0.213295698
21,48,0.75,0.328125,-0.149837946,-0.129774069,-0.20746049,-0.178374851,-0.248882189,-0.218579806
21,49,0.765625,0.328125,-0.136837087,-0.129631377,-0.19039618,-0.178263706,-0.231114892,-0.220295246
21,50,0.78125,0.328125,-0.123317361,-0.127580309,-0.172208068,-0.175189207,-0.211320512,-0.218105483
21,51,0.796875,0.328125,-0.109496594,-0.123627474,-0.153222595,-0.169130622,-0.189826664,-0.211815741
21,52,0.8125,0.328125,-0.0956129534,-0.117837745,-0.133827582,-0.160186001,-0.167102289,-0.20142023
21,53,0.828125,0.328125,-0.081917492,-0.110337669,-0.114455472,-0.148581733,-0.143739736,-0.187137014
21,54,0.84375,0.328125,-0.068664991,-0.101315908,-0.0955603126,-0.134672643,-0.120418284,-0.169422378
21,55,0.859375,0.328125,-0.056103602,-0.0910203386,-0.0775906172,-0.118931769,-0.0978522021,-0.148959314
21,56,0.875,0.328125,-0.0444640391,-0.0797517979,-0.0609611091,-0.101930566,-0.0767302204,-0.126619682
21,57,0.890625,0.328125,-0.0339492384,-0.0678549592,-0.0460266817,-0.0843119734,-0.057655878,-0.103405434
21,58,0.90625,0.328125,-0.0247254178,-0.0557072198,-0.0330615986,-0.06675996,-0.0410983748,-0.0803792875
21,59,0.921875,0.328125,-0.0169152989,-0.0437067877,-0.0222460108,-0.049969746,-0.0273611668,-0.05859764
21,60,0.9375,0.328125,-0.0105939251,-0.0322611855,-0.0136605457,-0.0346225074,-0.0165712114,-0.0390574537
21,61,0.953125,0.328125,-0.00578710874,-0.0217771945,-0.00728832736,-0.0213672451,-0.00868696506,-0.0226645955
21,62,0.96875,0.328125,-0.00247216461,-0.0126528874,-0.00302263168,-0.0108108165,-0.00351946306,-0.0102251607
21,63,0.984375,0.328125,-0.000580314503,-0.00527194372,-0.000677692893,-0.00351527785,-0.000758978848,-0.00245526167
21,64,1,0.328125,0,0,0,0,0,0
22,0,0,0.34375,0,0,0,0,0,0
22,1,0.015625,0.34375,-0.000827357687,0.0168073969,-0.00114271594,0.0223802724,-0.00144945905,0.0275132414
22,2,0.03125,0.34375,-0.00306078827,0.0317231726,-0.00415533195,0.0415533047,-0.00519259941,0.0503357629
22,3,0.046875,0.34375,-0.00647890797,0.0448214872,-0.00867970605,0.0577893375,-0.0107199072,0.0690505629
22,4,0.0625,0.34375,-0.0108878675,0.0562180755,-0.0144156544,0.0714419869,-0.0176198326,0.0843713819
22,5,0.078125,0.34375,-0.0161204908,0.0660531136,-0.0211185212,0.082898661,-0.0255741769,0.0970314699
22,6,0.09375,0.34375,-0.0220345922,0.0744776758,-0.0285945357,0.0925429863,-0.0343479099,0.107704983
22,7,0.109375,0.34375,-0.0285107322,0.0816432946,-0.0366945606,0.100727476,-0.0437750141,0.116956984
22,8,0.125,0.34375,-0.0354496383,0.0876941974,-0.0453068193,0.10775522,-0.0537423207,0.125218439
22,9,0.140625,0.34375,-0.0427694777,0.0927617997,-0.0543491976,0.113869528,-0.0641733462,0.132781823
22,10,0.15625,0.34375,-0.050403125,0.0969610518,-0.0637616856,0.119250382,-0.0750137948,0.139812057
22,11,0.171875,0.34375,-0.058295526,0.100388273,-0.0734994398,0.124016389,-0.0862198016,0.146367082
22,12,0.1875,0.34375,-0.0664012202,0.103120185,-0.0835268124,0.128230789,-0.0977493277,0.152422701
22,13,0.203125,0.34375,-0.0746820634,0.105213926,-0.0938125321,0.131910043,-0.109556562,0.157897399
22,14,0.21875,0.34375,-0.0831051783,0.106707897,-0.104326072,0.135033614,-0.121588823,0.162674346
22,15,0.234375,0.34375,-0.0916411535,0.107623323,-0.11503511,0.137553815,-0.133785348,0.166619222
22,16,0.25,0.34375,-0.100262506,0.107966375,-0.12590392,0.139404896,-0.146077368,0.169593728
22,17,0.265625,0.34375,-0.108942413,0.107730714,-0.136892492,0.14051091,-0.158389063,0.171465363
22,18,0.28125,0.34375,-0.117653697,0.106900264,-0.147956194,0.14079217,-0.170639106,0.172114318
22,19,0.296875,0.34375,-0.126368048,0.10545204,-0.159045837,0.140170359,-0.18274266,0.171438346
22,20,0.3125,0.34375,-0.135055427,0.103358857,-0.170108023,0.138572456,-0.194613732,0.16935624
22,21,0.328125,0.34375,-0.143683626,0.100591808,-0.181085721,0.13593373,-0.206167802,0.165810276
22,22,0.34375,0.34375,-0.152217912,0.0971224453,-0.191919013,0.132200002,-0.217324596,0.160767775
22,23,0.359375,0.34375,-0.160620738,0.0929246357,-0.202545986,0.127329355,-0.228010834,0.154221744
22,24,0.375,0.34375,-0.168851483,0.0879761215,-0.212903714,0.121293415,-0.238162732,0.146190521
22,25,0.390625,0.34375,-0.176866203,0.0822598439,-0.222929283,0.114078231,-0.24772804,0.136716345
22,26,0.40625,0.34375,-0.184617416,0.0757650966,-0.232560766,0.105684808,-0.256667414,0.125862887
22,27,0.421875,0.34375,-0.192053911,0.0684885862,-0.24173807,0.0961292586,-0.264954972,0.11371186
22,28,0.4375,0.34375,-0.199120616,0.0604354592,-0.250403558,0.0854426233,-0.272577969,0.100358966
22,29,0.453125,0.34375,-0.205758544,0.0516203413,-0.258502341,0.0736703658,-0.279535577,0.0859094932
22,30,0.46875,0.34375,-0.211904837,0.0420684105,-0.265982186,0.0608716445,-0.285836826,0.0704739588
22,31,0.484375,0.34375,-0.217492927,0.0318165052,-0.272792983,0.0471184667,-0.291497827,0.0541641556
22,32,0.5,0.34375,-0.222452829,0.0209142489,-0.278885754,0.0324948824,-0.29653837,0.0370899567
22,33,0.515625,0.34375,-0.226711586,0.00942515933,-0.284211238,0.0170963908,-0.300978046,0.0193571711
22,34,0.53125,0.34375,-0.230193894,-0.00257229915,-0.28871811,0.00102973963,-0.304831992,0.00106668487
22,35,0.546875,0.34375,-0.232822917,-0.0149837742,-0.29235095,-0.0155867179,-0.308106361,-0.0176849263
22,36,0.5625,0.34375,-0.234521359,-0.0276982556,-0.295048127,-0.0326219803,-0.310793596,-0.0368031732
22,37,0.578125,0.34375,-0.23521281,-0.0405875527,-0.296739809,-0.0499306016,-0.31286763,-0.0561917159
22,38,0.59375,0.34375,-0.234823445,-0.0535061101,-0.297346366,-0.0673501655,-0.314279139,-0.0757466519
22,39,0.609375,0.34375,-0.233284125,-0.0662912745,-0.296777505,-0.0846981658,-0.314951118,-0.0953490404
22,40,0.625,0.34375,-0.230532926,-0.0787641459,-0.29493251,-0.101768581,-0.31477514,-0.114855792
22,41,0.640625,0.34375,-0.22651815,-0.0907311649,-0.291702004,-0.118328605,-0.313608898,-0.134089264
22,42,0.65625,0.34375,-0.221201766,-0.101986601,-0.286971661,-0.134116179,-0.311275817,-0.15282621
22,43,0.671875,0.34375,-0.214563234,-0.112316099,-0.280628225,-0.148839181,-0.307567782,-0.170787192
22,44,0.6875,0.34375,-0.206603577,-0.12150142,-0.27256809,-0.162177242,-0.302252135,-0.187628105
22,45,0.703125,0.34375,-0.197349477,-0.129326457,-0.262708418,-0.173787257,-0.295084154,-0.202936068
22,46,0.71875,0.34375,-0.186857142,-0.135584545,-0.251000472,-0.183313552,-0.285825919,-0.216232453
22,47,0.734375,0.34375,-0.175215582,-0.140086942,-0.237444306,-0.190403353,-0.274271803,-0.226986029
22,48,0.75,0.34375,-0.162548936,-0.142672282,-0.222103482,-0.194727657,-0.260279735,-0.234638838
22,49,0.765625,0.34375,-0.149017423,-0.143216598,-0.205117922,-0.196006756,-0.24380575,-0.238646181
22,50,0.78125,0.34375,-0.134816558,-0.141643392,-0.186712662,-0.194038638,-0.224937549,-0.238529869
22,51,0.796875,0.34375,-0.120174275,-0.137933034,-0.167200227,-0.188727456,-0.203921107,-0.233940693
22,52,0.8125,0.34375,-0.105345731,-0.132130659,-0.146974731,-0.180108419,-0.181173515,-0.224722491
22,53,0.828125,0.34375,-0.090605713,-0.124351638,-0.126496755,-0.168365185,-0.157275914,-0.210967213
22,54,0.84375,0.34375,-0.0762387902,-0.114783733,-0.106269415,-0.153836327,-0.132942945,-0.193049265
22,55,0.859375,0.34375,-0.0625276852,-0.103685275,-0.0868076037,-0.13700877,-0.108969655,-0.171629385
22,56,0.875,0.34375,-0.0497406393,-0.091379098,-0.0686038171,-0.118498159,-0.0861621072,-0.147623555
22,57,0.890625,0.34375,-0.038118852,-0.0782425742,-0.0520948074,-0.099018402,-0.0652625645,-0.122140198
22,58,0.90625,0.34375,-0.0278651855,-0.0646946748,-0.0376332736,-0.0793446352,-0.0468821138,-0.0963966999
22,59,0.921875,0.34375,-0.0191352189,-0.0511815031,-0.0254678887,-0.0602749995,-0.0314520327,-0.0716315056
22,60,0.9375,0.34375,-0.0120313794,-0.0381619134,-0.0157333443,-0.0425965945,-0.0192003466,-0.0490286481
22,61,0.953125,0.34375,-0.00660037383,-0.0260946856,-0.00845022569,-0.0270597764,-0.0101536339,-0.0296672897
22,62,0.96875,0.34375,-0.00283362655,-0.0154282875,-0.00353285792,-0.0143629203,-0.00415839366,-0.0145013365
22,63,0.984375,0.34375,-0.000670020378,-0.00659367554,-0.00080214527,-0.00514736278,-0.000912905907,-0.00436583701
22,64,1,0.34375,0,0,0,0,0,0
23,0,0,0.359375,0,0,0,0,0,0
23,1,0.015625,0.359375,-0.000837074311,0.018349602,-0.00114254618,0.0244641395,-0.00143360534,0.0301063623
23,2,0.03125,0.359375,-0.00309753551,0.0345709963,-0.00415931202,0.04533477,-0.00514764615,0.0549697362
23,3,0.046875,0.359375,-0.00655830859,0.0487659903,-0.00869600787,0.0629395327,-0.0106459804,0.0752678383
23,4,0.0625,0.359375,-0.011023993,0.0610775768,-0.0144546137,0.0776882677,-0.0175239594,0.0918077761
23,5,0.078125,0.359375,-0.0163259068,0.0716718861,-0.0211908923,0.0900211002,-0.0254647135,0.105409288
23,6,0.09375,0.359375,-0.0223204121,0.0807239843,-0.028710098,0.100369077,-0.0342306729,0.116821535
23,7,0.109375,0.359375,-0.0288867243,0.0884069987,-0.0368612089,0.109125547,-0.0436510947,0.126670022
23,8,0.125,0.359375,-0.0359243974,0.0948841139,-0.0455301121,0.116627098,-0.0536071996,0.1354304
23,9,0.140625,0.359375,-0.0433506534,0.100302985,-0.0546322634,0.123143015,-0.0640168463,0.143424726
23,10,0.15625,0.359375,-0.0510976935,0.104792125,-0.0641053689,0.128872064,-0.0748204741,0.150834472
23,11,0.171875,0.359375,-0.0591100878,0.108458859,-0.0739025796,0.133945204,-0.0859695031,0.157723953
23,12,0.1875,0.359375,-0.0673423098,0.111388531,-0.0839865672,0.138432624,-0.0974177147,0.164068202
23,13,0.203125,0.359375,-0.0757564584,0.113644729,-0.0943246957,0.142353486,-0.109115562,0.169780541
23,14,0.21875,0.359375,-0.0843201969,0.11527037,-0.104885344,0.145686838,-0.121006974,0.174736774
23,15,0.234375,0.359375,-0.0930049348,0.116289506,-0.115635312,0.148382473,-0.133028078,0.178794639
23,16,0.25,0.359375,-0.101784268,0.11670972,-0.126538151,0.150370852,-0.145107288,0.181808433
23,17,0.265625,0.359375,-0.110632681,0.116524925,-0.137553252,0.151571617,-0.157166352,0.183639564
23,18,0.28125,0.359375,-0.119524507,0.115718387,-0.148635495,0.151900535,-0.169122079,0.18416401
23,19,0.296875,0.359375,-0.128433105,0.114265749,-0.159735341,0.15127497,-0.180888599,0.183277635
23,20,0.3125,0.359375,-0.137330233,0.112137919,-0.170799255,0.149618085,-0.192380013,0.180899988
23,21,0.328125,0.359375,-0.146185551,0.109303655,-0.181770385,0.146862055,-0.203513332,0.176976963
23,22,0.34375,0.359375,-0.154966217,0.105731826,-0.192589461,0.142950502,-0.214211498,0.171482388
23,23,0.359375,0.359375,-0.163636543,0.101393308,-0.203195855,0.137840337,-0.224406313,0.164418486
23,24,0.375,0.359375,-0.172157671,0.0962625683,-0.213528743,0.131503101,-0.234040992,0.155815106
23,25,0.390625,0.359375,-0.180487284,0.0903190105,-0.223528294,0.123925842,-0.24307214,0.145727673
23,26,0.40625,0.359375,-0.188579329,0.083548159,-0.233136789,0.115111535,-0.251470955,0.134233922
23,27,0.421875,0.359375,-0.196383788,0.0759427636,-0.242299562,0.105079035,-0.259223534,0.121429625
23,28,0.4375,0.359375,-0.203846502,0.0675038934,-0.250965661,0.0938625885,-0.266330258,0.107423625
23,29,0.453125,0.359375,-0.210909071,0.0582420603,-0.259088119,0.0815109362,-0.272804289,0.0923325813
23,30,0.46875,0.359375,-0.21750883,0.0481783934,-0.266623776,0.0680861328,-0.278669271,0.0762758359
23,31,0.484375,0.359375,-0.223578932,0.0373458619,-0.273532577,0.0536622116,-0.283956374,0.0593708249
23,32,0.5,0.359375,-0.229048528,0.0257905292,-0.279776352,0.0383238937,-0.288700805,0.0417293635
23,33,0.515625,0.359375,-0.233843066,0.01357281,-0.285317079,0.0221655511,-0.292937918,0.0234550934
23,34,0.53125,0.359375,-0.237884722,0.00076869545,-0.2901147,0.00529064877,-0.296699001,0.00464230411
23,35,0.546875,0.359375,-0.241092997,-0.0125290937,-0.294124576,-0.0121881256,-0.300006788,-0.0146237127
23,36,0.5625,0.359375,-0.243385537,-0.0262100762,-0.297294734,-0.0301478615,-0.302870722,-0.0342646399
23,37,0.578125,0.359375,-0.244679221,-0.0401451645,-0.299563109,-0.0484534342,-0.305281986,-0.0542053187
23,38,0.59375,0.359375,-0.244891617,-0.054186089,-0.300855016,-0.0669544778,-0.307208328,-0.0743680152
23,39,0.609375,0.359375,-0.243942881,-0.068165207,-0.301081217,-0.0854813999,-0.308588819,-0.0946646597
23,40,0.625,0.359375,-0.241758189,-0.0818958448,-0.300136959,-0.103840662,-0.3093288,-0.114987013
23,41,0.640625,0.359375,-0.238270765,-0.095173355,-0.29790247,-0.121809744,-0.309295499,-0.135194861
23,42,0.65625,0.359375,-0.23342553,-0.107777102,-0.294245446,-0.139132457,-0.308315062,-0.155102633
23,43,0.671875,0.359375,-0.227183347,-0.119473595,-0.289026064,-0.155515485,-0.306172105,-0.174465266
23,44,0.6875,0.359375,-0.219525741,-0.130020988,-0.282104979,-0.170627344,-0.302613141,-0.192964824
23,45,0.703125,0.359375,-0.210459906,-0.1391751,-0.273354581,-0.184101073,-0.297355533,-0.210200133
23,46,0.71875,0.359375,-0.20002368,-0.146697057,-0.26267347,-0.195542066,-0.290103519,-0.225682578
23,47,0.734375,0.359375,-0.188290112,-0.152362507,-0.250003546,-0.204542236,-0.280572516,-0.238841882
23,48,0.75,0.359375,-0.175371153,-0.155972228,-0.235348532,-0.210701234,-0.268521846,-0.249045859
23,49,0.765625,0.359375,-0.161419963,-0.157363755,-0.218791938,-0.213654526,-0.253794427,-0.255637432
23,50,0.78125,0.359375,-0.146631345,-0.156423457,-0.20051189,-0.213106901,-0.236359669,-0.257990126
23,51,0.796875,0.359375,-0.131239841,-0.153098301,-0.180789807,-0.208868554,-0.216353353,-0.255579775
23,52,0.8125,0.359375,-0.115515138,-0.147406307,-0.160010061,-0.200889473,-0.194106219,-0.248065422
23,53,0.828125,0.359375,-0.0997545888,-0.13944461,-0.138648539,-0.189287048,-0.170152356,-0.235367584
23,54,0.84375,0.359375,-0.0842728677,-0.129393936,-0.117249544,-0.174361795,-0.145210282,-0.217728638
23,55,0.859375,0.359375,-0.0693891632,-0.117518489,-0.096392491,-0.156597367,-0.12013409,-0.195740152
23,56,0.875,0.359375,-0.0554126646,-0.104160631,-0.0766519264,-0.136643362,-0.0958388146,-0.170326772
23,57,0.890625,0.359375,-0.042627545,-0.0897304131,-0.0585559683,-0.115282517,-0.0732111695,-0.142685428
23,58,0.90625,0.359375,-0.0312789001,-0.074690853,-0.0425488179,-0.0933868786,-0.0530215778,-0.114189819
23,59,0.921875,0.359375,-0.021561109,-0.0595405938,-0.0289622447,-0.0718696753,-0.0358537109,-0.0862794072
23,60,0.9375,0.359375,-0.0136097433,-0.0447960305,-0.017999135,-0.0516401705,-0.0220630654,-0.0603558525
23,61,0.953125,0.359375,-0.00749755296,-0.0309749473,-0.00972976381,-0.0335677315,-0.011768146,-0.0377065485
23,62,0.96875,0.359375,-0.00323436363,-0.0185832409,-0.0040990971,-0.0184588969,-0.00486958229,-0.0194658887
23,63,0.984375,0.359375,-0.000770128632,-0.00810557027,-0.000941699541,-0.00704813577,-0.0010867974,-0.00661365533
23,64,1,0.359375,0,0,0,0,0,0
24,0,0,0.375,0,0,0,0,0,0
24,1,0.015625,0.375,-0.000840749908,0.0199049324,-0.00113007398,0.0265395844,-0.00139834055,0.0326608875
24,2,0.03125,0.375,-0.00311287592,0.0374444069,-0.00412108227,0.0491067664,-0.00503790785,0.0595481379
24,3,0.046875,0.375,-0.006593924,0.0527479447,-0.00862819169,0.0680846392,-0.0104458214,0.0814268762
24,4,0.0625,0.375,-0.0110887951,0.0659856737,-0.0143597164,0.0839368713,-0.0172311843,0.099190115
24,5,0.078125,0.375,-0.0164287251,0.0773495327,-0.0210747093,0.0971541452,-0.0250826621,0.113738183
24,6,0.09375,0.375,-0.0224696738,0.0870384932,-0.02857924,0.108213303,-0.0337623105,0.125891364
24,7,0.109375,0.375,-0.0290902501,0.0952472798,-0.0367213542,0.11754749,-0.0430954218,0.136333511
24,8,0.125,0.375,-0.0361893239,0.102158126,-0.0453849492,0.125526274,-0.0529575261,0.145584191
24,9,0.140625,0.375,-0.0436834687,0.107935096,-0.054482996,0.132444785,-0.0632603445,0.153995097
24,10,0.15625,0.375,-0.0515043641,0.112720486,-0.0639506242,0.138520698,-0.0739384724,0.161764713
24,11,0.171875,0.375,-0.0595962526,0.11663289,-0.0737385702,0.143897587,-0.0849381129,0.168964323
24,12,0.1875,0.375,-0.0679135198,0.119766556,-0.0838073837,0.148652905,-0.0962085282,0.175568759
24,13,0.203125,0.375,-0.0764184429,0.122191813,-0.0941226399,0.15280882,-0.107696287,0.181486659
24,14,0.21875,0.375,-0.0850791434,0.123956374,-0.104651247,0.156344231,-0.119341973,0.186586863
24,15,0.234375,0.375,-0.0938677691,0.125087394,-0.115358805,0.159206622,-0.13107884,0.190719536
24,16,0.25,0.375,-0.102758926,0.125594122,-0.126207894,0.161322836,-0.142832918,0.193732001
24,17,0.265625,0.375,-0.111728364,0.125470952,-0.137157126,0.162608253,-0.154524161,0.195480154
24,18,0.28125,0.375,-0.12075191,0.124700688,-0.148160797,0.16297426,-0.166068364,0.195836565
24,19,0.296875,0.375,-0.129804618,0.123257767,-0.159169017,0.162334119,-0.177379661,0.194696281
24,20,0.3125,0.375,-0.138860099,0.121111303,-0.170128214,0.1606075,-0.188373453,0.191980973
24,21,0.328125,0.375,-0.147889979,0.118227792,-0.180981938,0.157723936,-0.198969571,0.18764176
24,22,0.34375,0.375,-0.156863456,0.114573437,-0.191671908,0.153625472,-0.20909548,0.181660756
24,23,0.359375,0.375,-0.165746896,0.11011609,-0.202139243,0.148268637,-0.218689251,0.174051238
24,24,0.375,0.375,-0.174503482,0.104826863,-0.212325794,0.141625854,-0.227702073,0.164856348
24,25,0.390625,0.375,-0.183092876,0.0986815014,-0.222175478,0.133686277,-0.236100047,0.154146308
24,26,0.40625,0.375,-0.191470926,0.0916615999,-0.231635524,0.124456075,-0.243865139,0.14201428
24,27,0.421875,0.375,-0.199589406,0.0837557596,-0.240657481,0.11395813,-0.250995173,0.128571163
24,28,0.4375,0.375,-0.207395824,0.0749607424,-0.249197912,0.102231181,-0.257502908,0.113939721
24,29,0.453125,0.375,-0.214833284,0.0652826685,-0.257218635,0.0893284816,-0.263414261,0.0982485067
24,30,0.46875,0.375,-0.22184042,0.0547382712,-0.264686466,0.0753161025,-0.268765822,0.0816260439
24,31,0.484375,0.375,-0.228351394,0.0433562036,-0.271572388,0.0602710424,-0.273601812,0.0641956891
24,32,0.5,0.375,-0.234295961,0.0311783835,-0.27785015,0.0442793843,-0.277970629,0.0460715013
24,33,0.515625,0.375,-0.239599597,0.018261353,-0.283494284,0.0274347389,-0.281921112,0.0273553679
24,34,0.53125,0.375,-0.244183709,0.00467763198,-0.288477602,0.00983723596,-0.28549856,0.00813555456
24,35,0.546875,0.375,-0.24796596,-0.00948295842,-0.292768255,-0.00840668369,-0.288740534,-0.0115132053
24,36,0.5625,0.375,-0.250860762,-0.0241120315,-0.296326447,-0.0271834473,-0.291672387,-0.0315279749
24,37,0.578125,0.375,-0.252780015,-0.0390814729,-0.299101002,-0.0463703202,-0.294302451,-0.0518541105
24,38,0.59375,0.375,-0.253634202,-0.0542424505,-0.301025993,-0.0658320567,-0.296616803,-0.0724398195
24,39,0.609375,0.375,-0.253333954,-0.0694247027,-0.302017733,-0.0854162222,-0.298573599,-0.093228568
24,40,0.625,0.375,-0.251792228,-0.0844362621,-0.30197255,-0.104947329,-0.300097098,-0.114149113
24,41,0.640625,0.375,-0.248927202,-0.0990638241,-0.300765826,-0.124220118,-0.301071667,-0.135103002
24,42,0.65625,0.375,-0.244665979,-0.113074019,-0.298252915,-0.142992584,-0.301336427,-0.155949604
24,43,0.671875,0.375,-0.238949131,-0.126215888,-0.294272626,-0.160979649,-0.300681523,-0.176489113
24,44,0.6875,0.375,-0.23173601,-0.13822486,-0.288653953,-0.177848725,-0.298847509,-0.196444677
24,45,0.703125,0.375,-0.223010654,-0.148828519,-0.281226639,-0.193218766,-0.295529715,-0.21544569
24,46,0.71875,0.375,-0.21278798,-0.157754339,-0.271835883,-0.206664587,-0.290389784,-0.23301547
24,47,0.734375,0.375,-0.201119822,-0.164739469,-0.260361025,-0.21772829,-0.283076454,-0.248567702
24,48,0.75,0.375,-0.188100276,-0.169542431,-0.246737293,-0.225939266,-0.273257002,-0.261416927
24,49,0.765625,0.375,-0.17386971,-0.171956406,-0.230978805,-0.230843399,-0.260659272,-0.270808358
24,50,0.78125,0.375,-0.158616811,-0.171823515,-0.213200031,-0.232040769,-0.24512177,-0.275970943
24,51,0.796875,0.375,-0.142578043,-0.16904924,-0.193632119,-0.229229284,-0.226646116,-0.276194143
24,52,0.8125,0.375,-0.126034022,-0.163615911,-0.172630146,-0.222249687,-0.205442865,-0.270923489
24,53,0.828125,0.375,-0.109302466,-0.155593909,-0.150667838,-0.211125703,-0.181959387,-0.25986315
24,54,0.84375,0.375,-0.0927276114,-0.145149159,-0.128317758,-0.196092375,-0.156878673,-0.243067532
24,55,0.859375,0.375,-0.0766663826,-0.132545478,-0.106217327,-0.177606387,-0.131081673,-0.221000852
24,56,0.875,0.375,-0.0614720086,-0.118140716,-0.0850238629,-0.156334682,-0.10557328,-0.194546475
24,57,0.890625,0.375,-0.047476368,-0.102376339,-0.0653643896,-0.133121511,-0.0813816148,-0.164957435
24,58,0.90625,0.375,-0.0349727613,-0.0857611107,-0.047787374,-0.108938359,-0.0594486378,-0.133754158
24,59,0.921875,0.375,-0.0242010041,-0.0688506599,-0.0327233666,-0.0848246824,-0.0405336203,-0.102590018
24,60,0.9375,0.375,-0.0153364773,-0.0522254694,-0.020459615,-0.0618290754,-0.0251477185,-0.073114213
24,61,0.953125,0.375,-0.00848410914,-0.0364700653,-0.0111307306,-0.0409598143,-0.0135287697,-0.0468607727
24,62,0.96875,0.375,-0.00367737477,-0.0221557118,-0.0047242632,-0.0231509846,-0.00565426763,-0.0251826851
24,63,0.984375,0.375,-0.00088156564,-0.00982803917,-0.00109745271,-0.00924645988,-0.00128152759,-0.00923541931
24,64,1,0.375,0,0,0,0,0,0
25,0,0,0.390625,0,0,0,0,0,0
25,1,0.015625,0.390625,-0.000838190679,0.0214624779,-0.00110510833,0.0285852218,-0.00134377943,0.0351442701
25,2,0.03125,0.390625,-0.00310612866,0.0403241704,-0.00403991985,0.0528328877,-0.00486349657,0.0640172171
25,3,0.046875,0.390625,-0.00658435436,0.0567419095,-0.00847469503,0.0731781668,-0.0101192599,0.0874611148
25,4,0.0625,0.390625,-0.0110799605,0.070912378,-0.0141282961,0.0901347853,-0.0167407929,0.106444617
25,5,0.078125,0.390625,-0.016425544,0.0830527648,-0.0207659879,0.104240624,-0.024426625,0.121940414
25,6,0.09375,0.390625,-0.0224777155,0.0933855093,-0.0281964921,0.116015722,-0.0329407547,0.134834295
25,7,0.109375,0.390625,-0.0291152075,0.102126649,-0.0362679083,0.125931256,-0.0421054085,0.145865238
25,8,0.125,0.390625,-0.0362366769,0.109477332,-0.0448625116,0.134388739,-0.0517904594,0.155595322
25,9,0.140625,0.390625,-0.0437583204,0.115618026,-0.0538907411,0.14170869,-0.0619011041,0.164405672
25,10,0.15625,0.390625,-0.0516114173,0.120704909,-0.0632848571,0.148127639,-0.0723656051,0.172512241
25,11,0.171875,0.390625,-0.0597398962,0.124868015,-0.0729927714,0.153801964,-0.0831245509,0.179994009
25,12,0.1875,0.390625,-0.068097995,0.128210721,-0.0829724739,0.158816694,-0.0941224789,0.186826377
25,13,0.203125,0.390625,-0.076648066,0.130810353,-0.0931873432,0.163197349,-0.105302097,0.192913985
25,14,0.21875,0.390625,-0.0853585647,0.132719696,-0.10360247,0.166923003,-0.116600901,0.198119327
25,15,0.234375,0.390625,-0.0942022515,0.133969288,-0.114181991,0.16993912,-0.127949769,0.202285585
25,16,0.25,0.390625,-0.103154629,0.134570314,-0.124887336,0.172169173,-0.139273071,0.205253755
25,17,0.265625,0.390625,-0.112192623,0.134517909,-0.135676259,0.173524519,-0.150489909,0.206875009
25,18,0.28125,0.390625,-0.121293493,0.133794641,-0.146502494,0.173912426,-0.161516206,0.20701951
25,19,0.296875,0.390625,-0.130433958,0.132373938,-0.157315931,0.173242388,-0.172267415,0.205582724
25,20,0.3125,0.390625,-0.139589487,0.13022328,-0.168063206,0.171431006,-0.182661635,0.202489899
25,21,0.328125,0.390625,-0.148733724,0.127307012,-0.178688626,0.168405749,-0.192622938,0.19769899
25,22,0.34375,0.390625,-0.157837997,0.123588743,-0.189135363,0.164107807,-0.202084614,0.191202068
25,23,0.359375,0.390625,-0.166870893,0.119033334,-0.199346831,0.158494223,-0.210992103,0.183025079
25,24,0.375,0.390625,-0.175797867,0.113608548,-0.209268163,0.151539336,-0.219305319,0.173225902
25,25,0.390625,0.390625,-0.1845809,0.107286455,-0.218847669,0.143235572,-0.227000193,0.161890739
25,26,0.40625,0.390625,-0.193178195,0.100044689,-0.228038161,0.133593538,-0.234069279,0.149129047
25,27,0.421875,0.390625,-0.201543924,0.0918676625,-0.236798014,0.122641424,-0.240521412,0.135067393
25,28,0.4375,0.390625,-0.209628031,0.0827477718,-0.24509186,0.110423742,-0.246380464,0.119842713
25,29,0.453125,0.390625,-0.217376082,0.072686656,-0.252890796,0.0969994897,-0.251683326,0.103595496
25,30,0.46875,0.390625,-0.224729172,0.0616965033,-0.260172064,0.0824398858,-0.256477291,0.0864633866
25,31,0.484375,0.390625,-0.231623843,0.0498014033,-0.266918122,0.0668258962,-0.260817017,0.068575632
25,32,0.5,0.390625,-0.237992035,0.0370387321,-0.273115119,0.0502457889,-0.264761219,0.0500486644
25,33,0.515625,0.390625,-0.243761034,0.0234605575,-0.278750754,0.0327930032,-0.268369217,0.0309830245
25,34,0.53125,0.390625,-0.248853439,0.00913505837,-0.283811576,0.0145646202,-0.271697359,0.0114617256
25,35,0.546875,0.390625,-0.253187171,-0.00585204051,-0.288279763,-0.00433928124,-0.274795305,-0.00844988563
25,36,0.5625,0.390625,-0.25667558,-0.021396021,-0.292129467,-0.0238151142,-0.277702069,-0.0287027225
25,37,0.578125,0.390625,-0.259227757,-0.037371725,-0.295322858,-0.0437538884,-0.280441651,-0.0492609035
25,38,0.59375,0.390625,-0.260749146,-0.0536321503,-0.297806034,-0.0640377474,-0.283018106,-0.0700968675
25,39,0.609375,0.390625,-0.26114265,-0.0700071803,-0.299505066,-0.0845348423,-0.28540988,-0.0911843645
25,40,0.625,0.390625,-0.260310371,-0.0863025968,-0.300322519,-0.105092568,-0.287563361,-0.112488945
25,41,0.640625,0.390625,-0.258156194,-0.102299605,-0.300134963,-0.12552938,-0.289385785,-0.133955532
25,42,0.65625,0.390625,-0.254589346,-0.117755173,-0.298792097,-0.145625657,-0.290737899,-0.155492777
25,43,0.671875,0.390625,-0.249529056,-0.132403564,-0.296118268,-0.165114446,-0.291427234,-0.176954184
25,44,0.6875,0.390625,-0.242910301,-0.145959464,-0.291917282,-0.183673331,-0.29120337,-0.198116633
25,45,0.703125,0.390625,-0.234690542,-0.15812313,-0.285981386,-0.200919144,-0.289757166,-0.218657857
25,46,0.71875,0.390625,-0.224857155,-0.168587889,-0.278105164,-0.21640768,-0.286726535,-0.238135839
25,47,0.734375,0.390625,-0.213435094,-0.177050211,-0.268104656,-0.229640825,-0.281711615,-0.255974664
25,48,0.75,0.390625,-0.20049416,-0.18322234,-0.255841335,-0.240083455,-0.274302036,-0.271463041
25,49,0.765625,0.390625,-0.186155125,-0.186847219,-0.241249502,-0.247191789,-0.264117859,-0.283772663
25,50,0.78125,0.390625,-0.170593855,-0.187715125,-0.224364404,-0.250453587,-0.250863491,-0.292003282
25,51,0.796875,0.390625,-0.154042641,-0.185681089,-0.20534712,-0.249438439,-0.234390341,-0.29525868
25,52,0.8125,0.390625,-0.136788029,-0.180681884,-0.184501291,-0.243853755,-0.214759554,-0.292752151
25,53,0.828125,0.390625,-0.119164611,-0.172751021,-0.162276706,-0.233599436,-0.192291971,-0.283931776
25,54,0.84375,0.390625,-0.101544543,-0.162030019,-0.139255848,-0.218812306,-0.167590351,-0.268606352
25,55,0.859375,0.390625,-0.0843229073,-0.148774092,-0.11612203,-0.199891262,-0.141520752,-0.247045545
25,56,0.875,0.390625,-0.0678995425,-0.133350646,-0.0936112563,-0.177496299,-0.115147178,-0.22002683
25,57,0.890625,0.390625,-0.052658624,-0.11622966,-0.072453719,-0.152519006,-0.089625143,-0.188810069
25,58,0.90625,0.390625,-0.0389478987,-0.0979662169,-0.053313535,-0.126027902,-0.0660723847,-0.155037814
25,59,0.921875,0.390625,-0.0270599047,-0.0791768779,-0.0367361245,-0.0991974342,-0.0454432108,-0.120580326
25,60,0.9375,0.390625,-0.0172174293,-0.0605129255,-0.0231109871,-0.0732328064,-0.028432795,-0.0873607031
25,61,0.953125,0.390625,-0.00956478723,-0.0426340498,-0.0126541326,-0.0493030834,-0.0154285554,-0.0571999994
25,62,0.96875,0.390625,-0.00416542605,-0.0261857844,-0.00541016259,-0.0284921748,-0.00651152837,-0.0317131308
25,63,0.984375,0.390625,-0.00100522612,-0.011782945,-0.0012702576,-0.011772399,-0.00149747103,-0.012267923
25,64,1,0.390625,0,0,0,0,0,0
26,0,0,0.40625,0,0,0,0,0,0
26,1,0.015625,0.40625,-0.000829296397,0.023011061,-0.00106771742,0.0305795043,-0.00127051806,0.0375243841
26,2,0.03125,0.40625,-0.00307692697,0.0431905706,-0.0039159287,0.0564763531,-0.0046259953,0.0683236184
26,3,0.046875,0.40625,-0.00652881327,0.0607217765,-0.00823550495,0.0781730155,-0.00966878437,0.0933041725
26,4,0.0625,0.40625,-0.0109961325,0.0758268634,-0.0137600181,0.0962281642,-0.0160559476,0.11349748
26,5,0.078125,0.40625,-0.0163142804,0.0887472877,-0.0202638681,0.111222341,-0.023500269,0.129938145
26,6,0.09375,0.40625,-0.0223415607,0.0997281566,-0.0275602975,0.123715223,-0.0317701667,0.143570147
26,7,0.109375,0.40625,-0.0289575428,0.109006241,-0.0354984897,0.134213509,-0.0406858797,0.155183215
26,8,0.125,0.40625,-0.0360611206,0.116801239,-0.0439595055,0.143149107,-0.0501118191,0.165379887
26,9,0.140625,0.40625,-0.0435683598,0.123309836,-0.0528512385,0.15086713,-0.0599464085,0.174570243
26,10,0.15625,0.40625,-0.0514102327,0.128702062,-0.0621028148,0.157622729,-0.0701112124,0.18298816
26,11,0.171875,0.40625,-0.0595303372,0.133119467,-0.0716589374,0.163585204,-0.0805409364,0.190721197
26,12,0.1875,0.40625,-0.0678826719,0.136674726,-0.0814746299,0.168847477,-0.0911753355,0.197746305
26,13,0.203125,0.40625,-0.0764295265,0.139452382,-0.0915107079,0.173438816,-0.10195346,0.203965081
26,14,0.21875,0.40625,-0.0851395307,0.141510559,-0.101730158,0.177338878,-0.112810195,0.209234535
26,15,0.234375,0.40625,-0.0939858947,0.142883459,-0.112095465,0.180491489,-0.123674779,0.213391706
26,16,0.25,0.40625,-0.102944866,0.143584493,-0.122566835,0.182817105,-0.134470905,0.216272141
26,17,0.265625,0.40625,-0.111994412,0.143609816,-0.133101206,0.18422341,-0.14511803,0.217723289
26,18,0.28125,0.40625,-0.12111312,0.142942022,-0.143651913,0.184613931,-0.155533585,0.217614071
26,19,0.296875,0.40625,-0.130279299,0.14155376,-0.154168908,0.183894831,-0.165635827,0.21584171
26,20,0.3125,0.40625,-0.139470238,0.139411068,-0.164599435,0.181980196,-0.17534707,0.212336496
26,21,0.328125,0.40625,-0.148661601,0.136476302,-0.174889056,0.178796094,-0.18459705,0.207064739
26,22,0.34375,0.40625,-0.157826905,0.132710607,-0.184982969,0.174283677,-0.193326115,0.200029921
26,23,0.359375,0.40625,-0.166937074,0.128075959,-0.194827512,0.168401437,-0.201487978,0.191271943
26,24,0.375,0.40625,-0.175960044,0.12253687,-0.204371735,0.161126691,-0.209051773,0.180864439
26,25,0.390625,0.40625,-0.184860426,0.11606183,-0.213568941,0.152456275,-0.216003245,0.168910268
26,26,0.40625,0.40625,-0.193599216,0.108624625,-0.222378051,0.142406421,-0.222344986,0.155535499
26,27,0.421875,0.40625,-0.202133574,0.100205595,-0.230764679,0.131011829,-0.228095721,0.140882348
26,28,0.4375,0.40625,-0.210416642,0.0907929005,-0.238701796,0.118323962,-0.233288773,0.125101635
26,29,0.453125,0.40625,-0.218397408,0.0803838095,-0.24616991,0.104408686,-0.237969838,0.108345334
26,30,0.46875,0.40625,-0.226020589,0.0689860312,-0.253156672,0.0893434288,-0.242194309,0.0907597344
26,31,0.484375,0.40625,-0.233226498,0.0566190665,-0.259655902,0.0732140971,-0.246024314,0.0724796168
26,32,0.5,0.40625,-0.239950876,0.0433155749,-0.265665995,0.0561120155,-0.249525655,0.0536237017
26,33,0.515625,0.40625,-0.246124665,0.0291227577,-0.271187717,0.0381311966,-0.252764733,0.0342915075
26,34,0.53125,0.40625,-0.25167372,0.0141037687,-0.276221423,0.0193662457,-0.255805497,0.0145616425
26,35,0.546875,0.40625,-0.256518479,-0.00166081717,-0.280763709,-8.8792942e-05,-0.258706356,-0.00550849543
26,36,0.5625,0.40625,-0.260573654,-0.0180714451,-0.284803562,-0.0201403531,-0.261516898,-0.0258816291
26,37,0.578125,0.40625,-0.263748033,-0.035007907,-0.288318075,-0.0406937534,-0.264274217,-0.0465380727
26,38,0.59375,0.40625,-0.265944537,-0.0523275576,-0.291267838,-0.0616498485,-0.266998577,-0.0674715907
26,39,0.609375,0.40625,-0.267060718,-0.069863478,-0.293592203,-0.0828997375,-0.269688141,-0.0886833137
26,40,0.625,0.40625,-0.26698991,-0.0874227182,-0.295204709,-0.104317431,-0.272312556,-0.110173208
26,41,0.640625,0.40625,-0.265623283,-0.104784849,-0.295989106,-0.12575054,-0.274805313,-0.131928464
26,42,0.65625,0.40625,-0.262853025,-0.121701157,-0.295796594,-0.14700928,-0.277055045,-0.153908154
26,43,0.671875,0.40625,-0.258576861,-0.137894934,-0.294445111,-0.167854464,-0.278896369,-0.176023642
26,44,0.6875,0.40625,-0.252704006,-0.153063374,-0.291721678,-0.187985607,-0.280101396,-0.198114744
26,45,0.703125,0.40625,-0.245162542,-0.166881664,-0.28738898,-0.207030884,-0.280373809,-0.219922524
26,46,0.71875,0.40625,-0.235907999,-0.179009788,-0.281197322,-0.224541317,-0.27934819,-0.241061021
26,47,0.734375,0.40625,-0.224932695,-0.189102464,-0.27290285,-0.239992119,-0.276598027,-0.260992201
26,48,0.75,0.40625,-0.212275173,-0.196822399,-0.262292341,-0.252794419,-0.271656182,-0.279010683
26,49,0.765625,0.40625,-0.198028812,-0.201856712,-0.24921377,-0.262320329,-0.264051107,-0.294246904
26,50,0.78125,0.40625,-0.182348599,-0.203935999,-0.233610432,-0.267943151,-0.25336038,-0.305698461
26,51,0.796875,0.40625,-0.165454957,-0.202855066,-0.215554625,-0.269092397,-0.239279613,-0.31229808
26,52,0.8125,0.40625,-0.147633669,-0.198493941,-0.195275299,-0.265320101,-0.221699688,-0.313021859
26,53,0.828125,0.40625,-0.129231092,-0.190837394,-0.173173138,-0.256371146,-0.200779274,-0.307032353
26,54,0.84375,0.40625,-0.11064423,-0.179990862,-0.14981698,-0.242247051,-0.176994716,-0.293838751
26,55,0.859375,0.40625,-0.0923056108,-0.166190479,-0.125917743,-0.223250979,-0.151148283,-0.273444025
26,56,0.875,0.40625,-0.0746634815,-0.149805,-0.102280069,-0.200002992,-0.124321136,-0.246442085
26,57,0.890625,0.40625,-0.0581585593,-0.131327982,-0.0797369044,-0.173419232,-0.0977697938,-0.214032229
26,58,0.90625,0.40625,-0.0431993968,-0.11135983,-0.0590767041,-0.144655953,-0.0727815518,-0.177936091
26,59,0.921875,0.40625,-0.0301391117,-0.0905811293,-0.0409752701,-0.11502723,-0.0505187511,-0.140229608
26,60,0.9375,0.40625,-0.0192564276,-0.0697205869,-0.0259434177,-0.0859110673,-0.0318870241,-0.103128868
26,61,0.953125,0.40625,-0.0107433997,-0.0495220685,-0.0142978653,-0.0586606388,-0.0174552561,-0.0687820393
26,62,0.96875,0.40625,-0.00470096318,-0.0307152729,-0.00615734559,-0.0345348596,-0.00743821669,-0.0391137695
26,63,0.984375,0.40625,-0.00114195352,-0.0139934652,-0.00146068599,-0.0146566225,-0.00173448264,-0.0157469477
26,64,1,0.40625,0,0,0,0,0,0
27,0,0,0.421875,0,0,0,0,0,0
27,1,0.015625,0.421875,-0.000814072276,0.0245394049,-0.00101824096,0.0325011505,-0.00117962795,0.0397702654
27,2,0.03125,0.421875,-0.0030252595,0.0460236873,-0.00375008329,0.0600006752,-0.00432845416,0.0724154834
27,3,0.046875,0.421875,-0.00642721057,0.064661115,-0.00791224681,0.0830222563,-0.00909955244,0.0988910671
27,4,0.0625,0.421875,-0.0108370425,0.0806978451,-0.0132570208,0.102163148,-0.0151837178,0.120276102
27,5,0.078125,0.421875,-0.0160943559,0.0943981931,-0.0195708116,0.118040903,-0.0223123709,0.137654633
27,6,0.09375,0.421875,-0.0220601618,0.106028772,-0.0266732667,0.131250344,-0.0302609842,0.152019906
27,7,0.109375,0.421875,-0.0286155538,0.115846209,-0.0344157322,0.142330464,-0.0388491021,0.16420689
27,8,0.125,0.421875,-0.0356600882,0.124088149,-0.0426785229,0.151741488,-0.0479360746,0.174855851
27,9,0.140625,0.421875,-0.0431099209,0.130967138,-0.0513670341,0.159851999,-0.057413481,0.184405065
27,10,0.15625,0.421875,-0.0508957866,0.136666887,-0.060407048,0.166935337,-0.0671959757,0.193106769
27,11,0.171875,0.421875,-0.0589609105,0.141340454,-0.0697397281,0.173173779,-0.0772122555,0.201058132
27,12,0.1875,0.421875,-0.067258935,0.14510991,-0.0793167806,0.178668464,-0.087397386,0.2082389
27,13,0.203125,0.421875,-0.0757519239,0.148067211,-0.0890961568,0.183452877,-0.0976871322,0.214548844
27,14,0.21875,0.421875,-0.0844084941,0.150276064,-0.0990385313,0.18750776,-0.108014433,0.219840646
27,15,0.234375,0.421875,-0.0932021135,0.151774624,-0.10910465,0.190775798,-0.118307831,0.223946295
27,16,0.25,0.421875,-0.102109591,0.152578832,-0.119253539,0.193174915,-0.128491537,0.226697006
27,17,0.265625,0.421875,-0.111109771,0.152686163,-0.129441497,0.194609596,-0.138486752,0.22793769
27,18,0.28125,0.421875,-0.12018243,0.152079528,-0.139621773,0.194980129,-0.14821394,0.227537307
27,19,0.296875,0.421875,-0.129307354,0.150731056,-0.149744824,0.19418991,-0.157595733,0.225396209
27,20,0.3125,0.421875,-0.138463583,0.148605582,-0.159759042,0.192151153,-0.166560175,0.221451122
27,21,0.328125,0.421875,-0.14762877,0.145663679,-0.169611879,0.188789283,-0.175044012,0.215678035
27,22,0.34375,0.421875,-0.156778646,0.141864216,-0.179251243,0.184046264,-0.182995701,0.208092996
27,23,0.359375,0.421875,-0.165886569,0.137166473,-0.188627076,0.177882989,-0.190377892,0.198750736
27,24,0.375,0.421875,-0.174923137,0.1315319,-0.19769299,0.170280765,-0.197169126,0.18774117
27,25,0.390625,0.421875,-0.183855879,0.124925626,-0.206407828,0.161241888,-0.203364622,0.175183952
27,26,0.40625,0.421875,-0.192649004,0.117317838,-0.214737026,0.150789276,-0.208976114,0.161221523
27,27,0.421875,0.421875,-0.201263219,0.108685088,-0.222653652,0.13896517,-0.214030794,0.14601118
27,28,0.4375,0.421875,-0.209655597,0.0990116057,-0.230139026,0.125828973,-0.2185695,0.12971683
27,29,0.453125,0.421875,-0.217779463,0.0882906035,-0.237182838,0.111454365,-0.222644364,0.112501032
27,30,0.46875,0.421875,-0.225584274,0.0765255934,-0.24378272,0.0959258785,-0.226316123,0.0945178632
27,31,0.484375,0.421875,-0.233015446,0.0637316903,-0.249943233,0.0793352195,-0.229651318,0.0759069786
27,32,0.5,0.421875,-0.240014082,0.0499368992,-0.255674274,0.0617776037,-0.232719535,0.0567890827
27,33,0.515625,0.421875,-0.246516584,0.0351834012,-0.260988903,0.043348431,-0.235590787,0.0372628661
27,34,0.53125,0.421875,-0.252454109,0.0195288719,-0.265900588,0.0241406116,-0.238333051,0.0174033488
27,35,0.546875,0.421875,-0.257751906,0.0030478933,-0.27041989,0.00424285833,-0.241009879,-0.00273848462
27,36,0.5625,0.421875,-0.262328569,-0.0141664674,-0.274550596,-0.0162607473,-0.243677912,-0.0231348607
27,37,0.578125,0.421875,-0.266095299,-0.032000842,-0.278285313,-0.0372896126,-0.24638404,-0.0437792241
27,38,0.59375,0.421875,-0.268955341,-0.0503194652,-0.28160058,-0.0587636201,-0.249161891,-0.0646829439
27,39,0.609375,0.421875,-0.270803771,-0.0689618072,-0.284451598,-0.0805979716,-0.252027278,-0.0858703854
27,40,0.625,0.421875,-0.271527907,-0.0877400318,-0.286766779,-0.102695665,-0.254972261,-0.107371773
27,41,0.640625,0.421875,-0.27100863,-0.10643649,-0.288442466,-0.124937494,-0.257957534,-0.129213044
27,42,0.65625,0.421875,-0.269122933,-0.124801595,-0.289338359,-0.147169651,-0.260903078,-0.151401721
27,43,0.671875,0.421875,-0.26574799,-0.142552583,-0.289274467,-0.169189363,-0.263677323,-0.173907833
27,44,0.6875,0.421875,-0.260767,-0.159373783,-0.288030658,-0.190729462,-0.266085648,-0.196639192
27,45,0.703125,0.421875,-0.254076897,-0.174919137,-0.285350158,-0.2114435,-0.267859788,-0.219411064
27,46,0.71875,0.421875,-0.245597851,-0.188817736,-0.280948523,-0.23089381,-0.268650726,-0.24191162
27,47,0.734375,0.421875,-0.235284199,-0.200683037,-0.274529554,-0.248545806,-0.268028703,-0.263666672
27,48,0.75,0.421875,-0.223136136,-0.210126223,-0.265809203,-0.263772535,-0.265494899,-0.284009962
27,49,0.765625,0.421875,-0.20921117,-0.216773794,-0.254547596,-0.275873698,-0.26050963,-0.302068466
27,50,0.78125,0.421875,-0.193634097,-0.22028898,-0.240587746,-0.284112733,-0.252540977,-0.316774777
27,51,0.796875,0.421875,-0.176604084,-0.220396019,-0.223897448,-0.287773571,-0.241134867,-0.326919372
27,52,0.8125,0.421875,-0.1583975,-0.216905749,-0.204608494,-0.286235241,-0.226002376,-0.33125249
27,53,0.828125,0.421875,-0.139365364,-0.20974046,-0.183045445,-0.279057755,-0.20711274,-0.328636748
27,54,0.84375,0.421875,-0.119924621,-0.1989555,-0.159735535,-0.266067702,-0.184772806,-0.318237343
27,55,0.859375,0.421875,-0.100543011,-0.184754841,-0.135392795,-0.247428174,-0.159668756,-0.299719125
27,56,0.875,0.421875,-0.0817178774,-0.167497697,-0.110873654,-0.223677138,-0.132847708,-0.273405319
27,57,0.890625,0.421875,-0.0639501061,-0.147693745,-0.0871073718,-0.19572237,-0.105628233,-0.240349653
27,58,0.90625,0.421875,-0.0477153297,-0.125985664,-0.0650112566,-0.164789536,-0.0794486066,-0.202288856
27,59,0.921875,0.421875,-0.0334355498,-0.103119847,-0.0454051894,-0.132330721,-0.0556831282,-0.161474854
27,60,0.9375,0.421875,-0.0214548568,-0.0799086375,-0.028940727,-0.0999102113,-0.0354699998,-0.120424198
27,61,0.953125,0.421875,-0.0120225978,-0.0571895142,-0.0160564895,-0.0690891554,-0.019591467,-0.0816488068
27,62,0.96875,0.421875,-0.0052860155,-0.0357872305,-0.00696499467,-0.0413293541,-0.00842895629,-0.0474339043
27,63,0.984375,0.421875,-0.00129251751,-0.0164839082,-0.00166899849,-0.0179297446,-0.00199188347,-0.0197061397
27,64,1,0.421875,0,0,0,0,0,0
28,0,0,0.4375,0,0,0,0,0,0
28,1,0.015625,0.4375,-0.000792638984,0.0260363205,-0.000957293839,0.0343295876,-0.00107263206,0.0418528383
28,2,0.03125,0.4375,-0.00295150604,0.0488037089,-0.00354424743,0.0633703589,-0.00397533713,0.0762435429
28,3,0.046875,0.4375,-0.0062802257,0.0685335595,-0.00750822999,0.087679953,-0.00841932097,0.104159436
28,4,0.0625,0.4375,-0.0106036295,0.0854940087,-0.0126239974,0.107886729,-0.0141350024,0.126710299
28,5,0.078125,0.4375,-0.0157668669,0.099970407,-0.0186927243,0.124638587,-0.0208767301,0.145015412
28,6,0.09375,0.4375,-0.0216346237,0.112249355,-0.02554234,0.138560144,-0.0284298113,0.160106878
28,7,0.109375,0.4375,-0.0280901695,0.122606168,-0.0330274839,0.150218766,-0.0366146254,0.172858306
28,8,0.125,0.4375,-0.0350341197,0.131295607,-0.0410282727,0.160100409,-0.0452861068,0.183944266
28,9,0.140625,0.4375,-0.0423829194,0.138545535,-0.0494477348,0.168595655,-0.0543291306,0.193830144
28,10,0.15625,0.4375,-0.0500671143,0.144553052,-0.0582081812,0.175995423,-0.0636514015,0.202786935
28,11,0.171875,0.4375,-0.0580294984,0.149482616,-0.0672469835,0.182494937,-0.0731756286,0.210922607
28,12,0.1875,0.4375,-0.066223225,0.153465739,-0.0765122574,0.188203906,-0.0828324192,0.218221182
28,13,0.203125,0.4375,-0.0746099526,0.156601941,-0.0859588723,0.193160567,-0.0925547658,0.224582128
28,14,0.21875,0.4375,-0.0831580825,0.158960749,-0.0955450781,0.197347371,-0.102274472,0.229855235
28,15,0.234375,0.4375,-0.0918411316,0.160584556,-0.105229902,0.200706496,-0.111920479,0.23386881
28,16,0.25,0.4375,-0.100636268,0.161492151,-0.114971357,0.203153952,-0.121418835,0.236451061
28,17,0.265625,0.4375,-0.10952303,0.161682655,-0.124725422,0.204591645,-0.130693978,0.237445692
28,18,0.28125,0.4375,-0.118482221,0.161139605,-0.134445719,0.204917258,-0.139670977,0.236723052
28,19,0.296875,0.4375,-0.12749498,0.159834914,-0.144083786,0.2040321,-0.148278391,0.234187946
28,20,0.3125,0.4375,-0.136542002,0.157732484,-0.153589851,0.201847251,-0.156451415,0.229784775
28,21,0.328125,0.4375,-0.145602887,0.154791365,-0.162913996,0.198288294,-0.164134968,0.223500264
28,22,0.34375,0.4375,-0.154655593,0.150968405,-0.172007596,0.193298873,-0.171286438,0.215363801
28,23,0.359375,0.4375,-0.163675997,0.146220451,-0.180824926,0.186843184,-0.177877787,0.205445368
28,24,0.375,0.4375,-0.17263753,0.14050618,-0.189324788,0.178907444,-0.183896836,0.193851168
28,25,0.390625,0.4375,-0.181510911,0.133787696,-0.197472047,0.169500311,-0.189347635,0.180717256
28,26,0.40625,0.4375,-0.190263954,0.126031964,-0.205238933,0.158652245,-0.194249904,0.166201671
28,27,0.421875,0.4375,-0.198861445,0.117212189,-0.212606008,0.146413829,-0.19863766,0.150475734
28,28,0.4375,0.4375,-0.207265061,0.107309145,-0.219562704,0.132853149,-0.202557202,0.133715205
28,29,0.453125,0.4375,-0.215433305,0.0963124871,-0.226107379,0.11805238,-0.20606468,0.116091957
28,30,0.46875,0.4375,-0.223321392,0.0842220142,-0.232246848,0.102103823,-0.209223476,0.0977666885
28,31,0.484375,0.4375,-0.230881049,0.0710488745,-0.237995372,0.0851056512,-0.212101617,0.0788830287
28,32,0.5,0.4375,-0.238060164,0.056816713,-0.243373121,0.067157686,-0.214769363,0.0595631702
28,33,0.515625,0.4375,-0.244802247,0.0415627843,-0.248404098,0.04835751,-0.217297084,0.0399050234
28,34,0.53125,0.4375,-0.251045663,0.025339091,-0.253113533,0.0287972322,-0.219753395,0.019980735
28,35,0.546875,0.4375,-0.256722645,0.00821364254,-0.257524733,0.00856121528,-0.222203492,-0.000163634124
28,36,0.5625,0.4375,-0.261758125,-0.00972805223,-0.261655375,-0.0122749299,-0.224707485,-0.0205074681
28,37,0.578125,0.4375,-0.266068468,-0.0283811343,-0.26551319,-0.0336437693,-0.227318459,-0.0410540939
28,38,0.59375,0.4375,-0.269560241,-0.0476190857,-0.269091041,-0.0554835638,-0.230079916,-0.0618283527
28,39,0.609375,0.4375,-0.272129251,-0.0672909123,-0.272361398,-0.0777335383,-0.233022162,-0.0828729442
28,40,0.625,0.4375,-0.273660089,-0.087217859,-0.275270306,-0.100326563,-0.236157197,-0.104242952
28,41,0.640625,0.4375,-0.274026547,-0.107189823,-0.277731077,-0.123178961,-0.239471665,-0.125997647
28,42,0.65625,0.4375,-0.273093275,-0.126961798,-0.279618135,-0.146177279,-0.242917536,-0.148188365
28,43,0.671875,0.4375,-0.270719089,-0.146250867,-0.280761733,-0.169162164,-0.246400475,-0.170841071
28,44,0.6875,0.4375,-0.266762299,-0.164734467,-0.280944581,-0.191909916,-0.249766279,-0.19393228
28,45,0.703125,0.4375,-0.261088347,-0.182050812,-0.27990185,-0.214113019,-0.25278655,-0.217357447
28,46,0.71875,0.4375,-0.253579836,-0.197802485,-0.277326318,-0.235361921,-0.255145772,-0.240892105
28,47,0.734375,0.4375,-0.244148765,-0.211564179,-0.272880644,-0.255131439,-0.256433312,-0.264148027
28,48,0.75,0.4375,-0.232750385,-0.222895428,-0.266218617,-0.272776378,-0.256145233,-0.286529756
28,49,0.765625,0.4375,-0.219397681,-0.23135875,-0.257016533,-0.287541786,-0.253701927,-0.307200826
28,50,0.78125,0.4375,-0.204175045,-0.236543086,-0.245014433,-0.298593298,-0.248487618,-0.325073224
28,51,0.796875,0.4375,-0.187249402,-0.238091664,-0.23006467,-0.30507165,-0.239916021,-0.338836681
28,52,0.8125,0.4375,-0.168876972,-0.235732661,-0.212182332,-0.306172104,-0.227521731,-0.347043986
28,53,0.828125,0.4375,-0.149403979,-0.229310273,-0.191589044,-0.301244105,-0.211069074,-0.348261924
28,54,0.84375,0.4375,-0.129260101,-0.218813215,-0.1687396,-0.289899702,-0.190660045,-0.341282735
28,55,0.859375,0.4375,-0.108944036,-0.204397222,-0.144321101,-0.27211286,-0.166813698,-0.325369123
28,56,0.875,0.4375,-0.089001359,-0.186397904,-0.119217773,-0.248288416,-0.140486052,-0.300482608
28,57,0.890625,0.4375,-0.0699957596,-0.16533053,-0.0944416048,-0.219281629,-0.11300747,-0.26743133
28,58,0.90625,0.4375,-0.0524758601,-0.141874386,-0.0710376086,-0.186358136,-0.0859353923,-0.227881196
28,59,0.921875,0.4375,-0.0369411149,-0.116841602,-0.0499801864,-0.15109776,-0.0608486845,-0.184208214
28,60,0.9375,0.4375,-0.0238112374,-0.0911335389,-0.0320803591,-0.115259767,-0.0391333829,-0.13922053
28,61,0.953125,0.4375,-0.0134036401,-0.0656909098,-0.0179211336,-0.0806363712,-0.0218150261,-0.0958230829
28,62,0.96875,0.4375,-0.00592209611,-0.0414453532,-0.00783085684,-0.0489223505,-0.00947622368,-0.056713353
28,63,0.984375,0.4375,-0.00145758992,-0.0192794807,-0.00189512183,-0.0216216171,-0.00226845703,-0.024175904
28,64,1,0.4375,0,0,0,0,0,0
29,0,0,0.453125,0,0,0,0,0,0
29,1,0.015625,0.453125,-0.000765240511,0.0274909109,-0.000885760847,0.0360453979,-0.000951463919,0.0437456026
29,2,0.03125,0.453125,-0.00285646692,0.051511274,-0.00330116691,0.0665516114,-0.00357242208,0.0797621723
29,3,0.046875,0.453125,-0.00608936959,0.0723132385,-0.00702844864,0.0921020062,-0.00763829831,0.109050732
29,4,0.0625,0.453125,-0.0102981427,0.0901844863,-0.0118682148,0.113347643,-0.0129243484,0.132733511
29,5,0.078125,0.453125,-0.0153347334,0.105429187,-0.0176389986,0.130959246,-0.0192119567,0.151949442
29,6,0.09375,0.453125,-0.0210684025,0.118352074,-0.0241788534,0.145585104,-0.0262991597,0.167757801
29,7,0.109375,0.453125,-0.0273851999,0.129245705,-0.0313468926,0.157816397,-0.0340089516,0.181063186
29,8,0.125,0.453125,-0.0341871652,0.138380899,-0.0390236743,0.168161739,-0.0421927684,0.192570356
29,9,0.140625,0.453125,-0.0413912093,0.146000132,-0.0471100982,0.177031907,-0.0507291576,0.20277036
29,10,0.15625,0.453125,-0.0489277242,0.152313466,-0.0555249827,0.184734586,-0.0595190213,0.211953267
29,11,0.171875,0.453125,-0.056739005,0.157496565,-0.0642017553,0.191477855,-0.0684792453,0.22023915
29,12,0.1875,0.453125,-0.0647775779,0.161690364,-0.0730847645,0.197380353,-0.0775363236,0.227618037
29,13,0.203125,0.453125,-0.073004514,0.165002069,-0.0821256765,0.202485698,-0.0866210884,0.233990897
29,14,0.21875,0.453125,-0.081387794,0.167507243,-0.0912803053,0.20677879,-0.0956651103,0.239206359
29,15,0.234375,0.453125,-0.0899007722,0.16925281,-0.100506091,0.210202077,-0.104598892,0.243090657
29,16,0.25,0.453125,-0.0985207728,0.17026073,-0.109760321,0.212670435,-0.113351694,0.245470505
29,17,0.265625,0.453125,-0.107227839,0.170532116,-0.118999096,0.214083958,-0.121852687,0.246189831
29,18,0.28125,0.453125,-0.116003641,0.170051477,-0.128176996,0.214338492,-0.13003307,0.24512172
29,19,0.296875,0.453125,-0.124830542,0.168790838,-0.137247348,0.213334042,-0.137828767,0.242176647
29,20,0.3125,0.453125,-0.133690804,0.166713489,-0.146163,0.210981364,-0.145183357,0.237307699
29,21,0.328125,0.453125,-0.142565934,0.16377727,-0.154877485,0.207207028,-0.152050872,0.230513059
29,22,0.34375,0.453125,-0.151436138,0.159937326,-0.163346455,0.201957193,-0.15839816,0.221835814
29,23,0.359375,0.453125,-0.160279901,0.15514841,-0.171529246,0.19520018,-0.164206573,0.211361134
29,24,0.375,0.453125,-0.169073662,0.149366814,-0.179390453,0.186927886,-0.169472805,0.199211018
29,25,0.390625,0.453125,-0.177791599,0.142552051,-0.186901366,0.177156034,-0.17420884,0.185537021
29,26,0.40625,0.453125,-0.186405501,0.134668372,-0.194041172,0.165923237,-0.178441037,0.170511548
29,27,0.421875,0.453125,-0.194884716,0.125686195,-0.200797805,0.15328894,-0.182208502,0.154318478
29,28,0.4375,0.453125,-0.203196135,0.115583466,-0.207168379,0.139330345,-0.185560937,0.13714385
29,29,0.453125,0.453125,-0.211304172,0.104346934,-0.21315917,0.124138509,-0.188556208,0.119167306
29,30,0.46875,0.453125,-0.219170674,0.0919733366,-0.21878511,0.107813871,-0.191257858,0.1005548
29,31,0.484375,0.453125,-0.226754709,0.0784704619,-0.22406881,0.0904614931,-0.193732781,0.0814528654
29,32,0.5,0.453125,-0.234012154,0.0638580977,-0.229039113,0.0721863301,-0.196049195,0.0619845496
29,33,0.515625,0.453125,-0.24089503,0.0481689002,-0.233729191,0.0530888423,-0.198274993,0.0422468974
29,34,0.53125,0.453125,-0.247350546,0.0314492696,-0.238174171,0.0332612466,-0.200476477,0.0223097572
29,35,0.546875,0.453125,-0.253319835,0.0137603559,-0.242408274,0.012784701,-0.202717373,0.00221560586
29,36,0.5625,0.453125,-0.258736397,-0.00482064445,-0.24646141,-0.00827229054,-0.205057944,-0.0180198932
29,37,0.578125,0.453125,-0.263524339,-0.0241987261,-0.250355157,-0.0298539466,-0.207553947,-0.0384067929
29,38,0.59375,0.453125,-0.267596513,-0.044258682,-0.254098031,-0.051915412,-0.21025505,-0.0589792415
29,39,0.609375,0.453125,-0.270852768,-0.0648619599,-0.257679994,-0.0744187066,-0.213202279,-0.0797931043
29,40,0.625,0.453125,-0.273178591,-0.0858427361,-0.26106617,-0.0973259868,-0.216423977,-0.10092227
29,41,0.640625,0.453125,-0.274444482,-0.107003303,-0.264189863,-0.120589665,-0.219929714,-0.122452705
29,42,0.65625,0.453125,-0.274506506,-0.128109052,-0.266945172,-0.144138995,-0.223701625,-0.14447291
29,43,0.671875,0.453125,-0.273208524,-0.148883559,-0.269179745,-0.167862917,-0.227682821,-0.167059089
29,44,0.6875,0.453125,-0.270386592,-0.169004525,-0.270688634,-0.191589344,-0.231762837,-0.190253117
29,45,0.703125,0.453125,-0.265876026,-0.1881016,-0.271210657,-0.215061763,-0.235760752,-0.214031571
29,46,0.71875,0.453125,-0.259521421,-0.205757318,-0.270429173,-0.237915016,-0.239407592,-0.238264859
29,47,0.734375,0.453125,-0.251189696,-0.221512488,-0.267979656,-0.259653507,-0.242331068,-0.26266721
29,48,0.75,0.453125,-0.240785774,-0.234877307,-0.263466598,-0.279636646,-0.24404744,-0.286741346
29,49,0.765625,0.453125,-0.228270017,-0.245349134,-0.256491993,-0.297077882,-0.243967081,-0.309726082
29,50,0.78125,0.453125,-0.213675909,-0.252437259,-0.246696531,-0.311064595,-0.241421522,-0.330560683
29,51,0.796875,0.453125,-0.197125958,-0.255694092,-0.233812421,-0.320605672,-0.235719302,-0.347885259
29,52,0.8125,0.453125,-0.178843473,-0.254751172,-0.21772349,-0.324710867,-0.226234609,-0.360099437
29,53,0.828125,0.453125,-0.159157873,-0.24935733,-0.198524152,-0.322500487,-0.212525191,-0.365498434
29,54,0.84375,0.453125,-0.138501595,-0.239415444,-0.176565179,-0.313335645,-0.194464483,-0.362492719
29,55,0.859375,0.453125,-0.117397457,-0.225013583,-0.152472505,-0.29695,-0.172359546,-0.349893119
29,56,0.875,0.453125,-0.0964362736,-0.206445973,-0.127127383,-0.273556633,-0.147016847,-0.327211547
29,57,0.890625,0.453125,-0.0762456856,-0.184219244,-0.101603114,-0.243902535,-0.119719689,-0.294900313
29,58,0.90625,0.453125,-0.0574524625,-0.159040309,-0.0770642474,-0.209250954,-0.0921000062,-0.254447642
29,59,0.921875,0.453125,-0.0406420843,-0.13178447,-0.0546453608,-0.17128797,-0.0659210293,-0.208276864
29,60,0.9375,0.453125,-0.0263208331,-0.103446112,-0.0353336754,-0.131969264,-0.0428227146,-0.159457856
29,61,0.953125,0.453125,-0.0148861697,-0.0750786556,-0.0198795488,-0.0933386577,-0.0240997199,-0.111305966
29,62,0.96875,0.453125,-0.00661010399,-0.0477332807,-0.00875123095,-0.0573553659,-0.0105705416,-0.0669804734
29,63,0.984375,0.453125,-0.00163772035,-0.0224060043,-0.00213863633,-0.0257606014,-0.00256246577,-0.0291823633
29,64,1,0.453125,0,0,0,0,0,0
30,0,0,0.46875,0,0,0,0,0,0
30,1,0.015625,0.46875,-0.000732249701,0.0288927874,-0.000804782552,0.0376307545,-0.000818412162,0.0454252603
30,2,0.03125,0.46875,-0.00274138532,0.0541278379,-0.00302443632,0.0695130467,-0.00312665874,0.0829303773
30,3,0.046875,0.46875,-0.00585703408,0.0759752353,-0.00647953704,0.0962470009,-0.0067689265,0.113511363
30,4,0.0625,0.46875,-0.00992422562,0.0947393726,-0.0109994682,0.118497279,-0.011569676,0.138283957
30,5,0.078125,0.46875,-0.0148028245,0.110740667,-0.0164224746,0.136949226,-0.0173411444,0.158390223
30,6,0.09375,0.46875,-0.0203674748,0.124299821,-0.0225985075,0.152268038,-0.0238970609,0.174903873
30,7,0.109375,0.46875,-0.0265075516,0.13572493,-0.0293923751,0.165063587,-0.0310650569,0.188751914
30,8,0.125,0.46875,-0.0331268459,0.145301616,-0.0366858154,0.175863614,-0.0386942749,0.200664472
30,9,0.140625,0.46875,-0.040142891,0.153286094,-0.0443779607,0.185096964,-0.0466575673,0.211156397
30,10,0.15625,0.46875,-0.0474859518,0.159900847,-0.0523842411,0.19308708,-0.0548493743,0.220537022
30,11,0.171875,0.46875,-0.0550977582,0.16533247,-0.0606341061,0.200054718,-0.0631810547,0.228939909
30,12,0.1875,0.46875,-0.0629300782,0.169731248,-0.0690680697,0.206127827,-0.0715754194,0.236363025
30,13,0.203125,0.46875,-0.0709432247,0.173212158,-0.0776345773,0.211356108,-0.0799618039,0.242710914
30,14,0.21875,0.46875,-0.0791045662,0.175857007,-0.0862870978,0.215727786,-0.0882724709,0.247833038
30,15,0.234375,0.46875,-0.087387098,0.177717535,-0.0949817182,0.219186512,-0.0964406476,0.251555394
30,16,0.25,0.46875,-0.0957681116,0.178819218,-0.103675392,0.221646956,-0.104400142,0.253704857
30,17,0.265625,0.46875,-0.104227986,0.179165523,-0.112324892,0.223008321,-0.112086273,0.254127068
30,18,0.28125,0.46875,-0.112749116,0.178742308,-0.12088644,0.22316551,-0.119437754,0.252699131
30,19,0.296875,0.46875,-0.121314977,0.177522077,-0.12931594,0.222018104,-0.126399124,0.249338232
30,20,0.3125,0.46875,-0.129909339,0.175467876,-0.137569713,0.219477388,-0.132923347,0.244006879
30,21,0.328125,0.46875,-0.138515598,0.172536699,-0.145605611,0.215471749,-0.138974221,0.236715067
30,22,0.34375,0.46875,-0.147116258,0.168682373,-0.153384379,0.209950634,-0.144528305,0.227519502
30,23,0.359375,0.46875,-0.155692526,0.163857975,-0.16087113,0.202887182,-0.149576134,0.216520013
30,24,0.375,0.46875,-0.164224038,0.158017878,-0.168036791,0.194279563,-0.154122624,0.203853435
30,25,0.390625,0.46875,-0.172688701,0.151119535,-0.174859401,0.18415103,-0.158186615,0.189685488
30,26,0.40625,0.46875,-0.181062635,0.143125081,-0.181325157,0.172548684,-0.161799666,0.174201333
30,27,0.421875,0.46875,-0.189320188,0.134002823,-0.187429115,0.159541036,-0.165004242,0.157595635
30,28,0.4375,0.46875,-0.197433986,0.1237286,-0.193175496,0.145214515,-0.167851506,0.140062912
30,29,0.453125,0.46875,-0.205374966,0.112287025,-0.198577583,0.129669111,-0.170398964,0.121788877
30,30,0.46875,0.46875,-0.21311231,0.0996725515,-0.203657191,0.113013463,-0.172708174,0.102943262
30,31,0.484375,0.46875,-0.220613231,0.0858903549,-0.208443737,0.0953596542,-0.174842716,0.0836743654
30,32,0.5,0.46875,-0.227842519,0.0709570341,-0.212972921,0.0768180671,-0.176866552,0.0641053816
30,33,0.515625,0.46875,-0.234761789,0.0549011766,-0.217285046,0.0574925675,-0.178842843,0.044332306
30,34,0.53125,0.46875,-0.241328372,0.0377638955,-0.221422941,0.0374763151,-0.180833215,0.0244231153
30,35,0.546875,0.46875,-0.24749383,0.0195994933,-0.225429478,0.0168484552,-0.18289738,0.0044178331
30,36,0.5625,0.46875,-0.253202089,0.000476452525,-0.229344595,-0.00432804659,-0.185092957,-0.0156708935
30,37,0.578125,0.46875,-0.258387236,-0.0195210186,-0.233201714,-0.0260071492,-0.187475223,-0.0358569886
30,38,0.59375,0.46875,-0.262971102,-0.040290657,-0.237023426,-0.048158727,-0.19009647,-0.0561800213
30,39,0.609375,0.46875,-0.266860773,-0.0617088339,-0.240816287,-0.0707653993,-0.193004518,-0.0767040165
30,40,0.625,0.46875,-0.269946326,-0.0836261455,-0.244564608,-0.0938166937,-0.196239849,-0.097515517
30,41,0.640625,0.46875,-0.272099102,-0.105861908,-0.248223194,-0.117299958,-0.199830755,-0.11872
30,42,0.65625,0.46875,-0.273171018,-0.128197756,-0.251709154,-0.141187397,-0.203785802,-0.140435258
30,43,0.671875,0.46875,-0.272995438,-0.150370781,-0.25489313,-0.165418702,-0.208083024,-0.162779859
30,44,0.6875,0.46875,-0.271390262,-0.172066965,-0.257590727,-0.189879004,-0.212655407,-0.185854348
30,45,0.703125,0.46875,-0.26816387,-0.192915983,-0.259555397,-0.214372481,-0.217372749,-0.209712692
30,46,0.71875,0.46875,-0.263124495,-0.212488815,-0.260474677,-0.238592922,-0.222020845,-0.234321789
30,47,0.734375,0.46875,-0.256093387,-0.230299827,-0.259972351,-0.262094013,-0.226280315,-0.259508179
30,48,0.75,0.46875,-0.246921706,-0.245815107,-0.257619625,-0.284264041,-0.229709353,-0.284893743
30,49,0.765625,0.46875,-0.235510506,-0.258468615,-0.252958578,-0.304311854,-0.231736933,-0.309826744
30,50,0.78125,0.46875,-0.22183243,-0.267687145,-0.245540486,-0.321272871,-0.231675268,-0.333321004
30,51,0.796875,0.46875,-0.205952888,-0.2729241,-0.234979803,-0.334044691,-0.228761398,-0.354023593
30,52,0.8125,0.46875,-0.188047923,-0.273700746,-0.22102124,-0.341460373,-0.22223624,-0.370238096
30,53,0.828125,0.46875,-0.168415595,-0.269652151,-0.203612615,-0.342402416,-0.211463405,-0.38003205
30,54,0.84375,0.46875,-0.147478054,-0.260573631,-0.182970831,-0.335951348,-0.196078325,-0.38144838
30,55,0.859375,0.46875,-0.125772235,-0.246462544,-0.15962429,-0.321550656,-0.176141798,-0.372816759
30,56,0.875,0.46875,-0.103928399,-0.227549675,-0.134414789,-0.299157807,-0.152255848,-0.353122464
30,57,0.890625,0.46875,-0.0826371677,-0.204314341,-0.108447635,-0.269344765,-0.125593158,-0.322348171
30,58,0.90625,0.46875,-0.062607343,-0.177477988,-0.082990697,-0.233315889,-0.0978043861,-0.281679855
30,59,0.921875,0.46875,-0.044518633,-0.147973232,-0.0593381067,-0.192828332,-0.070803626,-0.233485506
30,60,0.9375,0.46875,-0.0289753119,-0.116889454,-0.038666612,-0.150025579,-0.046479809,-0.181041839
30,61,0.953125,0.46875,-0.0164680157,-0.0854016389,-0.0219163434,-0.107218816,-0.0264163203,-0.128075256
30,62,0.96875,0.46875,-0.00735023417,-0.0546938026,-0.00972102392,-0.066663263,-0.0117008112,-0.0782506071
30,63,0.984375,0.46875,-0.00183331318,-0.0258895847,-0.00239877727,-0.0303728481,-0.00287169877,-0.0347464456
30,64,1,0.46875,0,0,0,0,0,0
31,0,0,0.484375,0,0,0,0,0,0
31,1,0.015625,0.484375,-0.000694171432,0.0302322962,-0.000715733083,0.0390698342,-0.000676053403,0.0468722613
31,2,0.03125,0.484375,-0.00260796237,0.0566360583,-0.00271844133,0.0722263659,-0.00264599184,0.0857126866
31,3,0.046875,0.484375,-0.00558652805,0.0794960788,-0.00586968185,0.100077038,-0.00582560336,0.11749375
31,4,0.0625,0.484375,-0.00948698206,0.0991302767,-0.0100299746,0.12329058,-0.0100919218,0.143305729
31,5,0.078125,0.484375,-0.014178058,0.115872436,-0.0150593238,0.142558285,-0.0152914487,0.164276827
31,6,0.09375,0.484375,-0.0195404758,0.130056801,-0.0208212425,0.158555004,-0.0212565696,0.181481713
31,7,0.109375,0.484375,-0.0254674042,0.142005076,-0.0271874766,0.171903705,-0.0278217962,0.1958604
31,8,0.125,0.484375,-0.0318646688,0.152016239,-0.0340417812,0.183147325,-0.0348354709,0.208162867
31,9,0.140625,0.484375,-0.0386505618,0.160359238,-0.0412820152,0.192730333,-0.0421656486,0.218925459
31,10,0.15625,0.484375,-0.0457552458,0.167268333,-0.0488204642,0.200990732,-0.0497008452,0.228476754
31,11,0.171875,0.484375,-0.0531198289,0.172940691,-0.0565826976,0.208161683,-0.0573473089,0.236965195
31,12,0.1875,0.484375,-0.0606952107,0.177535831,-0.0645054465,0.214380824,-0.065024651,0.244398787
31,13,0.203125,0.484375,-0.0684408013,0.181176557,-0.0725340237,0.219704726,-0.072661374,0.250687949
31,14,0.21875,0.484375,-0.0763231967,0.183951117,-0.0806197396,0.224125931,-0.0801913188,0.255685203
31,15,0.234375,0.484375,-0.0843148706,0.185916355,-0.088717651,0.227590372,-0.0875515223,0.259218328
31,16,0.25,0.484375,-0.0923929286,0.187101618,-0.0967848532,0.230013609,-0.0946815572,0.26111613
31,17,0.265625,0.484375,-0.100537953,0.18751312,-0.104779411,0.231295006,-0.101524148,0.261227444
31,18,0.28125,0.484375,-0.108732958,0.187138469,-0.112659937,0.23132954,-0.108026707,0.259434572
31,19,0.296875,0.484375,-0.116962469,0.185951061,-0.120385748,0.230017315,-0.114143394,0.25566224
31,20,0.3125,0.484375,-0.125211737,0.18391411,-0.127917517,0.227271034,-0.119837285,0.249882796
31,21,0.328125,0.484375,-0.133466087,0.180984189,-0.13521828,0.223021695,-0.12508232,0.242118017
31,22,0.34375,0.484375,-0.141710406,0.177114254,-0.142254671,0.217222713,-0.12986474,0.232437727
31,23,0.359375,0.484375,-0.149928779,0.17225619,-0.148998236,0.209852591,-0.134183832,0.220955453
31,24,0.375,0.484375,-0.158104256,0.16636299,-0.155426709,0.200916156,-0.138051894,0.207821499
31,25,0.390625,0.484375,-0.166218753,0.159390648,-0.161525114,0.1904444,-0.141493455,0.193214064
31,26,0.40625,0.484375,-0.174253058,0.151299858,-0.167286617,0.178492951,-0.144543828,0.177329176
31,27,0.421875,0.484375,-0.182186909,0.142057547,-0.172713047,0.165139279,-0.147247203,0.160370318
31,28,0.4375,0.484375,-0.189999105,0.131638245,-0.177815068,0.150478814,-0.149654474,0.142538571
31,29,0.453125,0.484375,-0.197667575,0.120025258,-0.182611978,0.134620205,-0.151821026,0.124023974
31,30,0.46875,0.484375,-0.205169348,0.107211602,-0.187131166,0.117680025,-0.153804696,0.104998552
31,31,0.484375,0.484375,-0.212480334,0.0932006711,-0.191407243,0.099777223,-0.155664063,0.0856112437
31,32,0.5,0.484375,-0.219574857,0.0780066554,-0.19548088,0.0810276395,-0.157457195,0.0659846772
31,33,0.515625,0.484375,-0.226424833,0.0616547527,-0.199397372,0.0615388617,-0.159240885,0.0462135606
31,34,0.53125,0.484375,-0.232998574,0.044181311,-0.203204913,0.0414056785,-0.161070382,0.0263642943
31,35,0.546875,0.484375,-0.23925914,0.0256340727,-0.206952544,0.0207063552,-0.16299952,0.00647534798
31,36,0.5625,0.484375,-0.245162237,0.00607276158,-0.210687683,-0.000500054298,-0.165081116,-0.0134420505
31,37,0.578125,0.484375,-0.250653693,-0.0144297131,-0.214453105,-0.0221751151,-0.167367405,-0.0334032798
31,38,0.59375,0.484375,-0.25566656,-0.0357851447,-0.218283188,-0.044300839,-0.169910208,-0.053449947
31,39,0.609375,0.484375,-0.260117999,-0.0578867357,-0.222199235,-0.0668775254,-0.172760435,-0.0736497251
31,40,0.625,0.484375,-0.263906168,-0.0806044071,-0.226203628,-0.0899190794,-0.1759664,-0.0940960331
31,41,0.640625,0.484375,-0.266907428,-0.10377861,-0.230272677,-0.113445118,-0.179570322,-0.114906753
31,42,0.65625,0.484375,-0.268974332,-0.127212716,-0.234348081,-0.13746906,-0.183602233,-0.136220641
31,43,0.671875,0.484375,-0.269934979,-0.150664315,-0.238327167,-0.161981345,-0.188070517,-0.158189484
31,44,0.6875,0.484375,-0.269594443,-0.173836094,-0.242052423,-0.186927077,-0.192948315,-0.180963391
31,45,0.703125,0.484375,-0.267739101,-0.196367367,-0.245301347,-0.212177812,-0.19815538,-0.204666134
31,46,0.71875,0.484375,-0.264144668,-0.2178278,-0.247778331,-0.237498062,-0.203535596,-0.229357294
31,47,0.734375,0.484375,-0.258588652,-0.237715278,-0.249111167,-0.26250856,-0.208831656,-0.254978702
31,48,0.75,0.484375,-0.250867586,-0.255460188,-0.248855568,-0.286650419,-0.213660249,-0.281284728
31,49,0.765625,0.484375,-0.240818826,-0.27043841,-0.24651176,-0.309157021,-0.21749375,-0.307760167
31,50,0.78125,0.484375,-0.228345812,-0.281994877,-0.24155719,-0.32904337,-0.219657397,-0.333536217
31,51,0.796875,0.484375,-0.21344467,-0.289478598,-0.233498154,-0.345124917,-0.219353532,-0.357324286
31,52,0.8125,0.484375,-0.196228971,-0.292288465,-0.221940201,-0.356078054,-0.215725078,-0.377397429
31,53,0.828125,0.484375,-0.176948725,-0.2899272,-0.206672081,-0.360550897,-0.207966695,-0.391656349
31,54,0.84375,0.484375,-0.155999593,-0.282058805,-0.187751312,-0.35732397,-0.195481571,-0.397814326
31,55,0.859375,0.484375,-0.133919013,-0.268563238,-0.165572811,-0.345506042,-0.178063858,-0.393715596
31,56,0.875,0.484375,-0.111367402,-0.24958104,-0.140898534,-0.324733289,-0.156064556,-0.377760187
31,57,0.890625,0.484375,-0.0890945144,-0.2255403,-0.11482923,-0.295326627,-0.13048209,-0.349351775
31,58,0.90625,0.484375,-0.0678931267,-0.197158844,-0.0887112881,-0.258360482,-0.102921904,-0.309237175
31,59,0.921875,0.484375,-0.0485445019,-0.165416501,-0.0639902047,-0.215612055,-0.0754028139,-0.259601441
31,60,0.9375,0.484375,-0.0317624876,-0.13149673,-0.0420407097,-0.169391027,-0.0500456068,-0.203845162
31,61,0.953125,0.484375,-0.0181450332,-0.0967037333,-0.0240134175,-0.122284246,-0.0287339392,-0.146084964
31,62,0.96875,0.484375,-0.00814190249,-0.0623679832,-0.0107338892,-0.076872932,-0.0128547964,-0.0905250949
31,63,0.984375,0.484375,-0.00204460756,-0.0297562385,-0.00267445502,-0.0354816253,-0.0031935594,-0.0408831745
31,64,1,0.484375,0,0,0,0,0,0
32,0,0,0.5,0,0,0,0,0,0
32,1,0.015625,0.5,-0.000651643558,0.0315007498,-0.000620190916,0.0403491958,-0.000527176918,0.0480712522
32,2,0.03125,0.5,-0.00245836539,0.0590201946,-0.00238827964,0.0746669955,-0.00213915763,0.0880799273
32,3,0.046875,0.5,-0.00528210138,0.082854255,-0.0052084956,0.103558534,-0.00482435659,0.120957293
32,4,0.0625,0.5,-0.00899302274,0.103330903,-0.00897421068,0.127686921,-0.00851461624,0.147749802
32,5,0.078125,0.5,-0.013469477,0.120794161,-0.0135688615,0.147740494,-0.0130935857,0.169554871
32,6,0.09375,0.5,-0.0185988062,0.135589167,-0.0188710282,0.164396191,-0.0184151854,0.187434221
32,7,0.109375,0.5,-0.0242783479,0.148049123,-0.0247606317,0.178284125,-0.0243232242,0.202330816
32,8,0.125,0.5,-0.0304161934,0.158484774,-0.0311243697,0.189958153,-0.0306670141,0.215008324
32,9,0.140625,0.5,-0.0369315083,0.167176671,-0.0378594566,0.199875647,-0.037310976,0.226021771
32,10,0.15625,0.5,-0.0437543802,0.174370114,-0.0448754254,0.208387762,-0.0441384362,0.235718683
32,11,0.171875,0.5,-0.0508252599,0.180272434,-0.0520942037,0.215739701,-0.0510510571,0.244263715
32,12,0.1875,0.5,-0.0580941011,0.185052221,-0.0594489146,0.222079153,-0.0579657581,0.25167709
32,13,0.203125,0.5,-0.0655193101,0.188840144,-0.0668819308,0.227470401,-0.0648108294,0.257877582
32,14,0.21875,0.5,-0.0730665984,0.191731076,-0.0743426768,0.231911413,-0.0715224772,0.262723186
32,15,0.234375,0.5,-0.0807078086,0.193787267,-0.081785572,0.235351625,-0.0780424907,0.266045632
32,16,0.25,0.5,-0.0884197629,0.1950423,-0.0891683834,0.237708717,-0.0843172441,0.267677482
32,17,0.265625,0.5,-0.0961831709,0.195505552,-0.0964511308,0.238883404,-0.0902979041,0.267472218
32,18,0.28125,0.5,-0.103981622,0.195166824,-0.103595585,0.238771847,-0.0959415222,0.265318377
32,19,0.296875,0.5,-0.111800687,0.194000857,-0.110565318,0.237275684,-0.101212611,0.26114881
32,20,0.3125,0.5,-0.119627141,0.191971494,-0.117326215,0.23430992,-0.106084814,0.254945805
32,21,0.328125,0.5,-0.127448325,0.189035367,-0.123847322,0.229808903,-0.110542323,0.246742523
32,22,0.34375,0.5,-0.135251661,0.185145065,-0.130101893,0.22373059,-0.114580809,0.236621014
32,23,0.359375,0.5,-0.143024311,0.180251825,-0.136068496,0.21605922,-0.118207691,0.224707167
32,24,0.375,0.5,-0.150752992,0.174307853,-0.141732058,0.206806442,-0.121441726,0.211163059
32,25,0.390625,0.5,-0.158423921,0.167268337,-0.147084739,0.196010938,-0.124311936,0.196177421
32,26,0.40625,0.5,-0.166022878,0.159093238,-0.15212655,0.183736616,-0.12685603,0.179955082
32,27,0.421875,0.5,-0.173535332,0.14974887,-0.156865691,0.170069487,-0.129118473,0.162706282
32,28,0.4375,0.5,-0.180946595,0.139209266,-0.161318561,0.155113446,-0.131148431,0.144636735
32,29,0.453125,0.5,-0.18824192,0.127457268,-0.165509473,0.13898521,-0.132997769,0.125939099
32,30,0.46875,0.5,-0.195406496,0.114485311,-0.1694701,0.121808728,-0.134719307,0.106786298
32,31,0.484375,0.5,-0.202425235,0.100295864,-0.173238679,0.103709368,-0.13636545,0.0873268647
32,32,0.5,0.5,-0.209282286,0.0849015327,-0.176859019,0.0848081958,-0.137987298,0.0676822043
32,33,0.515625,0.5,-0.2159602,0.0683248943,-0.180379331,0.0652166003,-0.13963426,0.047945493
32,34,0.53125,0.5,-0.222438677,0.0505982022,-0.183850868,0.0450314873,-0.141354161,0.0281817494
32,35,0.546875,0.5,-0.228692832,0.0317631562,-0.187326333,0.0243312257,-0.143193774,0.00842856726
32,36,0.5625,0.5,-0.234690963,0.011871006,-0.19085796,0.00317251396,-0.145199659,-0.0113030077
32,37,0.578125,0.5,-0.240391798,-0.00901669628,-0.194495122,-0.0184116442,-0.147419123,-0.0310278963
32,38,0.59375,0.5,-0.245741269,-0.030826351,-0.19828125,-0.0404125967,-0.149901044,-0.0507869923
32,39,0.609375,0.5,-0.250668896,-0.0534692252,-0.202249837,-0.0628449595,-0.152696228,-0.0706478245
32,40,0.625,0.5,-0.25508396,-0.0768367163,-0.206419214,-0.0857432515,-0.155856804,-0.0907056293
32,41,0.640625,0.5,-0.258871735,-0.100793744,-0.210785838,-0.109155505,-0.159434069,-0.111084167
32,42,0.65625,0.5,-0.2618902,-0.125170205,-0.215315874,-0.133132908,-0.163473989,-0.131935064
32,43,0.671875,0.5,-0.263967794,-0.14975067,-0.219934996,-0.157714359,-0.168009444,-0.153433777
32,44,0.6875,0.5,-0.264902972,-0.174262842,-0.22451667,-0.182904824,-0.17304825,-0.175769485
32,45,0.703125,0.5,-0.264466489,-0.198365758,-0.228869617,-0.208646573,-0.178556055,-0.199125411
32,46,0.71875,0.5,-0.262407448,-0.221639264,-0.232725886,-0.234783101,-0.184433728,-0.223645514
32,47,0.734375,0.5,-0.258464161,-0.243576909,-0.235731898,-0.261016776,-0.190489749,-0.249383527
32,48,0.75,0.5,-0.252380669,-0.263584932,-0.237445925,-0.286863448,-0.196409905,-0.276231649
32,49,0.765625,0.5,-0.243929256,-0.280990389,-0.237346559,-0.311610231,-0.201729207,-0.303829596
32,50,0.78125,0.5,-0.232938403,-0.295061302,-0.234857386,-0.334286477,-0.205814449,-0.331461222
32,51,0.796875,0.5,-0.21932441,-0.30504094,-0.22939273,-0.353661681,-0.207869694,-0.357955912
32,52,0.8125,0.5,-0.203123431,-0.310196691,-0.220427078,-0.368286446,-0.206979676,-0.381624934
32,53,0.828125,0.5,-0.184519373,-0.309881529,-0.207586002,-0.376591304,-0.202205315,-0.400275557
32,54,0.84375,0.5,-0.163862372,-0.303603343,-0.190748816,-0.377050617,-0.192737743,-0.411351217
32,55,0.859375,0.5,-0.141672921,-0.291094734,-0.170144153,-0.368403434,-0.178099712,-0.412233774
32,56,0.875,0.5,-0.118628194,-0.272374174,-0.146412245,-0.349901389,-0.158356861,-0.400704232
32,57,0.890625,0.5,-0.0955295355,-0.247788617,-0.120606821,-0.321532011,-0.134274373,-0.375490823
32,58,0.90625,0.5,-0.0732528908,-0.218028,-0.0941194885,-0.284154914,-0.107344193,-0.336759132
32,59,0.921875,0.5,-0.0526868641,-0.184103871,-0.0685304084,-0.23949891,-0.0796328083,-0.286361803
32,60,0.9375,0.5,-0.0346661702,-0.147288922,-0.0454144969,-0.190002367,-0.053463283,-0.227710714
32,61,0.953125,0.5,-0.0199109971,-0.109022224,-0.0261506024,-0.138525636,-0.0310216332,-0.165266066
32,62,0.96875,0.5,-0.00898369185,-0.0707942282,-0.0117824571,-0.0880022255,-0.014019754,-0.103790987
32,63,0.984375,0.5,-0.00227166203,-0.0340314872,-0.00296429817,-0.0411067373,-0.00352519694,-0.047601242
32,64,1,0.5,0,0,0,0,0,0
33,0,0,0.515625,0,0,0,0,0,0
33,1,0.015625,0.515625,-0.000605435984,0.0326906616,-0.000519904233,0.0414581139,-0.000374705019,0.0490114189
33,2,0.03125,0.515625,-0.00229523046,0.0612665162,-0.00203966434,0.0768146706,-0.00161546334,0.0900098663
33,3,0.046875,0.515625,-0.00494895816,0.0860307361,-0.00450685787,0.106662969,-0.00378248429,0.123869208
33,4,0.0625,0.515625,-0.00845049668,0.107317652,-0.0078487032,0.131650946,-0.00686341314,0.151574958
33,5,0.078125,0.515625,-0.0126883028,0.12547822,-0.0119732979,0.152455103,-0.0107812757,0.174177396
33,6,0.09375,0.515625,-0.0175567104,0.140865672,-0.0167755804,0.169746774,-0.0154142165,0.192711352
33,7,0.109375,0.515625,-0.0229574856,0.153822463,-0.0221448406,0.184157046,-0.0206178667,0.208112228
33,8,0.125,0.515625,-0.0288011519,0.164669399,-0.0279717122,0.19624615,-0.0262445225,0.221150619
33,9,0.140625,0.515625,-0.0350078389,0.173697425,-0.034153522,0.206481389,-0.0321563923,0.232396881
33,10,0.15625,0.515625,-0.0415075928,0.181162085,-0.0405975913,0.215225479,-0.0382325431,0.242216835
33,11,0.171875,0.515625,-0.0482402012,0.187280412,-0.0472225892,0.222735173,-0.044370677,0.250792517
33,12,0.1875,0.515625,-0.0551546415,0.192229881,-0.0539583313,0.229168551,-0.0504855338,0.258158559
33,13,0.203125,0.515625,-0.0622082734,0.196149054,-0.0607445428,0.234598488,-0.056505733,0.264244668
33,14,0.21875,0.515625,-0.0693658796,0.199139615,-0.067529109,0.239029572,-0.0623704898,0.268916864
33,15,0.234375,0.515625,-0.0765986333,0.20126952,-0.0742662548,0.242416078,-0.0680270959,0.272013095
33,16,0.25,0.515625,-0.0838830506,0.202576981,-0.0809149754,0.244679168,-0.0734295331,0.273371544
33,17,0.265625,0.515625,-0.0911999691,0.203074979,-0.0874379121,0.245722207,-0.0785381935,0.272851722
33,18,0.28125,0.515625,-0.0985335862,0.202755985,-0.0938007486,0.245443727,-0.0833204321,0.270349279
33,19,0.296875,0.515625,-0.105870587,0.201596579,-0.0999721136,0.243747945,-0.08775158,0.265805532
33,20,0.3125,0.515625,-0.113199386,0.199561747,-0.105923907,0.240553039,-0.0918160391,0.259212508
33,21,0.328125,0.515625,-0.120509507,0.196608709,-0.111631935,0.235797373,-0.0955081431,0.250614011
33,22,0.34375,0.515625,-0.127791115,0.19269024,-0.117076716,0.229443887,-0.098832563,0.240103095
33,23,0.359375,0.515625,-0.135034701,0.187757521,-0.122244331,0.221482757,-0.10180414,0.22781637
33,24,0.375,0.515625,-0.142230935,0.1817626,-0.127127197,0.211932399,-0.104447129,0.213925743
33,25,0.390625,0.515625,-0.149370643,0.174660534,-0.131724675,0.200838892,-0.10679393,0.198628367
33,26,0.40625,0.515625,-0.156444901,0.166411269,-0.136043449,0.188273903,-0.108883439,0.182135713
33,27,0.421875,0.515625,-0.163445198,0.156981263,-0.140097649,0.174331289,-0.110759187,0.164662719
33,28,0.4375,0.515625,-0.170363607,0.146344832,-0.143908716,0.159122595,-0.112467466,0.146417867
33,29,0.453125,0.515625,-0.177192904,0.13448516,-0.147505032,0.142771744,-0.114055606,0.127594849
33,30,0.46875,0.515625,-0.183926561,0.121394917,-0.150921358,0.125409231,-0.115570552,0.108366233
33,31,0.484375,0.515625,-0.190558546,0.10707646,-0.154198124,0.107166142,-0.117057841,0.0888792352
33,32,0.5,0.515625,-0.197082831,0.0915416203,-0.157380612,0.0881682917,-0.118561054,0.0692534877
33,33,0.515625,0.515625,-0.203492563,0.0748111436,-0.160518055,0.0685307102,-0.120121756,0.0495804232
33,34,0.53125,0.515625,-0.209778802,0.0569139426,-0.163662638,0.04835268,-0.121779895,0.029923808
33,35,0.546875,0.515625,-0.215928779,0.0378863587,-0.166868373,0.0277134479,-0.123574629,0.0103208468
33,36,0.5625,0.515625,-0.221923616,0.0177717278,-0.170189728,0.00666873503,-0.125545468,-0.00921670131
33,37,0.578125,0.515625,-0.22773548,-0.0033794066,-0.173679887,-0.0147518252,-0.127733594,-0.0287018949
33,38,0.59375,0.515625,-0.233324161,-0.0255080464,-0.1773884,-0.0365461238,-0.130183176,-0.0481728421
33,39,0.609375,0.515625,-0.238633133,-0.0485440449,-0.181357967,-0.0587395622,-0.132942386,-0.0676939654
33,40,0.625,0.515625,-0.243585183,-0.0724015683,-0.185620013,-0.0813830783,-0.136063721,-0.0873581917
33,41,0.640625,0.515625,-0.24807784,-0.09697237,-0.1901887,-0.104548458,-0.139603076,-0.107289568
33,42,0.65625,0.515625,-0.251978932,-0.122116658,-0.195053017,-0.128319903,-0.143616829,-0.127645266
33,43,0.671875,0.515625,-0.255122798,-0.147651544,-0.200166705,-0.152780549,-0.148155973,-0.148615223
33,44,0.6875,0.515625,-0.257307883,-0.173337398,-0.205435967,-0.177992456,-0.15325618,-0.17041678
33,45,0.703125,0.515625,-0.258296699,-0.198862891,-0.210705338,-0.203968596,-0.158922592,-0.193280655
33,46,0.71875,0.515625,-0.257819341,-0.223830129,-0.215742734,-0.230635781,-0.165108355,-0.2174236
33,47,0.734375,0.515625,-0.255581914,-0.247742057,-0.220225664,-0.257788521,-0.171686565,-0.243002525
33,48,0.75,0.515625,-0.251281204,-0.269995093,-0.223731844,-0.285035759,-0.178416724,-0.270045271
33,49,0.765625,0.515625,-0.244626563,-0.289880676,-0.225738916,-0.311745561,-0.184909248,-0.298355624
33,50,0.78125,0.515625,-0.235369233,-0.306599723,-0.225639312,-0.336997199,-0.190595255,-0.32739573
33,51,0.796875,0.515625,-0.223337986,-0.319293569,-0.222776887,-0.359555225,-0.194713522,-0.356159059
33,52,0.8125,0.515625,-0.208478185,-0.327093502,-0.216510844,-0.377884783,-0.1963312,-0.383061808
33,53,0.828125,0.515625,-0.190889386,-0.32918826,-0.206308484,-0.390229159,-0.194417154,-0.405898282
33,54,0.84375,0.515625,-0.170855076,-0.324905256,-0.191860653,-0.394765818,-0.187982819,-0.421919929
33,55,0.859375,0.515625,-0.148857695,-0.313797415,-0.173202729,-0.389842613,-0.176290521,-0.428096478
33,56,0.875,0.515625,-0.125573253,-0.295724426,-0.150812579,-0.374270622,-0.159101073,-0.421585526
33,57,0.890625,0.515625,-0.101842673,-0.270915603,-0.125650567,-0.347619383,-0.136896383,-0.400364443
33,58,0.90625,0.515625,-0.0786206058,-0.240001515,-0.0991124491,-0.310436894,-0.110986485,-0.363878739
33,59,0.921875,0.515625,-0.0569064342,-0.204003221,-0.0728873523,-0.264317047,-0.0834201818,-0.31348235
33,60,0.9375,0.515625,-0.0376661518,-0.164272597,-0.0487451554,-0.211770834,-0.0566813353,-0.252456337
33,61,0.953125,0.515625,-0.0217575651,-0.122386212,-0.0283064893,-0.155916286,-0.0332501481,-0.185528493
33,62,0.96875,0.515625,-0.00987332744,-0.0800073183,-0.0128586594,-0.100059236,-0.0151831779,-0.118021531
33,63,0.984375,0.515625,-0.00251434597,-0.0387399304,-0.00326672291,-0.0472640824,-0.00386367987,-0.0549029285
33,64,1,0.515625,0,0,0,0,0,0
34,0,0,0.53125,0,0,0,0,0,0
34,1,0.015625,0.53125,-0.000556448485,0.0337959803,-0.000416752792,0.0423888602,-0.000221613016,0.0496867155
34,2,0.03125,0.53125,-0.00212166122,0.0633637167,-0.00167881528,0.0786539491,-0.00108455947,0.0914877065
34,3,0.046875,0.53125,-0.00459326314,0.0890095212,-0.00377673276,0.109367573,-0.00271817663,0.126205242
34,4,0.0625,0.53125,-0.00786911156,0.111070247,-0.00667178323,0.135153361,-0.00516558901,0.154748594
34,5,0.078125,0.53125,-0.0118479744,0.129900374,-0.0102974419,0.156667371,-0.00839065164,0.178105674
34,6,0.09375,0.53125,-0.0164313337,0.14585835,-0.0145660208,0.174567733,-0.0122981136,0.197270812
34,7,0.109375,0.53125,-0.021525504,0.159293565,-0.0193772809,0.189480257,-0.0167579742,0.213161122
34,8,0.125,0.53125,-0.0270435286,0.170535127,-0.024626822,0.201966834,-0.0216277246,0.22654685
34,9,0.140625,0.53125,-0.0329065624,0.179883112,-0.0302129521,0.212501526,-0.0267690224,0.238009792
34,10,0.15625,0.53125,-0.0390446527,0.187602477,-0.0360414656,0.22145683,-0.0320577979,0.247932967
34,11,0.171875,0.53125,-0.0453969555,0.193919483,-0.0420283011,0.229100441,-0.0373885185,0.256516706
34,12,0.1875,0.53125,-0.0519115012,0.199020293,-0.0481003923,0.235601106,-0.0426742517,0.263812146
34,13,0.203125,0.53125,-0.0585446349,0.203051382,-0.0541952058,0.241041179,-0.0478443892,0.269762538
34,14,0.21875,0.53125,-0.0652602498,0.206121436,-0.0602594981,0.245433125,-0.0528416269,0.274244549
34,15,0.234375,0.53125,-0.0720289017,0.208304438,-0.0662477731,0.248737492,-0.0576192837,0.277104675
34,16,0.25,0.53125,-0.0788268701,0.209643636,-0.0721208119,0.250880374,-0.0621394986,0.27818858
34,17,0.265625,0.53125,-0.0856352132,0.210156088,-0.0778445173,0.251769178,-0.0663723969,0.277363117
34,18,0.28125,0.53125,-0.0924388589,0.209837442,-0.0833891884,0.251306048,-0.070296029,0.274531764
34,19,0.296875,0.53125,-0.0992257646,0.208666657,-0.0887292384,0.249398842,-0.0738967502,0.269644417
34,20,0.3125,0.53125,-0.105986183,0.206610414,-0.0938432935,0.245969741,-0.0771696932,0.262702368
34,21,0.328125,0.53125,-0.112712055,0.203627096,-0.0987145648,0.240961712,-0.0801190473,0.253759047
34,22,0.34375,0.53125,-0.119396563,0.199670259,-0.103331371,0.234342986,-0.0827579523,0.242917011
34,23,0.359375,0.53125,-0.126033831,0.194691645,-0.107687689,0.226109701,-0.0851079233,0.230321733
34,24,0.375,0.53125,-0.132618795,0.188643794,-0.111783626,0.216286785,-0.0871978166,0.216152849
34,25,0.390625,0.53125,-0.1391472,0.181482302,-0.115625744,0.20492719,-0.0890624238,0.200613732
34,26,0.40625,0.53125,-0.145615706,0.173167793,-0.119227181,0.192109591,-0.0907408311,0.183920338
34,27,0.421875,0.53125,-0.152022057,0.163667577,-0.122607568,0.177934754,-0.0922747041,0.166290308
34,28,0.4375,0.53125,-0.158365247,0.152956972,-0.125792743,0.162520829,-0.0937066553,0.147933154
34,29,0.453125,0.53125,-0.16464564,0.141020222,-0.128814308,0.145997851,-0.095078837,0.129042185
34,30,0.46875,0.53125,-0.170864949,0.127850953,-0.131709074,0.128501819,-0.0964318637,0.109788533
34,31,0.484375,0.53125,-0.177026032,0.113452133,-0.134518435,0.110168622,-0.0978041397,0.0903173675
34,32,0.5,0.53125,-0.183132414,0.0978355493,-0.13728773,0.0911281268,-0.0992316241,0.0707461195
34,33,0.515625,0.53125,-0.189187472,0.0810208651,-0.140065593,0.0714986264,-0.100748039,0.0511643331
34,34,0.53125,0.53125,-0.195193213,0.0630344185,-0.142903314,0.0513818052,-0.102385502,0.0316346229
34,35,0.546875,0.53125,-0.20114858,0.0439079707,-0.145854136,0.0308583155,-0.104175529,0.0121941406
34,36,0.5625,0.53125,-0.207047218,0.0236777068,-0.148972431,0.00998402829,-0.10615036,-0.0071440432
34,37,0.578125,0.53125,-0.212874648,0.0023838487,-0.152312573,-0.0112129722,-0.108344495,-0.0263901883
34,38,0.59375,0.53125,-0.218604812,-0.0199286976,-0.155927332,-0.0327345167,-0.11079631,-0.0455781999
34,39,0.609375,0.53125,-0.22419597,-0.0432082033,-0.159865479,-0.0546133464,-0.113549541,-0.0647672795
34,40,0.625,0.53125,-0.229586008,-0.0673920092,-0.164168259,-0.0769125185,-0.116654332,-0.0840449392
34,41,0.640625,0.53125,-0.234687276,-0.0923999946,-0.16886432,-0.0997225014,-0.120167349,-0.103531059
34,42,0.65625,0.53125,-0.239381203,-0.118125247,-0.173962645,-0.123154902,-0.12415032,-0.123382167
34,43,0.671875,0.53125,-0.243513125,-0.144421719,-0.179443069,-0.147331409,-0.12866605,-0.143794426
34,44,0.6875,0.53125,-0.246887991,-0.171088941,-0.185244085,-0.172366191,-0.133770746,-0.165002866
34,45,0.703125,0.53125,-0.249267886,-0.197854301,-0.191247959,-0.198339807,-0.139501241,-0.187273236
34,46,0.71875,0.53125,-0.250372651,-0.224354049,-0.19726372,-0.225262775,-0.145855695,-0.210881541
34,47,0.734375,0.53125,-0.24988518,-0.250115045,-0.203009486,-0.253027666,-0.15276669,-0.236075159
34,48,0.75,0.53125,-0.247463125,-0.274540283,-0.208096916,-0.281350196,-0.160066663,-0.263008966
34,49,0.765625,0.53125,-0.242758708,-0.296902361,-0.212022257,-0.309702763,-0.16744768,-0.291651064
34,50,0.78125,0.53125,-0.235447717,-0.316349878,-0.214170378,-0.337248506,-0.174421104,-0.321656948
34,51,0.796875,0.53125,-0.225267587,-0.331931988,-0.21383975,-0.362790149,-0.180287742,-0.352219968
34,52,0.8125,0.53125,-0.212062454,-0.342645292,-0.210296562,-0.384754849,-0.184135243,-0.381921302
34,53,0.828125,0.53125,-0.195830535,-0.347504638,-0.202863612,-0.401241495,-0.184884744,-0.408623937
34,54,0.84375,0.53125,-0.176766631,-0.345635034,-0.191042665,-0.410156373,-0.181409275,-0.429477849
34,55,0.859375,0.53125,-0.155290963,-0.336376558,-0.174656983,-0.409451507,-0.172735977,-0.441115521
34,56,0.875,0.53125,-0.132055894,-0.319389196,-0.15398551,-0.39745355,-0.158317393,-0.44009837
34,57,0.890625,0.53125,-0.10792481,-0.294741264,-0.129847489,-0.373232142,-0.138314465,-0.423605411
34,58,0.90625,0.53125,-0.0839220246,-0.262964239,-0.103595355,-0.336918129,-0.113790917,-0.390235333
34,59,0.921875,0.53125,-0.061157853,-0.225058325,-0.0769925446,-0.289866204,-0.0867073567,-0.340666953
34,60,0.9375,0.53125,-0.0407383529,-0.182437791,-0.0519903564,-0.23458323,-0.0596563525,-0.277880747
34,61,0.953125,0.53125,-0.0236743262,-0.136815048,-0.0304594079,-0.174412132,-0.0353936574,-0.206764224
34,62,0.96875,0.53125,-0.0108076885,-0.0900374473,-0.0139541392,-0.113041992,-0.0163336106,-0.133177455
34,63,0.984375,0.53125,-0.00277234014,-0.0439048146,-0.00358002913,-0.0539653967,-0.00420620329,-0.0627844199
34,64,1,0.53125,0,0,0,0,0,0
35,0,0,0.546875,0,0,0,0,0,0
35,1,0.015625,0.546875,-0.000505708183,0.0348123228,-0.000312708524,0.0431369291,-7.08525602e-05,0.0500959784
35,2,0.03125,0.546875,-0.00194122684,0.0653033308,-0.0013123446,0.0801746505,-0.000556215229,0.0925064299
35,3,0.046875,0.546875,-0.00422214639,0.0917781865,-0.00303097312,0.111655937,-0.00165013459,0.127950238
35,4,0.0625,0.546875,-0.00726015088,0.114572364,-0.00546331849,0.138171655,-0.00344953236,0.157247433
35,5,0.078125,0.546875,-0.0109641797,0.134040442,-0.00856837452,0.16034934,-0.0059596548,0.181309921
35,6,0.09375,0.546875,-0.0152427666,0.150543202,-0.0122764988,0.178826613,-0.00911379643,0.201078674
35,7,0.109375,0.546875,-0.0200067253,0.164434658,-0.0164988766,0.194217847,-0.0127987847,0.217441839
35,8,0.125,0.546875,-0.0251716091,0.176050458,-0.0211370982,0.207081821,-0.0168796457,0.231161667
35,9,0.140625,0.546875,-0.0306596225,0.185698549,-0.0260914077,0.217896032,-0.0212193577,0.242826955
35,10,0.15625,0.546875,-0.0364008657,0.193652478,-0.0312668891,0.227040828,-0.0256920257,0.252836331
35,11,0.171875,0.546875,-0.0423339411,0.20014726,-0.0365774185,0.234794099,-0.0301897126,0.261408971
35,12,0.1875,0.546875,-0.0484060321,0.20537756,-0.0419475983,0.241335456,-0.0346243207,0.26861443
35,13,0.203125,0.546875,-0.0545725906,0.209497803,-0.0473131191,0.246757594,-0.0389263564,0.274412043
35,14,0.21875,0.546875,-0.0607967611,0.212623882,-0.0526200748,0.251082139,-0.0430422861,0.278691759
35,15,0.234375,0.546875,-0.0670486403,0.21483614,-0.057823739,0.254277392,-0.0469317447,0.281310967
35,16,0.25,0.546875,-0.0733044476,0.216183292,-0.0628872172,0.256275912,-0.0505653107,0.282124657
35,17,0.265625,0.546875,-0.0795456607,0.216686968,-0.067780262,0.256990584,-0.0539230781,0.281008252
35,18,0.28125,0.546875,-0.0857581602,0.216346537,-0.0724784102,0.256328448,-0.0569939248,0.277873632
35,19,0.296875,0.546875,-0.0919314277,0.215143903,-0.0769624871,0.25420205,-0.0597752086,0.272679196
35,20,0.3125,0.546875,-0.0980578336,0.213048038,-0.0812184383,0.250538365,-0.0622725856,0.265434805
35,21,0.328125,0.546875,-0.104132048,0.210019089,-0.0852374018,0.24528545,-0.0644997002,0.25620227
35,22,0.34375,0.546875,-0.110150599,0.206012016,-0.0890159075,0.238417011,-0.0664775867,0.245091971
35,23,0.359375,0.546875,-0.116111585,0.200979753,-0.0925560987,0.229935012,-0.068233727,0.232256234
35,24,0.375,0.546875,-0.122014545,0.194875969,-0.0958658845,0.219870454,-0.0698007932,0.217880244
35,25,0.390625,0.546875,-0.127860449,0.187657445,-0.0989589648,0.208282447,-0.0712151723,0.202171382
35,26,0.40625,0.546875,-0.133651799,0.179286126,-0.101854697,0.195255727,-0.0725153994,0.185347994
35,27,0.421875,0.546875,-0.13939277,0.169730804,-0.104577808,0.18089685,-0.0737406408,0.167628543
35,28,0.4375,0.546875,-0.145089358,0.158968415,-0.107157971,0.165329335,-0.074929353,0.149222
35,29,0.453125,0.546875,-0.150749463,0.146984861,-0.109629302,0.148688075,-0.0761182183,0.130320058
35,30,0.46875,0.546875,-0.156382847,0.133775309,-0.112029815,0.131113358,-0.0773414269,0.111091535
35,31,0.484375,0.546875,-0.162000919,0.119343926,-0.114400887,0.112744798,-0.0786303409,0.0916789956
35,32,0.5,0.546875,-0.167616258,0.10370306,-0.116786789,0.0937154498,-0.0800135497,0.0721973873
35,33,0.515625,0.546875,-0.173241843,0.0868719422,-0.119234281,0.0741462945,-0.0815173038,0.0527343007
35,34,0.53125,0.546875,-0.178889891,0.0688750504,-0.121792285,0.0541412233,-0.0831663041,0.0333512975
35,35,0.546875,0.546875,-0.184570268,0.0497403635,-0.124511584,0.0337825647,-0.0849848118,0.0140857055
35,36,0.5625,0.546875,-0.190288378,0.0294977965,-0.127444475,0.0131271713,-0.0869980395,-0.00504773465
35,37,0.578125,0.546875,-0.19604246,0.00817818776,-0.130644229,-0.00779692347,-0.0892337688,-0.0240559456
35,38,0.59375,0.546875,-0.201820238,-0.0141867252,-0.134164167,-0.0289932171,-0.0917241103,-0.0429677961
35,39,0.609375,0.546875,-0.207594842,-0.0375628489,-0.138056082,-0.0504986355,-0.0945072685,-0.0618359431
35,40,0.625,0.546875,-0.213320003,-0.0619102617,-0.142367637,-0.0723842379,-0.0976290821,-0.0807403842
35,41,0.640625,0.546875,-0.218924552,-0.0871771753,-0.147138326,-0.0947540722,-0.101143968,-0.0997935807
35,42,0.65625,0.546875,-0.22430636,-0.113290809,-0.15239347,-0.117741153,-0.105114694,-0.119146565
35,43,0.671875,0.546875,-0.229326054,-0.140144755,-0.158135705,-0.141499109,-0.10961014,-0.138994796
35,44,0.6875,0.546875,-0.233801026,-0.167582638,-0.164333475,-0.166187566,-0.114699884,-0.159581589
35,45,0.703125,0.546875,-0.237500603,-0.195378231,-0.170906201,-0.191948961,-0.120444138,-0.181195707
35,46,0.71875,0.546875,-0.240143628,-0.223212835,-0.177706232,-0.218874254,-0.126877305,-0.204158151
35,47,0.734375,0.546875,-0.241400121,-0.250651583,-0.184498465,-0.246955324,-0.133983492,-0.228791557
35,48,0.75,0.546875,-0.240899115,-0.277121565,-0.190939744,-0.276022987,-0.141662888,-0.255364281
35,49,0.765625,0.546875,-0.238244929,-0.301896084,-0.196561968,-0.305672099,-0.149689495,-0.284001183
35,50,0.78125,0.546875,-0.233043972,-0.324090843,-0.200765137,-0.335179707,-0.157663799,-0.314555668
35,51,0.796875,0.546875,-0.224943163,-0.342678832,-0.202829029,-0.363429041,-0.164968942,-0.346444919
35,52,0.8125,0.546875,-0.213679182,-0.356530555,-0.201953851,-0.388860921,-0.170746017,-0.378464806
35,53,0.828125,0.546875,-0.199134729,-0.364484083,-0.197339549,-0.409483057,-0.173911822,-0.408624251
35,54,0.84375,0.546875,-0.181394487,-0.365444828,-0.188308143,-0.422972448,-0.173247473,-0.434068696
35,55,0.859375,0.546875,-0.160790339,-0.358508152,-0.174461675,-0.426899767,-0.167581841,-0.451188359
35,56,0.875,0.546875,-0.137924311,-0.343090579,-0.155850317,-0.419080116,-0.156071443,-0.456007038
35,57,0.890625,0.546875,-0.113659697,-0.319049472,-0.133105764,-0.398009539,-0.138533098,-0.444890919
35,58,0.90625,0.546875,-0.0890760108,-0.286768472,-0.107485153,-0.363291838,-0.115727505,-0.415485848
35,59,0.921875,0.546875,-0.065390358,-0.247186893,-0.0807831664,-0.315922045,-0.0894547478,-0.367616915
35,60,0.9375,0.546875,-0.0438551424,-0.201756123,-0.0551101179,-0.25830397,-0.0623551813,-0.303770037
35,61,0.953125,0.546875,-0.0256489447,-0.152316876,-0.0325884881,-0.193952503,-0.0374313343,-0.228851235
35,62,0.96875,0.546875,-0.0117828636,-0.100909304,-0.0150607283,-0.126938615,-0.0174614582,-0.149208985
35,63,0.984375,0.546875,-0.00304514845,-0.0495476188,-0.00390252144,-0.0612182217,-0.004550318,-0.0712365391
35,64,1,0.546875,0,0,0,0,0,0
36,0,0,0.5625,0,0,0,0,0,0
36,1,0.015625,0.5625,-0.000454368005,0.0357372071,-0.000209797309,0.0437012048,7.47180621e-05,0.0502429307
36,2,0.03125,0.5625,-0.00175796348,0.0670801549,-0.000947143504,0.0813722137,-4.01069276e-05,0.0930669886
36,3,0.046875,0.5625,-0.00384371436,0.0943284452,-0.00228312373,0.113518547,-0.000597201637,0.129098559
36,4,0.0625,0.5625,-0.00663649892,0.11781228,-0.00424444003,0.140690762,-0.00174424214,0.159058114
36,5,0.078125,0.5625,-0.0100548948,0.13788299,-0.00681511094,0.163480551,-0.00352743846,0.183769938
36,6,0.09375,0.5625,-0.0140140937,0.154900896,-0.0099437983,0.182498235,-0.00590999644,0.204109942
36,7,0.109375,0.5625,-0.0184291549,0.169222407,-0.0135538495,0.198340856,-0.00879782131,0.220926971
36,8,0.125,0.5625,-0.0232180142,0.181188024,-0.0175538118,0.211559365,-0.0120658573,0.234967423
36,9,0.140625,0.5625,-0.0283039019,0.191112368,-0.0218468714,0.222631317,-0.0155804425,0.246822172
36,10,0.15625,0.5625,-0.0336170326,0.199276795,-0.0263383306,0.23194284,-0.0192153479,0.256903322
36,11,0.171875,0.5625,-0.0390955851,0.205924649,-0.0309408045,0.23978115,-0.0228611797,0.265449001
36,12,0.1875,0.5625,-0.0446860799,0.211258942,-0.0355772389,0.246336807,-0.0264292004,0.27254879
36,13,0.203125,0.5625,-0.0503433015,0.215442111,-0.0401821245,0.251713655,-0.0298512888,0.278180504
36,14,0.21875,0.5625,-0.0560299021,0.218597486,-0.0447014129,0.255943745,-0.0330778022,0.282249937
36,15,0.234375,0.5625,-0.0617157993,0.220812125,-0.0490916492,0.259004634,-0.0360747527,0.2846277
36,16,0.25,0.5625,-0.0673774507,0.222140656,-0.0533187703,0.260836897,-0.0388211853,0.285179913
36,17,0.265625,0.5625,-0.0729970666,0.2226098,-0.0573568994,0.261360371,-0.0413071411,0.283791731
36,18,0.28125,0.5625,-0.0785618104,0.222223209,-0.0611873359,0.260488273,-0.0435322245,0.280383894
36,19,0.296875,0.5625,-0.0840630338,0.22096633,-0.0647978242,0.25813887,-0.0455045839,0.274923078
36,20,0.3125,0.5625,-0.0894955872,0.218811035,-0.0681820916,0.254244656,-0.0472400601,0.26742686
36,21,0.328125,0.5625,-0.0948572423,0.215719861,-0.0713395877,0.248759181,-0.0487612911,0.257964048
36,22,0.34375,0.5625,-0.100148252,0.211649796,-0.074275336,0.241661683,-0.0500966464,0.246651038
36,23,0.359375,0.5625,-0.105371057,0.206555592,-0.0769998066,0.232959678,-0.0512789587,0.233644939
36,24,0.375,0.5625,-0.110530139,0.200392658,-0.0795287365,0.222689652,-0.0523440961,0.219134295
36,25,0.390625,0.5625,-0.115631987,0.193119556,-0.0818828558,0.210916003,-0.0533294691,0.203328338
36,26,0.40625,0.5625,-0.120685162,0.184700114,-0.084087503,0.197728434,-0.0542725898,0.186445807
36,27,0.421875,0.5625,-0.125700393,0.175105136,-0.0861721447,0.183238028,-0.0552097945,0.168704262
36,28,0.4375,0.5625,-0.130690671,0.164313664,-0.0881698329,0.167572323,-0.0561752214,0.150310731
36,29,0.453125,0.5625,-0.135671285,0.152313711,-0.090116646,0.150869695,-0.0572001052,0.131454259
36,30,0.46875,0.5625,-0.140659738,0.139102409,-0.0920511676,0.133273404,-0.0583124176,0.112300655
36,31,0.484375,0.5625,-0.145675503,0.124685545,-0.094014048,0.114925596,-0.0595368553,0.0929894903
36,32,0.5,0.5625,-0.150739556,0.109076474,-0.0960476853,0.0959615214,-0.0608951582,0.0736330823
36,33,0.515625,0.5625,-0.155873646,0.0922944976,-0.0981960452,0.0765041228,-0.062406731,0.0543170876
36,34,0.53125,0.5625,-0.161099229,0.0743628439,-0.100504612,0.0566591084,-0.0640895393,0.0351021308
36,35,0.546875,0.5625,-0.166436011,0.0553064577,-0.103020434,0.0365105056,-0.0659612557,0.0160258759
36,36,0.5625,0.5625,-0.171900021,0.0351498988,-0.105792194,0.0161166727,-0.0680406381,-0.00289508615
36,37,0.578125,0.5625,-0.177501128,0.0139157088,-0.10887018,-0.00449327993,-0.0703491184,-0.0216641174
36,38,0.59375,0.5625,-0.183239904,-0.00837631629,-0.112305974,-0.0253226637,-0.0729125686,-0.0403047002
36,39,0.609375,0.5625,-0.189103741,-0.031708438,-0.116151622,-0.0464098769,-0.0757631723,-0.0588623078
36,40,0.625,0.5625,-0.195062138,-0.0560622994,-0.120457938,-0.0678302741,-0.0789412548,-0.0774082396
36,41,0.640625,0.5625,-0.201061115,-0.0814136383,-0.125271517,-0.0896966687,-0.0824968041,-0.0960454464
36,42,0.65625,0.5625,-0.207016794,-0.107723745,-0.130629917,-0.112157524,-0.0864902226,-0.114915995
36,43,0.671875,0.5625,-0.212808321,-0.134927053,-0.136554397,-0.135391403,-0.0909915862,-0.134209236
36,44,0.6875,0.5625,-0.218270507,-0.162914392,-0.143039554,-0.159595694,-0.096077344,-0.154168868
36,45,0.703125,0.5625,-0.223186903,-0.191511699,-0.150039258,-0.18496705,-0.101822989,-0.175095815
36,46,0.71875,0.5625,-0.227284417,-0.220454531,-0.157448573,-0.211670511,-0.108289846,-0.197342186
36,47,0.734375,0.5625,-0.230231139,-0.249359558,-0.165081918,-0.239794154,-0.115503886,-0.221289576
36,48,0.75,0.5625,-0.231639625,-0.277695475,-0.17264883,-0.269286693,-0.123424661,-0.247302963
36,49,0.765625,0.5625,-0.231078398,-0.304757504,-0.179730395,-0.29987737,-0.131903453,-0.275650153
36,50,0.78125,0.5625,-0.228094641,-0.329651644,-0.18576199,-0.330981446,-0.140632186,-0.306377501
36,51,0.796875,0.5625,-0.222250567,-0.351296778,-0.190031015,-0.361601436,-0.14908918,-0.33913775
36,52,0.8125,0.5625,-0.213174323,-0.368453726,-0.191701431,-0.390244328,-0.156495092,-0.372978421
36,53,0.828125,0.5625,-0.200623227,-0.379789333,-0.189878279,-0.414887203,-0.161801854,-0.406122481
36,54,0.84375,0.5625,-0.184552731,-0.383979424,-0.183722557,-0.433034247,-0.163746652,-0.435807831
36,55,0.859375,0.5625,-0.165179798,-0.379846734,-0.172616629,-0.441909333,-0.161005369,-0.45829155
36,56,0.875,0.5625,-0.143026093,-0.366519838,-0.156360936,-0.438809461,-0.152464866,-0.469147114
36,57,0.890625,0.5625,-0.118926852,-0.343589564,-0.135357286,-0.421597306,-0.137590157,-0.463949348
36,58,0.90625,0.5625,-0.0939962421,-0.311233578,-0.110713274,-0.389240727,-0.116792784,-0.439313683
36,59,0.921875,0.5625,-0.069548722,-0.270279193,-0.0842043932,-0.342241238,-0.0916413474,-0.394039277
36,60,0.9375,0.5625,-0.046985832,-0.222179205,-0.0580685069,-0.282777908,-0.0647562655,-0.329904161
36,61,0.953125,0.5625,-0.0276674064,-0.168887327,-0.0346747233,-0.214461522,-0.0393486099,-0.251657947
36,62,0.96875,0.5625,-0.012794255,-0.112641244,-0.0161709622,-0.141727958,-0.0185597446,-0.166058472
36,63,0.984375,0.5625,-0.00333212359,-0.0556876782,-0.0042326503,-0.069026125,-0.00489416652,-0.0802458781
36,64,1,0.5625,0,0,0,0,0,0
37,0,0,0.578125,0,0,0,0,0,0
37,1,0.015625,0.578125,-0.000403707887,0.0365702863,-0.000110064594,0.0440840726,0.00021239346,0.0501360853
37,2,0.03125,0.578125,-0.00157638505,0.0686926772,-0.000590278692,0.082247977,0.000454370711,0.0931783496
37,3,0.046875,0.578125,-0.00346707771,0.0966567219,-0.00154723774,0.114953234,0.000421975474,0.129654373
37,4,0.0625,0.578125,-0.00601268866,0.120783544,-0.003037283,0.142703642,-7.88559489e-05,0.16017767
37,5,0.078125,0.578125,-0.00914044889,0.141418037,-0.00506827558,0.166048698,-0.00113380204,0.185475675
37,6,0.09375,0.578125,-0.0127714649,0.158917462,-0.00760695494,0.185565352,-0.00273663597,0.206349057
37,7,0.109375,0.578125,-0.016824546,0.173638578,-0.0105892805,0.201827861,-0.00481424299,0.2235977
37,8,0.125,0.578125,-0.0212197383,0.185925205,-0.0139316039,0.215374843,-0.00725380819,0.237944288
37,9,0.140625,0.578125,-0.0258812151,0.196097568,-0.0175410665,0.226680551,-0.00992717905,0.249976445
37,10,0.15625,0.578125,-0.030739376,0.204444161,-0.0213242054,0.236134761,-0.0127094502,0.260117068
37,11,0.171875,0.578125,-0.0357321656,0.211216308,-0.0251932996,0.244033008,-0.0154908524,0.268622823
37,12,0.1875,0.578125,-0.0408057217,0.216625277,-0.029070436,0.250576776,-0.0181825836,0.275604539
37,13,0.203125,0.578125,-0.0459145061,0.220841625,-0.0328895815,0.255881768,-0.0207181035,0.281060645
37,14,0.21875,0.578125,-0.0510210672,0.22399638,-0.0365971245,0.259991664,-0.0230516435,0.284915222
37,15,0.234375,0.578125,-0.056095559,0.226183689,-0.0401513962,0.26289475,-0.025155456,0.28705435
37,16,0.25,0.578125,-0.061115107,0.227464559,-0.0435216397,0.264541162,-0.0270168509,0.287357045
37,17,0.265625,0.578125,-0.0660630912,0.227871328,-0.0466867965,0.264859149,-0.0286355689,0.285719292
37,18,0.28125,0.578125,-0.0709283972,0.227412504,-0.0496343487,0.263769373,-0.0300216404,0.282071075
37,19,0.296875,0.578125,-0.075704686,0.22607768,-0.0523593408,0.261196806,-0.0311936422,0.276387031
37,20,0.3125,0.578125,-0.0803897238,0.223842246,-0.0548636044,0.257080128,-0.0321771741,0.268691512
37,21,0.328125,0.578125,-0.0849848114,0.220671754,-0.0571551481,0.251378695,-0.0330033912,0.259058857
37,22,0.34375,0.578125,-0.0894943363,0.216525831,-0.0592476445,0.24407723,-0.0337074988,0.247609639
37,23,0.359375,0.578125,-0.0939254608,0.21136164,-0.0611599446,0.235188412,-0.0343271957,0.234503684
37,24,0.375,0.578125,-0.0982879395,0.205136899,-0.0629155662,0.224753503,-0.0349011179,0.219930754
37,25,0.390625,0.578125,-0.102594044,0.197812469,-0.0645421259,0.212841214,-0.0354673701,0.204099876
37,26,0.40625,0.578125,-0.106858565,0.189354531,-0.066070717,0.199545016,-0.0360622434,0.187228319
37,27,0.421875,0.578125,-0.111098842,0.179736313,-0.0675352527,0.18497918,-0.0367192013,0.169531175
37,28,0.4375,0.578125,-0.115334787,0.168939308,-0.0689718162,0.169273836,-0.0374681886,0.15121231
37,29,0.453125,0.578125,-0.119588845,0.156953929,-0.0704180659,0.15256941,-0.0383352852,0.132457254
37,30,0.46875,0.578125,-0.123885856,0.143779527,-0.0719127424,0.13501076,-0.0393426951,0.113428285
37,31,0.484375,0.578125,-0.128252772,0.129423744,-0.0734953207,0.116741316,-0.0405090403,0.0942617362
37,32,0.5,0.578125,-0.132718198,0.113901204,-0.0752058365,0.097897447,-0.0418499177,0.075067263
37,33,0.515625,0.578125,-0.137311699,0.0972316153,-0.0770848986,0.0786032208,-0.0433786762,0.0559286818
37,34,0.53125,0.578125,-0.142062841,0.0794374151,-0.07917388,0.0589656118,-0.0451073834,0.0369058221
37,35,0.546875,0.578125,-0.146999893,0.0605411555,-0.0815152524,0.0390701474,-0.0470479615,0.0180368043
37,36,0.5625,0.578125,-0.152148129,0.0405629136,-0.0841530015,0.0189769176,-0.0492134922,-0.000659871944
37,37,0.578125,0.578125,-0.157527618,0.0195180708,-0.0871330189,-0.00128314409,-0.0516196977,-0.019184015
37,38,0.59375,0.578125,-0.163150408,-0.00258411197,-0.0905033176,-0.0217117754,-0.0542866061,-0.0375537422
37,39,0.609375,0.578125,-0.169016967,-0.0257406148,-0.0943138535,-0.0423466709,-0.0572403854,-0.0558072569
37,40,0.625,0.578125,-0.175111747,-0.049952888,-0.0986156506,-0.0632643424,-0.0605152765,-0.0740067523
37,41,0.640625,0.578125,-0.181397766,-0.0752225191,-0.103458826,-0.0845820938,-0.0641554551,-0.0922446129
37,42,0.65625,0.578125,-0.187810133,-0.101543603,-0.108888995,-0.106458274,-0.0682164845,-0.110651783
37,43,0.671875,0.578125,-0.194248543,-0.128891042,-0.114941401,-0.129089471,-0.0727657746,-0.129407675
37,44,0.6875,0.578125,-0.200568972,-0.157204055,-0.121632019,-0.152702705,-0.0778811188,-0.148750186
37,45,0.703125,0.578125,-0.206575037,-0.186364321,-0.128944845,-0.177539943,-0.0836459407,-0.168983205
37,46,0.71875,0.578125,-0.212009971,-0.216168599,-0.136814658,-0.203831594,-0.0901393903,-0.190477254
37,47,0.734375,0.578125,-0.216550683,-0.246296375,-0.145104971,-0.231755067,-0.0974189775,-0.213656742
37,48,0.75,0.578125,-0.219806168,-0.276274306,-0.153581682,-0.26137451,-0.10549324,-0.238964714
37,49,0.765625,0.578125,-0.221323293,-0.305441069,-0.161884515,-0.292558939,-0.114282376,-0.266793658
37,50,0.78125,0.578125,-0.220603684,-0.332918674,-0.169500822,-0.324879088,-0.123566471,-0.297369941
37,51,0.796875,0.578125,-0.217135519,-0.35759915,-0.175749808,-0.3574896,-0.132924703,-0.330582014
37,52,0.8125,0.578125,-0.21044305,-0.378157895,-0.17978949,-0.389013656,-0.141675775,-0.365752132
37,53,0.828125,0.578125,-0.200153882,-0.393105675,-0.180662212,-0.41746193,-0.148840163,-0.401372691
37,54,0.84375,0.578125,-0.186079185,-0.400888256,-0.177394802,-0.440234098,-0.153157322,-0.434865181
37,55,0.859375,0.578125,-0.168295735,-0.400034791,-0.169162187,-0.454261388,-0.153200246,-0.462470145
37,56,0.875,0.578125,-0.147212807,-0.389343524,-0.155504593,-0.456339459,-0.147624191,-0.47942225
37,57,0.890625,0.578125,-0.123604679,-0.368079323,-0.136558205,-0.443657201,-0.135549952,-0.480563
37,58,0.90625,0.578125,-0.098593159,-0.336146602,-0.113227046,-0.414444731,-0.117006345,-0.461434658
37,59,0.921875,0.578125,-0.0735743981,-0.294197303,-0.0872109779,-0.368566812,-0.0932637143,-0.419653434
37,60,0.9375,0.578125,-0.0500973235,-0.243637439,-0.0608350118,-0.30783364,-0.0668500175,-0.356062774
37,61,0.953125,0.578125,-0.0297143658,-0.186508453,-0.0367019396,-0.235850047,-0.0411379952,-0.275047756
37,62,0.96875,0.578125,-0.0138367349,-0.125244587,-0.0172785973,-0.157380688,-0.0196247423,-0.183663429
37,63,0.984375,0.578125,-0.003632508,-0.0623418738,-0.00456916615,-0.0773891839,-0.00523671054,-0.0897962836
37,64,1,0.578125,0,0,0,0,0,0
38,0,0,0.59375,0,0,0,0,0,0
38,1,0.015625,0.59375,-0.000355141157,0.0373135922,-1.55477251e-05,0.0442914835,0.00033966758,0.04978856
38,2,0.03125,0.59375,-0.00140151111,0.0701435248,-0.00024890729,0.0828093869,0.000918260896,0.0928574066
38,3,0.046875,0.59375,-0.0031024104,0.0987647488,-0.000837722847,0.115965551,0.0013892399,0.129631786
38,4,0.0625,0.59375,-0.00540499288,0.123485652,-0.00186476414,0.1442118,0.0015177704,0.160613891
38,5,0.078125,0.59375,-0.00824363853,0.144641766,-0.00335981693,0.168050223,0.00118132173,0.186427718
38,6,0.09375,0.59375,-0.0115442178,0.162584993,-0.00530691403,0.18801924,0.00035573455,0.207790383
38,7,0.109375,0.59375,-0.015228507,0.177670681,-0.00765471136,0.204665505,-0.000908266462,0.225444143
38,8,0.125,0.59375,-0.0192182189,0.190244693,-0.0103280254,0.218511152,-0.00251224972,0.240080359
38,9,0.140625,0.59375,-0.0234383154,0.200632006,-0.0132389235,0.230023918,-0.00433576019,0.252277814
38,10,0.15625,0.59375,-0.0278194605,0.209127746,-0.0162962505,0.239595073,-0.00625701762,0.262466996
38,11,0.171875,0.59375,-0.0322996232,0.215990995,-0.0194129859,0.24752738,-0.00816710922,0.270922134
38,12,0.1875,0.59375,-0.036824949,0.221441283,-0.0225112812,0.254033089,-0.0099778353,0.277776041
38,13,0.203125,0.59375,-0.0413500572,0.225657456,-0.0255253641,0.259240344,-0.0116244474,0.283049564
38,14,0.21875,0.59375,-0.0458379287,0.228778539,-0.0284027112,0.26320556,-0.0130649497,0.28668729
38,15,0.234375,0.59375,-0.0502595178,0.230906164,-0.0311039795,0.265929149,-0.0142775468,0.288592907
38,16,0.25,0.59375,-0.0545931904,0.232108189,-0.0336021708,0.267372297,-0.015257428,0.288660026
38,17,0.265625,0.59375,-0.0588240611,0.232423091,-0.0358814262,0.26747308,-0.0160135989,0.286796521
38,18,0.28125,0.59375,-0.0629432874,0.231864804,-0.0379357303,0.266160817,-0.0165660558,0.282941967
38,19,0.296875,0.59375,-0.0669473671,0.230427657,-0.0397676845,0.263368126,-0.0169433301,0.277078611
38,20,0.3125,0.59375,-0.0708374836,0.22809116,-0.0413874137,0.259040463,-0.0171803051,0.269236609
38,21,0.328125,0.59375,-0.0746189341,0.224824474,-0.0428115992,0.253143221,-0.0173161964,0.259494373
38,22,0.34375,0.59375,-0.078300667,0.220590445,-0.0440625978,0.24566648,-0.0173926337,0.247974842
38,23,0.359375,0.59375,-0.0818949383,0.215349195,-0.0451676,0.2366276,-0.0174518488,0.234838558
38,24,0.375,0.59375,-0.0854170807,0.209061241,-0.0461577924,0.226071833,-0.0175350213,0.220274469
38,25,0.390625,0.59375,-0.0888853662,0.201690182,-0.0470675111,0.214071154,-0.0176808609,0.204489464
38,26,0.40625,0.59375,-0.0923209291,0.193204912,-0.0479333969,0.20072156,-0.0179245006,0.187697638
38,27,0.421875,0.59375,-0.0957477132,0.183581358,-0.0487935822,0.186139127,-0.0182967522,0.170110207
38,28,0.4375,0.59375,-0.0991924015,0.172803667,-0.0496869506,0.170455137,-0.0188237432,0.151926815
38,29,0.453125,0.59375,-0.102684294,0.160864779,-0.0506525177,0.153810621,-0.0195269165,0.133328765
38,30,0.46875,0.59375,-0.106255098,0.147766336,-0.0517289732,0.136350658,-0.0204233502,0.114474411
38,31,0.484375,0.59375,-0.109938601,0.133517887,-0.05295442,0.11821869,-0.0215263354,0.0954967129
38,32,0.5,0.59375,-0.113770203,0.118135401,-0.0543663307,0.0995510993,-0.0228461483,0.0765027182
38,33,0.515625,0.59375,-0.11778627,0.10163914,-0.0560017257,0.0804721664,-0.0243909602,0.0575745533
38,34,0.53125,0.59375,-0.122023278,0.0840510376,-0.0578975613,0.0610894622,-0.0261678496,0.0387714161
38,35,0.546875,0.59375,-0.126516691,0.0653917458,-0.0600912954,0.041489627,-0.0281839,0.0201319847
38,36,0.5625,0.59375,-0.1312995,0.0456776237,-0.062621575,0.0217344391,-0.0304473951,0.00167665001
38,37,0.578125,0.59375,-0.136400344,0.0249179885,-0.0655289603,0.00185703614,-0.0329691414,-0.0165910035
38,38,0.59375,0.59375,-0.141841072,0.00311303302,-0.0688565584,-0.018141829,-0.0357639568,-0.0346840126
38,39,0.609375,0.59375,-0.147633605,-0.0197470995,-0.0726503853,-0.038297544,-0.0388523579,-0.0526336374
38,40,0.625,0.59375,-0.153775942,-0.0436815002,-0.0769591982,-0.0586853013,-0.0422624403,-0.0704931698
38,41,0.640625,0.59375,-0.160247116,-0.0687152524,-0.08183344,-0.0794233239,-0.0460318708,-0.0883442384
38,42,0.65625,0.59375,-0.167000953,-0.0948729676,-0.0873228103,-0.10067495,-0.0502097718,-0.106305675
38,43,0.671875,0.59375,-0.173958522,-0.122168214,-0.093471829,-0.122648379,-0.0548580593,-0.124544601
38,44,0.6875,0.59375,-0.180999323,-0.150587898,-0.100312599,-0.14559225,-0.0600514737,-0.143288702
38,45,0.703125,0.59375,-0.187951454,-0.180070699,-0.10785384,-0.169784411,-0.0658750997,-0.162837544
38,46,0.71875,0.59375,-0.194581417,-0.210478885,-0.11606523,-0.195510385,-0.0724176193,-0.183569149
38,47,0.734375,0.59375,-0.200584781,-0.241563362,-0.124856239,-0.223027131,-0.0797579376,-0.205935726
38,48,0.75,0.59375,-0.20557976,-0.272922865,-0.134049221,-0.252507149,-0.0879423202,-0.230439564
38,49,0.765625,0.59375,-0.209106771,-0.303959987,-0.143347728,-0.28395823,-0.0969490977,-0.257576922
38,50,0.78125,0.59375,-0.210638159,-0.333839418,-0.152303308,-0.317116154,-0.106638889,-0.287735174
38,51,0.796875,0.59375,-0.209603065,-0.361457411,-0.160287599,-0.351312768,-0.116691085,-0.321028446
38,52,0.8125,0.59375,-0.205432253,-0.385435363,-0.16648155,-0.385331924,-0.126533265,-0.357062961
38,53,0.828125,0.59375,-0.197625667,-0.404153198,-0.169899061,-0.417281891,-0.135280515,-0.394640934
38,54,0.84375,0.59375,-0.185840753,-0.415837571,-0.169465936,-0.444534272,-0.141716351,-0.431447748
38,55,0.859375,0.59375,-0.169992077,-0.418713113,-0.164171936,-0.463799542,-0.14436241,-0.463824682
38,56,0.875,0.59375,-0.15034418,-0.411210894,-0.153297898,-0.471413443,-0.141689145,-0.486797408
38,57,0.890625,0.59375,-0.127573495,-0.392209212,-0.136687432,-0.463874853,-0.132494837,-0.494567195
38,58,0.90625,0.59375,-0.102775971,-0.361263858,-0.114989612,-0.438587954,-0.116405685,-0.481599921
38,59,0.921875,0.59375,-0.0774067743,-0.318775029,-0.0897678915,-0.394633272,-0.0943334772,-0.444195604
38,60,0.9375,0.59375,-0.0531548685,-0.266039237,-0.0633854221,-0.333286946,-0.068638171,-0.38202988
38,61,0.953125,0.59375,-0.0317735799,-0.205147916,-0.038657576,-0.258017936,-0.0427993833,-0.298883222
38,62,0.96875,0.59375,-0.0149048529,-0.138723101,-0.0183790908,-0.173860732,-0.0206564309,-0.201959756
38,63,0.984375,0.59375,-0.00394549177,-0.0695244131,-0.00491127812,-0.0863047223,-0.00557793534,-0.0998706204
38,64,1,0.59375,0,0,0,0,0,0
39,0,0,0.609375,0,0,0,0,0,0
39,1,0.015625,0.609375,-0.000310229327,0.0379717974,7.17417972e-05,0.0443329799,0.000454264362,0.0492178244
39,2,0.03125,0.609375,-0.00123892245,0.0714399464,6.97789077e-05,0.0830701521,0.00134315895,0.0921287773
39,3,0.046875,0.609375,-0.00276105913,0.100660204,-0.000169236406,0.11656909,0.00228715388,0.129054863
39,4,0.0625,0.609375,-0.00483158492,0.125924772,-0.000750423417,0.145225737,0.00301740768,0.160385588
39,5,0.078125,0.609375,-0.00738992385,0.147557262,-0.00172279466,0.169490848,0.00337830048,0.186637711
39,6,0.09375,0.609375,-0.010365083,0.165902331,-0.00308626313,0.189860246,0.00331641821,0.208438645
39,7,0.109375,0.609375,-0.0136806859,0.181312579,-0.00480182125,0.206848972,0.00285932368,0.226465685
39,8,0.125,0.609375,-0.0172594673,0.194135013,-0.00680315211,0.220959055,0.00208923431,0.241371782
39,9,0.140625,0.609375,-0.0210269416,0.204698809,-0.00900812281,0.232648776,0.00111676865,0.253721213
39,10,0.15625,0.609375,-0.0249141287,0.213305469,-0.0113289831,0.242308823,5.86697462e-05,0.263948417
39,11,0.171875,0.609375,-0.0288593638,0.220221796,-0.0136805484,0.250248038,-0.000978403551,0.272343641
39,12,0.1875,0.609375,-0.0328093184,0.225675711,-0.0159860878,0.256689154,-0.00190765978,0.279061877
39,13,0.203125,0.609375,-0.0367194047,0.229854605,-0.0181809978,0.261773198,-0.00266642144,0.284147759
39,14,0.21875,0.609375,-0.0405537371,0.23290584,-0.0202145883,0.265570279,-0.00321634832,0.287568322
39,15,0.234375,0.609375,-0.0442847972,0.23493895,-0.0220504295,0.268094209,-0.003541224,0.289246828
39,16,0.25,0.609375,-0.0478929139,0.236029103,-0.0236657322,0.269318609,-0.00364360378,0.289093097
39,17,0.265625,0.609375,-0.0513656348,0.236221425,-0.0250501713,0.269192709,-0.0035411859,0.287027919
39,18,0.28125,0.609375,-0.0546970471,0.23553581,-0.0262044681,0.267655631,-0.00326335411,0.283000806
39,19,0.296875,0.609375,-0.0578870954,0.233971876,-0.0271389272,0.264648489,-0.00284804345,0.277001281
39,20,0.3125,0.609375,-0.0609409347,0.231513813,-0.0278720329,0.260124043,-0.00233892433,0.269064378
39,21,0.328125,0.609375,-0.0638683528,0.228134937,-0.028429131,0.254053879,-0.00178285595,0.259271185
39,22,0.34375,0.609375,-0.0666832849,0.223801835,-0.0288411888,0.246433231,-0.00122758261,0.247745291
39,23,0.359375,0.609375,-0.0694034294,0.218478054,-0.0291436084,0.237283607,-0.000719689968,0.234646071
39,24,0.375,0.609375,-0.0720499582,0.212127327,-0.0293750794,0.226653414,-0.00030287331,0.220159766
39,25,0.390625,0.609375,-0.0746473041,0.204716317,-0.029576472,0.214616818,-1.65812688e-05,0.204489355
39,26,0.40625,0.609375,-0.0772229941,0.196216878,-0.0297897909,0.201271087,0.000104914365,0.18784421
39,27,0.421875,0.609375,-0.0798074973,0.186607786,-0.0300572246,0.186732734,3.30023937e-05,0.170430418
39,28,0.4375,0.609375,-0.0824340544,0.175875889,-0.030420332,0.171132771,-0.000255213417,0.152442475
39,29,0.453125,0.609375,-0.0851384591,0.164016625,-0.0309194092,0.154611432,-0.00077723751,0.134056861
39,30,0.46875,0.609375,-0.0879587695,0.151033833,-0.0315930702,0.137312662,-0.00154580652,0.115427704
39,31,0.484375,0.609375,-0.0909349298,0.136938849,-0.0324780678,0.119378674,-0.00256972626,0.0966845342
39,32,0.5,0.609375,-0.0941082879,0.121748873,-0.033609363,0.100944753,-0.00385483737,0.0779318878
39,33,0.515625,0.609375,-0.0975209882,0.105484691,-0.0350204417,0.0821344514,-0.00540504129,0.0592503832
39,34,0.53125,0.609375,-0.101215214,0.0881678355,-0.0367438592,0.0630551814,-0.00722334354,0.0406987619
39,35,0.546875,0.609375,-0.105232239,0.0698173767,-0.0388119815,0.043794161,-0.00931290152,0.0223163498
39,36,0.5625,0.609375,-0.109611218,0.0504465676,-0.0412578743,0.0244145825,-0.0116780947,0.00412536947
39,37,0.578125,0.609375,-0.114387644,0.0300596429,-0.0441162714,0.00495183928,-0.0143256619,-0.0138674533
39,38,0.59375,0.609375,-0.119591326,0.00864914818,-0.0474245209,-0.0145903505,-0.0172659693,-0.0316705257
39,39,0.609375,0.609375,-0.125243749,-0.0138057451,-0.0512233676,-0.0342440311,-0.0205144747,-0.0493087734
39,40,0.625,0.609375,-0.131354624,-0.0373393765,-0.0555573593,-0.0540812877,-0.0240934367,-0.0668272394
39,41,0.640625,0.609375,-0.137917389,-0.0619975079,-0.060474579,-0.0742184817,-0.0280338629,-0.0842972814
39,42,0.65625,0.609375,-0.144903459,-0.0878321967,-0.0660252731,-0.0948198846,-0.0323775824,-0.101825595
39,43,0.671875,0.609375,-0.152254978,-0.114892672,-0.0722587916,-0.116099683,-0.037179151,-0.119565973
39,44,0.6875,0.609375,-0.159875952,-0.143211123,-0.0792180608,-0.138320694,-0.0425070049,-0.137733146
39,45,0.703125,0.609375,-0.167621785,-0.172782228,-0.0869306084,-0.161787312,-0.048442865,-0.156617059
39,46,0.71875,0.609375,-0.175287538,-0.203535273,-0.0953949914,-0.186829194,-0.0550778233,-0.176594416
39,47,0.734375,0.609375,-0.182595796,-0.235298032,-0.104561438,-0.213771076,-0.0625028505,-0.198132041
39,48,0.75,0.609375,-0.189185807,-0.267752316,-0.114305773,-0.242883022,-0.0707907333,-0.221773554
39,49,0.765625,0.609375,-0.194606764,-0.30038267,-0.124396531,-0.274304851,-0.0799659217,-0.248097089
39,50,0.78125,0.609375,-0.198319537,-0.332422381,-0.134457012,-0.307939216,-0.0899589182,-0.277627954
39,51,0.796875,0.609375,-0.199712645,-0.362805055,-0.143927393,-0.343311358,-0.100543536,-0.310687637
39,52,0.8125,0.609375,-0.198139116,-0.390135292,-0.15203731,-0.379402195,-0.111259997,-0.347162702
39,53,0.828125,0.609375,-0.192980017,-0.412697175,-0.157806324,-0.414477544,-0.121336233,-0.386189605
39,54,0.84375,0.609375,-0.183736456,-0.428521847,-0.160096521,-0.445961222,-0.129635376,-0.425783286
39,55,0.859375,0.609375,-0.170143886,-0.435531364,-0.157743443,-0.470429426,-0.134677717,-0.462497352
39,56,0.875,0.609375,-0.152291414,-0.431762106,-0.149780831,-0.483823964,-0.134801387,-0.491289823
39,57,0.890625,0.609375,-0.130718132,-0.415647531,-0.135743198,-0.481965488,-0.128516209,-0.505846461
39,58,0.90625,0.609375,-0.10645449,-0.386313323,-0.115978321,-0.461364271,-0.115039888,-0.499596017
39,59,0.921875,0.609375,-0.0809844032,-0.343818406,-0.0918498909,-0.420171002,-0.0948735784,-0.467420948
39,60,0.9375,0.609375,-0.056122874,-0.289270633,-0.0657020843,-0.358943956,-0.0701321488,-0.407596868
39,61,0.953125,0.609375,-0.0338284075,-0.224758469,-0.0405331896,-0.280856379,-0.0443397948,-0.323029496
39,62,0.96875,0.609375,-0.0159930919,-0.153072675,-0.0194700038,-0.191126986,-0.0216587472,-0.220884877
39,63,0.984375,0.609375,-0.00427028827,-0.0772467267,-0.00525880816,-0.0957682746,-0.00591901994,-0.110452715
39,64,1,0.609375,0,0,0,0,0,0
40,0,0,0.625,0,0,0,0,0,0
40,1,0.015625,0.625,-0.000270709754,0.0385525146,0.000149822399,0.0442217046,0.000554149904,0.0484454011
40,2,0.03125,0.625,-0.00109485857,0.0725943546,0.000358567328,0.0830503651,0.00172127388,0.091024517
40,3,0.046875,0.625,-0.00245572831,0.102357411,0.00044334678,0.116785753,0.00309914353,0.127957537
40,4,0.0625,0.625,-0.00431280368,0.128114516,0.000281637374,0.145765358,0.00439269414,0.159522745
40,5,0.078125,0.625,-0.00660774633,0.150175264,-0.000191278419,0.170386063,0.00541812545,0.186128708
40,6,0.09375,0.625,-0.00927051544,0.168875755,-0.000989081194,0.191098267,0.00609494381,0.20830936
40,7,0.109375,0.625,-0.0122250712,0.184565065,-0.00208421709,0.208382394,0.00642755647,0.226671327
40,8,0.125,0.625,-0.0153942972,0.197590949,-0.00341930789,0.222717453,0.00648058512,0.241822914
40,9,0.140625,0.625,-0.0187039364,0.208286667,-0.00491874269,0.234549749,0.00635282172,0.254308378
40,10,0.15625,0.625,-0.0220854805,0.216960168,-0.00649926485,0.244267499,0.00615399516,0.264562168
40,11,0.171875,0.625,-0.025478075,0.223886185,-0.00807874794,0.252184485,0.0059869395,0.272888463
40,12,0.1875,0.625,-0.0288295899,0.229301324,-0.00958276798,0.258533538,0.00593604288,0.279464059
40,13,0.203125,0.625,-0.032097044,0.233401875,-0.0109489434,0.263468844,0.00606149077,0.284358252
40,14,0.21875,0.625,-0.0352465715,0.236343931,-0.0121292827,0.267074992,0.00639801773,0.287562093
40,15,0.234375,0.625,-0.0382530863,0.238245341,-0.0130909371,0.269380293,0.0069566404,0.289020163
40,16,0.25,0.625,-0.0410997635,0.239189026,-0.0138158059,0.270372039,0.00772800923,0.288659988
40,17,0.265625,0.625,-0.043777416,0.239227224,-0.0142994126,0.270011815,0.00868638661,0.286416271
40,18,0.28125,0.625,-0.0462838252,0.238386265,-0.0145493894,0.268249573,0.00979365534,0.282248825
40,19,0.296875,0.625,-0.0486230664,0.236671544,-0.0145838016,0.265035691,0.0110030741,0.276154181
40,20,0.3125,0.625,-0.0508048628,0.234072417,-0.0144294543,0.260330667,0.0122626847,0.268171422
40,21,0.328125,0.625,-0.0528439982,0.230566824,-0.0141202439,0.254112377,0.0135183524,0.258383031
40,22,0.34375,0.625,-0.0547598041,0.226125522,-0.0136955786,0.246380957,0.0147164311,0.246911676
40,23,0.359375,0.625,-0.05657573,0.220715868,-0.0131988685,0.237161491,0.0158060195,0.233913849
40,24,0.375,0.625,-0.0583189904,0.214305116,-0.0126760926,0.226504697,0.0167407621,0.21957136
40,25,0.390625,0.625,-0.0600202694,0.206863218,-0.012174455,0.214485865,0.0174801453,0.204081676
40,26,0.40625,0.625,-0.0617134589,0.198365105,-0.0117411607,0.201202313,0.0179902649,0.187648054
40,27,0.421875,0.625,-0.0634354027,0.188792419,-0.0114223473,0.186769669,0.0182440718,0.170470335
40,28,0.4375,0.625,-0.0652256189,0.178134629,-0.0112622139,0.171317321,0.0182211471,0.152737055
40,29,0.453125,0.625,-0.0671259828,0.166389494,-0.0113023825,0.154983359,0.0179070893,0.134619358
40,30,0.46875,0.625,-0.0691803547,0.153562806,-0.0115815183,0.137909317,0.0172926182,0.116266899
40,31,0.484375,0.625,-0.071434146,0.139667406,-0.0121352237,0.120234983,0.0163725059,0.0978057437
40,32,0.5,0.625,-0.0739338178,0.124721459,-0.0129962052,0.102093473,0.0151444387,0.0793380333
40,33,0.515625,0.625,-0.0767263041,0.108746066,-0.0141946997,0.0836066626,0.0136078882,0.0609430595
40,34,0.53125,0.625,-0.0798583455,0.0917622882,-0.0157591378,0.064881002,0.0117630409,0.0426792764
40,35,0.546875,0.625,-0.0833757004,0.0737877498,-0.0177170104,0.0460036422,0.00960980166,0.0245867359
40,36,0.5625,0.625,-0.0873221833,0.0548330293,-0.0200958947,0.027038729,0.00714684722,0.00668941041
40,37,0.578125,0.625,-0.0917384478,0.0348980959,-0.0229245858,0.00802368274,0.00437067851,-0.0110031289
40,38,0.59375,0.625,-0.0966603995,0.0139691379,-0.0262342575,-0.0110347328,0.00127459287,-0.0284951998
40,39,0.609375,0.625,-0.10211708,-0.00798380157,-0.0300595457,-0.0301647056,-0.00215251481,-0.04580617
40,40,0.625,0.625,-0.108127826,-0.0310078601,-0.0344393934,-0.0494340898,-0.00592760855,-0.0629737816
40,41,0.640625,0.625,-0.114698446,-0.0551664166,-0.039417419,-0.0689554101,-0.0100752799,-0.0800600928
40,42,0.65625,0.625,-0.121816152,-0.0805353793,-0.0450414534,-0.0888907372,-0.0146298082,-0.097160387
40,43,0.671875,0.625,-0.129442913,-0.107195722,-0.0513617306,-0.109455592,-0.0196373485,-0.114415179
40,44,0.6875,0.625,-0.137506966,-0.135221091,-0.0584270139,-0.130920433,-0.0251578463,-0.132024988
40,45,0.703125,0.625,-0.145892265,-0.164659113,-0.06627769,-0.15360748,-0.0312658988,-0.150266725
40,46,0.71875,0.625,-0.154425904,-0.195504874,-0.0749345985,-0.177879555,-0.0380492434,-0.169509164
40,47,0.734375,0.625,-0.162863939,-0.227665093,-0.0843821539,-0.204116349,-0.0456028217,-0.190222816
40,48,0.75,0.625,-0.17087682,-0.260911898,-0.0945442845,-0.232672056,-0.054015497,-0.212976493
40,49,0.765625,0.625,-0.178036808,-0.294826256,-0.105252134,-0.263806991,-0.063345628,-0.238408737
40,50,0.78125,0.625,-0.183811457,-0.328733537,-0.116203773,-0.297585291,-0.0735812018,-0.267157559
40,51,0.796875,0.625,-0.187569319,-0.361637833,-0.126919007,-0.33373247,-0.084580839,-0.299727367
40,52,0.8125,0.625,-0.188605938,-0.392167991,-0.136697531,-0.371452992,-0.0959951058,-0.336270264
40,53,0.828125,0.625,-0.186198852,-0.418555858,-0.144596541,-0.40922268,-0.107175378,-0.376265555
40,54,0.84375,0.625,-0.179697818,-0.438673702,-0.149453588,-0.444597154,-0.117092633,-0.418106264
40,55,0.859375,0.625,-0.168649043,-0.450158155,-0.149987826,-0.474115232,-0.124311955,-0.45865867
40,56,0.875,0.625,-0.152939227,-0.450636648,-0.145009146,-0.493413688,-0.127094385,-0.492958916
40,57,0.890625,0.625,-0.132929747,-0.438046135,-0.133737991,-0.497677363,-0.123705572,-0.514328694
40,58,0.90625,0.625,-0.109540533,-0.410997587,-0.116181651,-0.482481261,-0.112962634,-0.515242551
40,59,0.921875,0.625,-0.084246045,-0.369106645,-0.0934399628,-0.444909509,-0.0949135379,-0.489103344
40,60,0.9375,0.625,-0.0589656732,-0.313195233,-0.0677734455,-0.384603647,-0.0713505397,-0.432563663
40,61,0.953125,0.625,-0.0358623429,-0.245277698,-0.0423246157,-0.304250017,-0.0457725655,-0.347356624
40,62,0.96875,0.625,-0.0170961655,-0.168281221,-0.0205512961,-0.209135113,-0.0226396118,-0.240380531
40,63,0.984375,0.625,-0.0046062283,-0.085517505,-0.00561233272,-0.105774726,-0.00626246548,-0.121529368
40,64,1,0.625,0,0,0,0,0,0
41,0,0,0.640625,0,0,0,0,0,0
41,1,0.015625,0.640625,-0.000238542214,0.039066656,0.000216728126,0.0439744126,0.000637523073,0.0474965506
41,2,0.03125,0.640625,-0.000976376029,0.073624965,0.000610180553,0.0827766277,0.00204542494,0.0895837837
41,3,0.046875,0.640625,-0.00220077392,0.103878149,0.000984864481,0.11664602,0.00380953454,0.126383443
41,4,0.0625,0.640625,-0.00387156754,0.13007679,0.00120667721,0.145860362,0.00561723718,0.158066606
41,5,0.078125,0.640625,-0.00592901885,0.152514973,0.00119959287,0.170761567,0.00726258423,0.184935461
41,6,0.09375,0.640625,-0.00830120219,0.171519655,0.000939045473,0.191753185,0.00864129145,0.207429214
41,7,0.109375,0.640625,-0.0109104559,0.187436361,0.000442614696,0.209279199,0.00973552032,0.226080043
41,8,0.125,0.640625,-0.0136786887,0.200613878,-0.00024093681,0.22379358,0.0105915,0.241446516
41,9,0.140625,0.640625,-0.0165314661,0.211389992,-0.00104304233,0.235728733,0.0112944625,0.254047803
41,10,0.15625,0.640625,-0.0194009147,0.220079607,-0.0018859903,0.245468829,0.0119451374,0.2643143
41,11,0.171875,0.640625,-0.0222275705,0.226965906,-0.00269201521,0.253331541,0.0126407909,0.272561593
41,12,0.1875,0.640625,-0.0249613616,0.23229468,-0.00339033706,0.25955935,0.0134621774,0.278987326
41,13,0.203125,0.640625,-0.0275619378,0.236271586,-0.00392201853,0.264319712,0.0144663491,0.283685784
41,14,0.21875,0.640625,-0.0299985495,0.239061883,-0.00424278904,0.267712273,0.0156843259,0.286673172
41,15,0.234375,0.640625,-0.0322496426,0.240792143,-0.00432416615,0.269780732,0.0171222188,0.287916837
41,16,0.25,0.640625,-0.03430229,0.241553432,-0.00415328639,0.270527084,0.0187644345,0.287363351
41,17,0.265625,0.640625,-0.0361515399,0.241405486,-0.00373185448,0.269926292,0.0205778676,0.284962273
41,18,0.28125,0.640625,-0.0377997332,0.24038146,-0.0030745605,0.26794002,0.0225163521,0.280684119
41,19,0.296875,0.640625,-0.0392558245,0.238492913,-0.0022072273,0.264528554,0.0245249573,0.274532252
41,20,0.3125,0.640625,-0.0405347321,0.235734745,-0.00116486128,0.259660485,0.0265439278,0.2665491
41,21,0.328125,0.640625,-0.0416567371,0.232089879,1.02921807e-05,0.253320003,0.0285121784,0.256817439
41,22,0.34375,0.640625,-0.0426469449,0.227533567,0.00127063588,0.245511856,0.0303702925,0.245457624
41,23,0.359375,0.640625,-0.0435348104,0.22203724,0.00256502102,0.236264121,0.0320629791,0.23262174
41,24,0.375,0.640625,-0.0443537215,0.215571866,0.00384043706,0.225629001,0.0335409411,0.21848564
41,25,0.390625,0.640625,-0.0451406235,0.208110786,0.00504356304,0.213681886,0.0347621256,0.203239852
41,26,0.40625,0.640625,-0.0459356627,0.199632012,0.00612214542,0.20051898,0.0356923514,0.187080284
41,27,0.421875,0.640625,-0.0467818276,0.190119946,0.00702616362,0.186253787,0.0363053521,0.170199536
41,28,0.4375,0.640625,-0.0477245681,0.179566469,0.00770874614,0.171012807,0.0365823105,0.152779457
41,29,0.453125,0.640625,-0.0488113808,0.16797136,0.00812680806,0.154930736,0.0365109971,0.13498539
41,30,0.46875,0.640625,-0.0500913555,0.155341997,0.0082413927,0.138145503,0.0360846381,0.116962288
41,31,0.484375,0.640625,-0.0516146842,0.141692312,0.00801771438,0.120793361,0.0353006463,0.0988327137
41,32,0.5,0.640625,-0.053432138,0.127041031,0.00742491325,0.103004229,0.0341593299,0.0806965056
41,33,0.515625,0.640625,-0.0555945132,0.111409219,0.00643554418,0.084897384,0.032662671,0.062631781
41,34,0.53125,0.640625,-0.0581520437,0.0948172318,0.00502483011,0.0665774922,0.0308132285,0.0446968484
41,35,0.546875,0.640625,-0.0611537573,0.0772812145,0.00316971548,0.0481309179,0.028613183,0.0269325435
41,36,0.5625,0.640625,-0.0646467383,0.058809315,0.000847758601,0.0296221578,0.0260635026,0.00936449261
41,37,0.578125,0.640625,-0.0686752248,0.0393978591,-0.00196409298,0.0110902021,0.0231631727,-0.00799519896
41,38,0.59375,0.640625,-0.0732794375,0.0190277807,-0.0052907906,-0.00745539054,0.0199084059,-0.0251473324
41,39,0.609375,0.640625,-0.0784939911,-0.00233831901,-0.00916046153,-0.0260388953,0.0162917244,-0.042106572
41,40,0.625,0.640625,-0.0843456899,-0.0247580108,-0.0136055625,-0.0447234144,0.0123008031,-0.0589044743
41,41,0.640625,0.640625,-0.0908504552,-0.0483091814,-0.0186637331,-0.0636164216,0.00791697336,-0.0755950818
41,42,0.65625,0.640625,-0.0980090686,-0.0730877293,-0.0243780707,-0.0828755731,0.00311333214,-0.0922635262
41,43,0.671875,0.640625,-0.105801366,-0.099201858,-0.0307964039,-0.102714122,-0.00214749291,-0.109037935
41,44,0.6875,0.640625,-0.114178477,-0.126761772,-0.037968931,-0.123404735,-0.00791568754,-0.126104596
41,45,0.703125,0.640625,-0.123052723,-0.15586329,-0.0459433278,-0.145279727,-0.014256149,-0.143725662
41,46,0.71875,0.640625,-0.132284885,-0.186563599,-0.054756098,-0.16872473,-0.0212488909,-0.162257493
41,47,0.734375,0.640625,-0.141668864,-0.218847115,-0.0644185956,-0.19416139,-0.0289861968,-0.182165787
41,48,0.75,0.640625,-0.150914342,-0.252579446,-0.0748958717,-0.222013041,-0.0375638213,-0.204030748
41,49,0.765625,0.640625,-0.159629171,-0.287448033,-0.0860765057,-0.252645363,-0.0470624395,-0.228531385
41,50,0.78125,0.640625,-0.167304975,-0.32288987,-0.0977322807,-0.286272343,-0.0575145103,-0.256392743
41,51,0.796875,0.640625,-0.173311936,-0.358010575,-0.109468665,-0.3228176,-0.0688513519,-0.288273733
41,52,0.8125,0.640625,-0.176911678,-0.391505759,-0.120671598,-0.361724661,-0.0808267493,-0.324568163
41,53,0.828125,0.640625,-0.177299454,-0.421605294,-0.130464121,-0.401721487,-0.0929191422,-0.365092077
41,54,0.84375,0.640625,-0.173686517,-0.446071656,-0.137698112,-0.440569938,-0.104227856,-0.408646709
41,55,0.859375,0.640625,-0.16542777,-0.462289955,-0.141018945,-0.474873869,-0.113403299,-0.4524956
41,56,0.875,0.640625,-0.152186313,-0.467481402,-0.139045795,-0.500073799,-0.118684821,-0.491896206
41,57,0.890625,0.640625,-0.13410656,-0.459046226,-0.130692204,-0.510792982,-0.118146173,-0.519978212
41,58,0.90625,0.640625,-0.111948653,-0.434997025,-0.115594831,-0.501662298,-0.110224987,-0.528388052
41,59,0.921875,0.640625,-0.0871313518,-0.394393266,-0.0945266669,-0.468579207,-0.0944840225,-0.509033042
41,60,0.9375,0.640625,-0.061648165,-0.337654336,-0.06959284,-0.410059303,-0.0723158054,-0.45673784
41,61,0.953125,0.640625,-0.0378595473,-0.266627976,-0.044031738,-0.328078528,-0.0471160067,-0.371740424
41,62,0.96875,0.640625,-0.0182093512,-0.18432879,-0.0216254875,-0.227839269,-0.0236107309,-0.260394977
41,63,0.984375,0.640625,-0.00495287375,-0.0943428923,-0.00597330586,-0.116319571,-0.00661217955,-0.133092326
41,64,1,0.640625,0,0,0,0,0,0
42,0,0,0.65625,0,0,0,0,0,0
42,1,0.015625,0.65625,-0.000215982879,0.0395288906,0.000270469583,0.043611524,0.000702780519,0.0463999761
42,2,0.03125,0.65625,-0.000891593605,0.0745565863,0.000817152912,0.0822822287,0.00230895751,0.0878525056
42,3,0.046875,0.65625,-0.0020126504,0.105252603,0.00143965575,0.116189257,0.00440344746,0.124385725
42,4,0.0625,0.65625,-0.00353399411,0.131842761,0.00199904607,0.14555063,0.00666553072,0.156069695
42,5,0.078125,0.65625,-0.00538985015,0.154604899,0.00241332912,0.170653695,0.00887423093,0.183104653
42,6,0.09375,0.65625,-0.00750280559,0.173857192,0.00265077763,0.191855245,0.0109059216,0.205836423
42,7,0.109375,0.65625,-0.00979111436,0.189942551,0.00272113901,0.209562377,0.0127224342,0.224721118
42,8,0.125,0.65625,-0.0121743266,0.203211959,0.00266533099,0.22420311,0.0143515162,0.240263972
42,9,0.140625,0.65625,-0.0145773665,0.214008893,0.0025445893,0.236194803,0.0158634692,0.252954741
42,10,0.15625,0.65625,-0.0169332485,0.222656272,0.00243008232,0.245916472,0.0173480951,0.263215839
42,11,0.171875,0.65625,-0.0191846653,0.229446632,0.00239382999,0.253688832,0.0188951874,0.271371423
42,12,0.1875,0.65625,-0.0212846991,0.234635691,0.00250146577,0.259763542,0.0205803612,0.277638501
42,13,0.203125,0.65625,-0.0231969053,0.238439063,0.00280705976,0.264321296,0.0224565989,0.282136104
42,14,0.21875,0.65625,-0.0248949879,0.241031636,0.00334994445,0.267477139,0.024550842,0.284906223
42,15,0.234375,0.65625,-0.0263622379,0.242549082,0.00415328801,0.26929079,0.026864408,0.285940054
42,16,0.25,0.65625,-0.0275908553,0.243090923,0.00522405455,0.269779728,0.029375901,0.285204339
42,17,0.265625,0.65625,-0.0285812302,0.242724667,0.00655396601,0.26893309,0.0320454689,0.282664354
42,18,0.28125,0.65625,-0.0293412233,0.241490549,0.00812111611,0.266724946,0.0348195651,0.278301735
42,19,0.296875,0.65625,-0.0298854708,0.239406543,0.00989195647,0.263125991,0.0376356805,0.272126606
42,20,0.3125,0.65625,-0.0302347275,0.23647333,0.0118234532,0.258113148,0.0404267407,0.2641842
42,21,0.328125,0.65625,-0.0304152554,0.232679037,0.0138652816,0.25167688,0.0431250031,0.254556666
42,22,0.34375,0.65625,-0.0304582638,0.228003595,0.0159619751,0.243826228,0.045665359,0.243360875
42,23,0.359375,0.65625,-0.0303993981,0.222422645,0.0180549759,0.234591689,0.0479879786,0.230743201
42,24,0.375,0.65625,-0.0302782672,0.215910929,0.0200845427,0.224026155,0.0500402531,0.216872214
42,25,0.390625,0.65625,-0.0301379959,0.208445159,0.0219914781,0.212204157,0.0517780176,0.201930265
42,26,0.40625,0.65625,-0.0300247833,0.200006309,0.0237186333,0.199219712,0.0531660727,0.186104828
42,27,0.421875,0.65625,-0.0299874503,0.190581324,0.0252121513,0.185183068,0.0541780648,0.169580376
42,28,0.4375,0.65625,-0.0300769641,0.180164182,0.0264224165,0.170216677,0.0547958278,0.15253141
42,29,0.453125,0.65625,-0.0303459345,0.168756281,0.027304687,0.154450713,0.0550083173,0.135117031
42,30,0.46875,0.65625,-0.0308480852,0.15636611,0.027819403,0.138018411,0.0548102853,0.11747725
42,31,0.484375,0.65625,-0.0316377098,0.143008188,0.0279321782,0.121051463,0.0542008419,0.0997310519
42,32,0.5,0.65625,-0.0327691259,0.128701288,0.0276134944,0.103675643,0.0531820342,0.0819760085
42,33,0.515625,0.65625,-0.0342961383,0.113465972,0.0268381318,0.0860067458,0.0517575404,0.0642891609
42,34,0.53125,0.65625,-0.0362715169,0.0973215322,0.0255843699,0.0681468307,0.0499315428,0.0467287644
42,35,0.546875,0.65625,-0.03874648,0.0802824444,0.0238329994,0.0501807137,0.0477078024,0.0293364618
42,36,0.5625,0.65625,-0.0417701553,0.0623544968,0.0215661802,0.0321725375,0.0450889161,0.0121394207
42,37,0.578125,0.65625,-0.0453889627,0.0435307951,0.0187661811,0.0141622319,0.042075702,-0.00484803223
42,38,0.59375,0.65625,-0.04964583,0.0237879041,0.015414037,-0.00383836425,0.038666628,-0.0216237515
42,39,0.609375,0.65625,-0.0545791064,0.00308245076,0.0114881687,-0.0218499336,0.0348571695,-0.0381985672
42,40,0.625,0.65625,-0.0602209915,-0.018651396,0.00696303621,-0.0399308183,0.03063897,-0.0545990306
42,41,0.640625,0.65625,-0.0665952293,-0.0415030379,0.0018079414,-0.0581829019,0.0259986693,-0.0708726218
42,42,0.65625,0.65625,-0.0737137469,-0.0655844686,-0.00401381652,-0.0767580663,0.0209162933,-0.0870959207
42,43,0.671875,0.65625,-0.0815718396,-0.0910263131,-0.0105451046,-0.0958647313,0.0153631539,-0.103386159
42,44,0.6875,0.65625,-0.0901414202,-0.117969734,-0.017833915,-0.115773509,0.00929935428,-0.119916332
42,45,0.703125,0.65625,-0.0993617991,-0.146552705,-0.025930329,-0.136820313,0.00267123913,-0.136933522
42,46,0.71875,0.65625,-0.109127456,-0.176888733,-0.0348803401,-0.159404287,-0.00459043947,-0.154779116
42,47,0.734375,0.65625,-0.119272409,-0.209035637,-0.0447149559,-0.183976575,-0.0125702189,-0.173907886
42,48,0.75,0.65625,-0.129551207,-0.24295159,-0.0554325339,-0.211014146,-0.0213631232,-0.19490025
42,49,0.765625,0.65625,-0.139617448,-0.278435623,-0.0669719487,-0.240970582,-0.0310617728,-0.218458048
42,50,0.78125,0.65625,-0.14900243,-0.315050773,-0.0791742875,-0.274193132,-0.0417304174,-0.245368647
42,51,0.796875,0.65625,-0.157099191,-0.35203113,-0.0917319953,-0.310793153,-0.0533597034,-0.276415128
42,52,0.8125,0.65625,-0.163160901,-0.388180473,-0.104127926,-0.350457537,-0.0657959939,-0.312202474
42,53,0.828125,0.65625,-0.166326591,-0.421781019,-0.115574211,-0.392196166,-0.0786424254,-0.352864448
42,54,0.84375,0.65625,-0.165689434,-0.450545386,-0.124973592,-0.434042329,-0.0911395705,-0.397622108
42,55,0.859375,0.65625,-0.160419927,-0.471658359,-0.130942835,-0.472767548,-0.102056957,-0.444201706
42,56,0.875,0.65625,-0.149944025,-0.481957858,-0.131951931,-0.503740429,-0.109665616,-0.488216042
42,57,0.890625,0.65625,-0.134153264,-0.478283795,-0.12662693,-0.521128327,-0.111905498,-0.522788528
42,58,0.90625,0.65625,-0.113595956,-0.457972795,-0.114214403,-0.518646798,-0.106868296,-0.538904701
42,59,0.921875,0.65625,-0.0895810161,-0.419407133,-0.0951004537,-0.4909115,-0.0936109675,-0.527012525
42,60,0.9375,0.65625,-0.0641362217,-0.362467037,-0.0711565131,-0.435098576,-0.0730503452,-0.479931679
42,61,0.953125,0.65625,-0.0398053404,-0.288716512,-0.0456578457,-0.352217369,-0.0483915804,-0.396061698
42,62,0.96875,0.65625,-0.0193288552,-0.201187894,-0.0226976764,-0.247193546,-0.0245871871,-0.280884358
42,63,0.984375,0.65625,-0.00531015372,-0.103726856,-0.00634416215,-0.127400214,-0.006973519,-0.145140098
42,64,1,0.65625,0,0,0,0,0,0
43,0,0,0.671875,0,0,0,0,0,0
43,1,0.015625,0.671875,-0.000205697525,0.0399582496,0.000308960925,0.0431572597,0.000748450107,0.045187593
43,2,0.03125,0.671875,-0.000850059423,0.0754216325,0.00097159782,0.0816074415,0.00250555588,0.0858831167
43,3,0.046875,0.671875,-0.00191056829,0.106520549,0.00179115529,0.115464127,0.00486650976,0.12202687
43,4,0.0625,0.671875,-0.00333029804,0.13345399,0.00263165151,0.144886688,0.00751262762,0.153595822
43,5,0.078125,0.671875,-0.00503157833,0.156483785,0.00341150447,0.170109835,0.0102160836,0.18069507
43,6,0.09375,0.671875,-0.00692700872,0.17592092,0.00409646895,0.191445375,0.0128395396,0.203581011
43,7,0.109375,0.671875,-0.00892774297,0.192107882,0.00469131627,0.209264646,0.015327489,0.222634449
43,8,0.125,0.671875,-0.0109493438,0.20540013,0.0052303667,0.22397013,0.0176899131,0.238305481
43,9,0.140625,0.671875,-0.0129156254,0.216148914,0.00576748407,0.235963982,0.0199812683,0.251051224
43,10,0.15625,0.671875,-0.0147609061,0.224686906,0.00636634438,0.245619588,0.0222786193,0.261282581
43,11,0.171875,0.671875,-0.0164310615,0.231317356,0.00709173813,0.253260158,0.0246622387,0.269329327
43,12,0.1875,0.671875,-0.0178837262,0.23630692,0.00800245647,0.25914612,0.0272007928,0.275425914
43,13,0.203125,0.671875,-0.0190879395,0.239881875,0.00914604304,0.263471234,0.0299418925,0.279715304
43,14,0.21875,0.671875,-0.0200234722,0.242227215,0.0105554377,0.266366045,0.0329076915,0.282265363
43,15,0.234375,0.671875,-0.0206800079,0.24348801,0.0122473392,0.267906622,0.0360945436,0.283091778
43,16,0.25,0.671875,-0.0210562882,0.243772425,0.0142219915,0.268126406,0.0394754927,0.28218229
43,17,0.265625,0.671875,-0.0211592848,0.243155854,0.0164640472,0.267029231,0.0430044367,0.279518609
43,18,0.28125,0.671875,-0.0210034222,0.241685701,0.0189441758,0.264602029,0.0466210501,0.275093907
43,19,0.296875,0.671875,-0.0206098599,0.239386418,0.0216211302,0.260826217,0.0502558258,0.268925076
43,20,0.3125,0.671875,-0.0200058292,0.23626453,0.0244440509,0.25568716,0.053834833,0.261059777
43,21,0.328125,0.671875,-0.0192240206,0.232313415,0.0273548513,0.249181481,0.0572839511,0.25157882
43,22,0.34375,0.671875,-0.0183020153,0.227517709,0.0302905719,0.241322161,0.0605324376,0.240594648
43,23,0.359375,0.671875,-0.0172817508,0.221857243,0.03318563,0.232141553,0.0635157469,0.228246846
43,24,0.375,0.671875,-0.016209009,0.215310464,0.0359739015,0.221692499,0.0661775514,0.214695601
43,25,0.390625,0.671875,-0.0151329126,0.207857302,0.0385905868,0.210047796,0.0684709617,0.200114033
43,26,0.40625,0.671875,-0.0141054141,0.199481466,0.0409738145,0.197298306,0.070358978,0.184680237
43,27,0.421875,0.671875,-0.0131807661,0.190172126,0.0430659433,0.183550004,0.0718142546,0.16856978
43,28,0.4375,0.671875,-0.0124149657,0.179924953,0.044814534,0.168920271,0.0728182983,0.151949204
43,29,0.453125,0.671875,-0.0118651763,0.168742481,0.0461729755,0.15353375,0.0733602477,0.134970932
43,30,0.46875,0.671875,-0.0115891347,0.156633772,0.0471007667,0.137518012,0.0734353989,0.117769763
43,31,0.484375,0.671875,-0.0116445618,0.143613353,0.0475634691,0.120999269,0.0730436332,0.100460965
43,32,0.5,0.671875,-0.0120885966,0.12969946,0.0475323614,0.104098275,0.0721878876,0.0831398071
43,33,0.515625,0.671875,-0.0129772724,0.11491161,0.0469838344,0.0869265085,0.0708727762,0.0658822725
43,34,0.53125,0.671875,-0.0143650501,0.0992675735,0.0458985684,0.0695826246,0.0691034307,0.0487465863
43,35,0.546875,0.671875,-0.0163044089,0.0827798528,0.044260535,0.0521491076,0.0668845895,0.0317751701
43,36,0.5625,0.671875,-0.0188454788,0.0654517977,0.042055859,0.0346889762,0.0642199241,0.014996593
43,37,0.578125,0.671875,-0.0220356747,0.0472735338,0.0392715674,0.0172423454,0.0611115515,-0.00157291081
43,38,0.59375,0.671875,-0.0259192581,0.0282179243,0.0358942471,-0.000177378172,0.0575596529,-0.0179287999
43,39,0.609375,0.671875,-0.0305367137,0.00823684256,0.0319086344,-0.0175878945,0.0535620848,-0.034078914
43,40,0.625,0.671875,-0.0359237743,-0.0127418878,0.0272961663,-0.035043187,0.0491138479,-0.0500459741
43,41,0.640625,0.671875,-0.0421098652,-0.034816426,0.0220335628,-0.0526395689,0.0442062622,-0.0658724051
43,42,0.65625,0.671875,-0.0491156565,-0.058111119,0.0160915666,-0.0705225271,0.0388256979,-0.0816280108
43,43,0.671875,0.671875,-0.0569493194,-0.0827741847,0.00943407942,-0.0888940239,0.0329517393,-0.0974209959
43,44,0.6875,0.671875,-0.0656009687,-0.108971812,0.00201810253,-0.10801951,0.0265547531,-0.113412681
43,45,0.703125,0.671875,-0.0750346602,-0.136877255,-0.00620485989,-0.128233302,0.0195930143,-0.129835868
43,46,0.71875,0.671875,-0.085177214,-0.166652989,-0.0152849185,-0.149940103,0.0120098939,-0.147016035
43,47,0.734375,0.671875,-0.0959031222,-0.198423364,-0.0252659479,-0.173609196,0.00373218207,-0.165393104
43,48,0.75,0.671875,-0.10701499,-0.232234408,-0.0361716852,-0.199756048,-0.00532849628,-0.185539194
43,49,0.765625,0.671875,-0.118219575,-0.267996809,-0.0479830566,-0.228903609,-0.0152679663,-0.20816409
43,50,0.78125,0.671875,-0.129100896,-0.305408127,-0.0606035635,-0.261512297,-0.0261706604,-0.234094812
43,51,0.796875,0.671875,-0.139094468,-0.343852104,-0.0738098701,-0.297863962,-0.0380730069,-0.264208156
43,52,0.8125,0.671875,-0.147470887,-0.382278358,-0.0871869947,-0.337882446,-0.0509010828,-0.299285441
43,53,0.828125,0.671875,-0.153342427,-0.419076762,-0.10005368,-0.38087582,-0.0643755319,-0.339748501
43,54,0.84375,0.671875,-0.155711417,-0.451978321,-0.111396067,-0.425201313,-0.0778839866,-0.385232178
43,55,0.859375,0.671875,-0.153580168,-0.478035363,-0.119847833,-0.467895531,-0.0903415295,-0.433969554
43,56,0.875,0.671875,-0.146133237,-0.493748064,-0.123777927,-0.504389704,-0.100100434,-0.482047664
43,57,0.890625,0.671875,-0.132978964,-0.495394294,-0.121556256,-0.52853051,-0.105028738,-0.522775532
43,58,0.90625,0.671875,-0.114400823,-0.479569273,-0.112031954,-0.533188774,-0.102917406,-0.546682583
43,59,0.921875,0.671875,-0.0915362145,-0.443853001,-0.0951490631,-0.511637097,-0.0923094265,-0.542850993
43,60,0.9375,0.671875,-0.0663967644,-0.387430011,-0.072460903,-0.459501911,-0.0735720105,-0.501957227
43,61,0.953125,0.671875,-0.0416866208,-0.311435343,-0.0472085796,-0.376537365,-0.0496216313,-0.420203582
43,62,0.96875,0.671875,-0.0204522113,-0.218823977,-0.0237754218,-0.267152952,-0.0255868436,-0.301813038
43,63,0.984375,0.671875,-0.00567852901,-0.113671747,-0.006728403,-0.139017247,-0.00735329948,-0.157679513
43,64,1,0.671875,0,0,0,0,0,0
44,0,0,0.6875,0,0,0,0,0,0
44,1,0.015625,0.6875,-0.000210930756,0.0403789501,0.000329899083,0.0426399262,0.000773083245,0.0438944203
44,2,0.03125,0.6875,-0.000863287859,0.076261457,0.00106482259,0.0808000344,0.00262892048,0.0837344459
44,3,0.046875,0.6875,-0.0019174384,0.107732841,0.00202121925,0.114529203,0.00518432462,0.119378653
44,4,0.0625,0.6875,-0.00329605596,0.134963771,0.00307506549,0.143930281,0.00813348438,0.150720121
44,5,0.078125,0.6875,-0.00490219891,0.15820161,0.00415276572,0.169188877,0.0112509548,0.177777741
44,6,0.09375,0.6875,-0.00663293009,0.177753356,0.00522320451,0.190575433,0.0143925035,0.200725018
44,7,0.109375,0.6875,-0.00838870488,0.193964886,0.00628977719,0.208428479,0.0174893842,0.219870745
44,8,0.125,0.6875,-0.0100792784,0.207199842,0.00738192273,0.223126942,0.0205353834,0.235610192
44,9,0.140625,0.6875,-0.0116269822,0.217820456,0.008546309,0.235058825,0.023568715,0.248366035
44,10,0.15625,0.6875,-0.0129681308,0.226171708,0.00983818097,0.244592218,0.0266520645,0.258534869
44,11,0.171875,0.6875,-0.0140531773,0.232569452,0.0113134754,0.25205272,0.0298540093,0.26644925
44,12,0.1875,0.6875,-0.0148460982,0.237292569,0.0130222105,0.257709237,0.0332341329,0.272358847
44,13,0.203125,0.6875,-0.0153233622,0.240578809,0.0150034661,0.261768315,0.0368329531,0.276429205
44,14,0.21875,0.6875,-0.0154727382,0.242623704,0.0172820554,0.264375843,0.0406666979,0.278753572
44,15,0.234375,0.6875,-0.0152921038,0.243581898,0.0198668034,0.265624237,0.0447262139,0.279372253
44,16,0.25,0.6875,-0.014788344,0.2435702,0.0227502124,0.26556302,0.0489789373,0.278294446
44,17,0.265625,0.6875,-0.0139763765,0.242671801,0.025909227,0.264210905,0.0533728152,0.275518796
44,18,0.28125,0.6875,-0.0128783016,0.240941124,0.0293067987,0.261567863,0.0578412265,0.271050346
44,19,0.296875,0.6875,-0.0115226615,0.23840895,0.0328939719,0.257626116,0.0623081883,0.264912823
44,20,0.3125,0.6875,-0.00994378164,0.235087491,0.0366122673,0.252379427,0.066693358,0.257156075
44,21,0.328125,0.6875,-0.00818117343,0.230975223,0.0403961842,0.245830359,0.0709165216,0.247859062
44,22,0.34375,0.6875,-0.00627897691,0.226061325,0.0441756938,0.23799545,0.0749013773,0.23712908
44,23,0.359375,0.6875,-0.00428542621,0.220329638,0.0478786256,0.22890836,0.0785785057,0.225098087
44,24,0.375,0.6875,-0.00225232141,0.213762091,0.0514328731,0.218621198,0.0818874741,0.211916999
44,25,0.390625,0.6875,-0.000234492082,0.206341564,0.0547683571,0.207204244,0.084778075,0.197748839
44,26,0.40625,0.6875,0.00171075985,0.198054162,0.0578186976,0.194744356,0.0872107455,0.182761535
44,27,0.421875,0.6875,0.00352424532,0.188890876,0.0605225543,0.181342348,0.0891562629,0.167121055
44,28,0.4375,0.6875,0.00514550215,0.178848592,0.0628246127,0.167109644,0.0905948504,0.150985417
44,29,0.453125,0.6875,0.00651343023,0.16793045,0.0646762031,0.15216448,0.0915148536,0.13449993
44,30,0.46875,0.6875,0.00756693213,0.156145495,0.0660355636,0.136627917,0.0919111615,0.117793865
44,31,0.484375,0.6875,0.00824553643,0.14350765,0.0668677697,0.120619868,0.0917835376,0.100978563
44,32,0.5,0.6875,0.00848997758,0.130033999,0.0671443672,0.104255278,0.0911350079,0.0841468655
44,33,0.515625,0.6875,0.00824270624,0.115742426,0.0668427547,0.0876405388,0.0899704215,0.0673736178
44,34,0.53125,0.6875,0.00744830896,0.100648669,0.0659453623,0.0708701302,0.0882952585,0.050716951
44,35,0.546875,0.6875,0.00605382626,0.0847628731,0.0644386704,0.054023423,0.0861147226,0.0342199684
44,36,0.5625,0.6875,0.00400897379,0.0680857626,0.0623121031,0.0371615051,0.083433113,0.0179124588
44,37,0.578125,0.6875,0.001266293,0.0506045744,0.0595568189,0.0203238438,0.0802534358,0.00181223895
44,38,0.59375,0.6875,-0.00221871351,0.0322889431,0.0561644089,0.00352456872,0.0765771777,-0.0140742848
44,39,0.609375,0.6875,-0.00648736885,0.0130869669,0.0521255049,-0.0132518528,0.0724041368,-0.0297527622
44,40,0.625,0.6875,-0.0115773897,-0.00707824447,0.0474282997,-0.0300557467,0.067732175,-0.045243208
44,41,0.640625,0.6875,-0.0175220303,-0.0283111557,0.0420570019,-0.0469783022,0.0625567294,-0.0605844718
44,42,0.65625,0.6875,-0.0243485185,-0.0507450143,0.0359902917,-0.064158583,0.0568699054,-0.0758413978
44,43,0.671875,0.6875,-0.0320753938,-0.0745410009,0.0291999303,-0.0817912673,0.0506589775,-0.0911152145
44,44,0.6875,0.6875,-0.0407082309,-0.0998843932,0.0216498188,-0.10013457,0.0439041672,-0.106557607
44,45,0.703125,0.6875,-0.0502330719,-0.12697646,0.0132960286,-0.119517292,0.0365756989,-0.122388663
44,46,0.71875,0.6875,-0.0606067182,-0.156020271,0.00408865447,-0.140343199,0.0286303963,-0.138918284
44,47,0.734375,0.6875,-0.0717428774,-0.187197861,-0.00602317937,-0.163089809,0.020008561,-0.156569496
44,48,0.75,0.6875,-0.0834931268,-0.220635137,-0.0170811786,-0.188297037,0.0106326584,-0.175900102
44,49,0.765625,0.6875,-0.0956219374,-0.256349717,-0.0290997971,-0.216538704,0.000410529607,-0.197615884
44,50,0.78125,0.6875,-0.107775992,-0.29417588,-0.0420365159,-0.248366318,-0.0107524548,-0.222563606
44,51,0.796875,0.6875,-0.119450277,-0.33366114,-0.0557462441,-0.284209722,-0.0229256866,-0.251684706
44,52,0.8125,0.6875,-0.129957624,-0.373932513,-0.0699164501,-0.324213727,-0.0361010669,-0.285899949
44,53,0.828125,0.6875,-0.13841481,-0.413540489,-0.0839839678,-0.367987093,-0.05010597,-0.325881545
44,54,0.84375,0.6875,-0.143766156,-0.450307645,-0.0970455574,-0.414248177,-0.0644745961,-0.37165611
44,55,0.859375,0.6875,-0.144871193,-0.481236538,-0.107795591,-0.460385688,-0.0782864237,-0.421985258
44,56,0.875,0.6875,-0.140679398,-0.502559062,-0.114554735,-0.502032006,-0.0900192866,-0.473528833
44,57,0.890625,0.6875,-0.130493518,-0.51001621,-0.115479365,-0.5328743,-0.0975331001,-0.519971556
44,58,0.90625,0.6875,-0.114280336,-0.499415545,-0.109027232,-0.54505399,-0.0983742406,-0.551624013
44,59,0.921875,0.6875,-0.0929371737,-0.467411191,-0.094652105,-0.530482551,-0.0905772433,-0.556357921
44,60,0.9375,0.6875,-0.0683974019,-0.412316631,-0.0734992092,-0.48303906,-0.0738891195,-0.522619474
44,61,0.953125,0.6875,-0.0434921878,-0.334661065,-0.048690486,-0.40090285,-0.0508267039,-0.444046865
44,62,0.96875,0.6875,-0.0215787295,-0.237195986,-0.0248685126,-0.287673722,-0.0266295917,-0.32315269
44,63,0.984375,0.6875,-0.00605919673,-0.124179068,-0.00713067844,-0.151175635,-0.00775978582,-0.170726942
44,64,1,0.6875,0,0,0,0,0,0
45,0,0,0.703125,0,0,0,0,0,0
45,1,0.015625,0.703125,-0.000235755042,0.0408215375,0.000330573895,0.0420924371,0.000775090471,0.0425586726
45,2,0.03125,0.703125,-0.000945531249,0.0771281401,0.001086727,0.0799161214,0.00267225918,0.0814718754
45,3,0.046875,0.703125,-0.00206119968,0.108953317,0.002109078,0.113453884,0.00534160887,0.116522306
45,4,0.0625,0.703125,-0.00347394517,0.13643875,0.00329614187,0.142755142,0.00850186312,0.147529192
45,5,0.078125,0.703125,-0.00505827808,0.159820659,0.00459129945,0.167961696,0.0119402888,0.174436051
45,6,0.09375,0.703125,-0.00668896334,0.179407426,0.00597331074,0.189308363,0.0155137561,0.197342582
45,7,0.109375,0.703125,-0.00825158817,0.195554231,0.00744853207,0.207105927,0.0191454583,0.216491569
45,8,0.125,0.703125,-0.0096482086,0.208638408,0.00904363998,0.221713598,0.022815404,0.232226151
45,9,0.140625,0.703125,-0.010799564,0.219037767,0.0107984103,0.233507724,0.0265456891,0.244934543
45,10,0.15625,0.703125,-0.0116451062,0.227113101,0.0127586405,0.242852421,0.0303831597,0.254997287
45,11,0.171875,0.703125,-0.0121417783,0.233195324,0.0149695732,0.250076128,0.034382405,0.262747259
45,12,0.1875,0.703125,-0.0122621929,0.237577105,0.0174702274,0.255456129,0.0385914534,0.26844697
45,13,0.203125,0.703125,-0.0119926391,0.240508515,0.0202889553,0.259211389,0.0430415471,0.272282739
45,14,0.21875,0.703125,-0.0113311751,0.242195957,0.0234403917,0.261502707,0.0477413589,0.274372102
45,15,0.234375,0.703125,-0.0102859432,0.242803616,0.0269237999,0.262438465,0.0526752332,0.274779538
45,16,0.25,0.703125,-0.00887375604,0.242456697,0.0307226874,0.262083983,0.0578045831,0.273535689
45,17,0.265625,0.703125,-0.00711894744,0.241245812,0.0348054801,0.260472644,0.063071436,0.27065632
45,18,0.28125,0.703125,-0.00505244722,0.239231986,0.0391270041,0.257617284,0.0684031892,0.266158534
45,19,0.296875,0.703125,-0.00271102939,0.236451898,0.0436305268,0.253520748,0.0737178189,0.260072944
45,20,0.3125,0.703125,-0.000136680793,0.232923042,0.0482501387,0.248184948,0.0789289924,0.252451444
45,21,0.328125,0.703125,0.00262395458,0.22864861,0.052913291,0.241618055,0.083950708,0.243370801
45,22,0.34375,0.703125,0.00552009173,0.223621962,0.057543349,0.23383972,0.0887012286,0.232932664
45,23,0.359375,0.703125,0.00849730909,0.217830588,0.0620620471,0.224884374,0.0931061701,0.22126075
45,24,0.375,0.703125,0.0114980626,0.21125953,0.0663917586,0.214802767,0.0971006832,0.208496032
45,25,0.390625,0.703125,0.014462225,0.20389422,0.0704575116,0.203661971,0.100630728,0.194790761
45,26,0.40625,0.703125,0.0173276604,0.195722729,0.0741886961,0.191544109,0.103653494,0.180302049
45,27,0.421875,0.703125,0.020030838,0.186737384,0.0775204236,0.178544089,0.106137072,0.165185676
45,28,0.4375,0.703125,0.022507479,0.176935768,0.0803945163,0.164766622,0.108059518,0.149590614
45,29,0.453125,0.703125,0.0246932261,0.166321051,0.0827601213,0.150322799,0.109407477,0.133654621
45,30,0.46875,0.703125,0.0265243129,0.154901666,0.0845739632,0.135326446,0.110174543,0.117501079
45,31,0.484375,0.703125,0.0279382051,0.142690307,0.0858002651,0.119890465,0.110359535,0.101237118
45,32,0.5,0.703125,0.0288741847,0.12970229,0.0864103796,0.10412329,0.10996483,0.0849529232
45,33,0.515625,0.703125,0.0292738428,0.115953279,0.0863821795,0.0881255134,0.108994878,0.0687220219
45,34,0.53125,0.703125,0.0290814554,0.101456453,0.0856992591,0.0719867089,0.107454984,0.0526022852
45,35,0.546875,0.703125,0.0282442219,0.086219188,0.0843499908,0.0557823668,0.105350393,0.0366373156
45,36,0.5625,0.703125,0.0267123616,0.070239331,0.0823264695,0.0395708277,0.102685694,0.0208578798
45,37,0.578125,0.703125,0.0244390812,0.0535012211,0.0796233655,0.0233900396,0.0994644951,0.00528302455
45,38,0.59375,0.703125,0.0213804509,0.0359715862,0.0762366849,0.00725393582,0.095689325,-0.0100795009
45,39,0.609375,0.703125,0.0174952628,0.0175955187,0.0721624269,-0.0088517853,0.0913616381,-0.0252339114
45,40,0.625,0.703125,0.0127449858,-0.00170722638,0.0673951158,-0.024974684,0.086481811,-0.0401985666
45,41,0.640625,0.703125,0.00709399294,-0.0220452972,0.0619261946,-0.041201561,0.0810489567,-0.0550101355
45,42,0.65625,0.703125,0.000510311193,-0.0435577556,0.0557422962,-0.0576654555,0.075060365,-0.069730259
45,43,0.671875,0.703125,-0.00703275131,-0.0664144723,0.0488234713,-0.074553551,0.0685103585,-0.0844552577
45,44,0.6875,0.703125,-0.01555361,-0.090814134,0.0411415689,-0.0921156085,0.0613883627,-0.0993294023
45,45,0.703125,0.703125,-0.0250573696,-0.116978767,0.0326591563,-0.110672138,0.0536760653,-0.114562097
45,46,0.71875,0.703125,-0.0355278511,-0.145143183,0.0233296583,-0.130620895,0.0453437291,-0.130448897
45,47,0.734375,0.703125,-0.0469155154,-0.175536955,0.0130998429,-0.152439363,0.0363460977,-0.147395366
45,48,0.75,0.703125,-0.0591198732,-0.208355348,0.00191642868,-0.176679431,0.0266189999,-0.165941162
45,49,0.765625,0.703125,-0.0719649156,-0.243713944,-0.0102604914,-0.203948272,0.0160788345,-0.186778977
45,50,0.78125,0.703125,-0.0851665762,-0.281579788,-0.0234333232,-0.23486585,0.0046287624,-0.210758596
45,51,0.796875,0.703125,-0.0982928968,-0.321670472,-0.0375270028,-0.269984027,-0.00782220438,-0.238859544
45,52,0.8125,0.703125,-0.110721337,-0.363313825,-0.0523275043,-0.309644722,-0.0213179468,-0.272105157
45,53,0.828125,0.703125,-0.121604509,-0.405268229,-0.0673952782,-0.353746713,-0.0357794332,-0.311374971
45,54,0.84375,0.703125,-0.129865608,-0.445521937,-0.0819586881,-0.40138969,-0.0508815865,-0.357051724
45,55,0.859375,0.703125,-0.134255338,-0.481122122,-0.0948129433,-0.450386353,-0.065879595,-0.408424863
45,56,0.875,0.703125,-0.13350589,-0.508125739,-0.104285667,-0.496705931,-0.0794147582,-0.462800988
45,57,0.890625,0.703125,-0.126602251,-0.521793356,-0.10837262,-0.534058013,-0.0894027501,-0.514420578
45,58,0.90625,0.703125,-0.113146274,-0.517125618,-0.105160798,-0.554016034,-0.0932116982,-0.553638439
45,59,0.921875,0.703125,-0.0937206757,-0.489735935,-0.0935748861,-0.54716512,-0.0883885452,-0.567336114
45,60,0.9375,0.703125,-0.0701055204,-0.436874997,-0.0742572588,-0.50546353,-0.073994958,-0.541707767
45,61,0.953125,0.703125,-0.0452129517,-0.358254015,-0.0501092074,-0.425168062,-0.0520224414,-0.46746311
45,62,0.96875,0.703125,-0.0227100254,-0.256256968,-0.0259886735,-0.30871276,-0.02773648,-0.344879956
45,63,0.984375,0.703125,-0.00645435665,-0.135250477,-0.00755688837,-0.16388576,-0.00820268563,-0.184309105
45,64,1,0.703125,0,0,0,0,0,0
46,0,0,0.71875,0,0,0,0,0,0
46,1,0.015625,0.71875,-0.000285433462,0.0413244813,0.000307575931,0.0415531992,0.000752494207,0.0412221611
46,2,0.03125,0.71875,-0.00111487413,0.0780869017,0.00102489112,0.0790215303,0.00262751414,0.0791679275
46,3,0.046875,0.71875,-0.00237665328,0.110261255,0.00202976773,0.112319788,0.00532087092,0.113549049
46,4,0.0625,0.71875,-0.00391607562,0.13796085,0.00325597062,0.141448059,0.00858862992,0.144121441
46,5,0.078125,0.71875,-0.00556743142,0.161416628,0.00467458839,0.166511708,0.0122423376,0.170765848
46,6,0.09375,0.71875,-0.00717505784,0.180946667,0.00628219493,0.187718201,0.0161491253,0.193519849
46,7,0.109375,0.71875,-0.00860502018,0.196924132,0.00809311256,0.20535815,0.0202302922,0.212569097
46,8,0.125,0.71875,-0.00974993388,0.209747817,0.010133623,0.219777064,0.0244552232,0.228209961
46,9,0.140625,0.71875,-0.0105293654,0.219817353,0.0124368661,0.231343825,0.0288304645,0.240798279
46,10,0.15625,0.71875,-0.0108877424,0.227513923,0.0150379404,0.240421055,0.0333856994,0.250698153
46,11,0.171875,0.71875,-0.0107911267,0.233186539,0.0179692157,0.247341133,0.0381590976,0.258240956
46,12,0.1875,0.71875,-0.0102237088,0.23714343,0.021256105,0.252389855,0.0431843075,0.263699705
46,13,0.203125,0.71875,-0.00918451856,0.239647791,0.0249135907,0.25579815,0.0484806299,0.267279299
46,14,0.21875,0.71875,-0.00768459372,0.240917008,0.028943727,0.257740998,0.0540470244,0.269119886
46,15,0.234375,0.71875,-0.00574468531,0.241124479,0.033334225,0.258341941,0.0598598335,0.269309029
46,16,0.25,0.71875,-0.00339348114,0.240403205,0.0380580999,0.257681339,0.0658736048,0.267898244
46,17,0.265625,0.71875,-0.000666273937,0.238850492,0.0430742636,0.255806589,0.0720241531,0.26492019
46,18,0.28125,0.71875,0.00239602155,0.236533206,0.0483288855,0.252742816,0.0782329918,0.260403963
46,19,0.296875,0.71875,0.0057476001,0.233493184,0.0537573165,0.248502982,0.0844123771,0.25438702
46,20,0.3125,0.71875,0.00933833345,0.229752507,0.0592863813,0.243096662,0.0904703753,0.246923186
46,21,0.328125,0.71875,0.0131142446,0.22531845,0.0648368614,0.236537149,0.0963155351,0.238086825
46,22,0.34375,0.71875,0.0170179437,0.220187971,0.0703260193,0.228846694,0.101860886,0.227973618
46,23,0.359375,0.71875,0.0209890633,0.214351668,0.0756700459,0.22005995,0.107027095,0.216698632
46,24,0.375,0.71875,0.0249647221,0.207797175,0.0807863306,0.210225733,0.111744713,0.204392441
46,25,0.390625,0.71875,0.0288800314,0.200511966,0.0855954792,0.199407306,0.115955484,0.191196028
46,26,0.40625,0.71875,0.0326686544,0.192485549,0.0900230214,0.187681444,0.119612803,0.177255191
46,27,0.421875,0.71875,0.0362634163,0.183711057,0.0940007672,0.175136528,0.122681396,0.162715031
46,28,0.4375,0.71875,0.0395969576,0.174186204,0.0974677899,0.161869947,0.12513639,0.147715012
46,29,0.453125,0.71875,0.04260241,0.163913616,0.100371036,0.147985033,0.126961932,0.132384905
46,30,0.46875,0.71875,0.045214073,0.152900516,0.102665578,0.133587773,0.128149536,0.116841807
46,31,0.484375,0.71875,0.0473680548,0.141157778,0.104314537,0.118783451,0.128696343,0.101188276
46,32,0.5,0.71875,0.0490028462,0.128698361,0.105288735,0.103673364,0.128603427,0.0855115221
46,33,0.515625,0.71875,0.0500597879,0.115535155,0.105566106,0.0883516593,0.127874288,0.0698834636
46,34,0.53125,0.71875,0.0504833999,0.10167829,0.105130944,0.0729023188,0.126513619,0.054361436
46,35,0.546875,0.71875,0.0502215476,0.0871319669,0.103973007,0.0573962127,0.124526379,0.038989259
46,36,0.5625,0.71875,0.0492254288,0.0718909033,0.102086524,0.0418881304,0.121917218,0.0237983571
46,37,0.578125,0.71875,0.0474493841,0.0559364851,0.0994691204,0.0264136284,0.118690194,0.00880860769
46,38,0.59375,0.71875,0.0448505549,0.0392327615,0.0961206457,0.0109855072,0.114848762,-0.00597142779
46,39,0.609375,0.71875,0.0413884401,0.021722432,0.0920418897,-0.0044102837,0.110395913,-0.0205452482
46,40,0.625,0.71875,0.0370244442,0.00332302537,0.087233145,-0.0198195143,0.105334362,-0.0349305266
46,41,0.640625,0.71875,0.0317215603,-0.0160764811,0.0816925777,-0.0353254826,0.0996666122,-0.0491630258
46,42,0.65625,0.71875,0.0254443991,-0.0366182701,0.0754143794,-0.0510558597,0.0933946933,-0.0633027997
46,43,0.671875,0.71875,0.0181598758,-0.0584770797,0.0683867262,-0.06719054,0.0865193478,-0.0774432122
46,44,0.6875,0.71875,0.00983899483,-0.081859775,0.0605896525,-0.0839702548,0.0790384109,-0.0917233136
46,45,0.703125,0.71875,0.000460361058,-0.107002219,0.0519931086,-0.101705382,0.0709441714,-0.106344029
46,46,0.71875,0.71875,-0.00998369887,-0.134162125,0.0425557155,-0.120783886,0.0622196186,-0.121588316
46,47,0.734375,0.71875,-0.0214771807,-0.163605839,0.0322251234,-0.141676579,0.0528337637,-0.137844767
46,48,0.75,0.71875,-0.0339649777,-0.195585737,0.0209414835,-0.164936703,0.0427367582,-0.155632839
46,49,0.765625,0.71875,-0.0473299768,-0.230303014,0.00864645932,-0.191188952,0.0318564571,-0.175625646
46,50,0.78125,0.71875,-0.0613606029,-0.267847899,-0.00469845452,-0.221099807,0.0200995712,-0.198662567
46,51,0.796875,0.71875,-0.0757076289,-0.30810638,-0.0190787734,-0.255315541,0.00736287827,-0.225737996
46,52,0.8125,0.71875,-0.0898319911,-0.350620902,-0.034371734,-0.294345452,-0.00643660644,-0.25794272
46,53,0.828125,0.71875,-0.102951844,-0.394396217,-0.0502614109,-0.338355909,-0.021299135,-0.296317905
46,54,0.84375,0.71875,-0.114008356,-0.437656815,-0.0661219862,-0.386830512,-0.0370302128,-0.341555948
46,55,0.859375,0.71875,-0.121684792,-0.477596256,-0.0808843343,-0.43805871,-0.0530648165,-0.393452086
46,56,0.875,0.71875,-0.124525809,-0.51021215,-0.0929385332,-0.488472329,-0.0682382191,-0.450005678
46,57,0.890625,0.71875,-0.121198961,-0.530375826,-0.100181659,-0.531999169,-0.08058398,-0.506174616
46,58,0.90625,0.71875,-0.11089945,-0.53229712,-0.100366263,-0.559851724,-0.0873676858,-0.552638218
46,59,0.921875,0.71875,-0.0938162586,-0.510451944,-0.0918614699,-0.56138609,-0.085686967,-0.575574662
46,60,0.9375,0.71875,-0.0714866703,-0.460824355,-0.0747086292,-0.526504739,-0.0738616724,-0.558985578
46,61,0.953125,0.71875,-0.0468420171,-0.38205656,-0.0514673286,-0.449171436,-0.0532160276,-0.490305343
46,62,0.96875,0.71875,-0.0238506913,-0.275954581,-0.027149284,-0.330226041,-0.0289287749,-0.366972446
46,63,0.984375,0.71875,-0.00686757574,-0.146889093,-0.00801434452,-0.177164309,-0.00869318132,-0.198463422
46,64,1,0.71875,0,0,0,0,0,0
47,0,0,0.734375,0,0,0,0,0,0
47,1,0.015625,0.734375,-0.000366944665,0.0419364116,0.000256350222,0.041067546,0.000702555204,0.0399311584
47,2,0.03125,0.734375,-0.00139476762,0.07921936,0.000863212892,0.0781939296,0.00248420118,0.0769034986
47,3,0.046875,0.734375,-0.00290795149,0.111754519,0.00175183503,0.111222805,0.00510043742,0.11056119
47,4,0.0625,0.734375,-0.00468703473,0.139629529,0.00290694265,0.140110321,0.00835922572,0.140607725
47,5,0.078125,0.734375,-0.00651140554,0.163079641,0.00434025518,0.164935472,0.0121094552,0.166875556
47,6,0.09375,0.734375,-0.0081853657,0.182445014,0.00607536469,0.185889839,0.0162388063,0.189354627
47,7,0.109375,0.734375,-0.00955054334,0.198129107,0.00814005838,0.203254499,0.0206736402,0.208185471
47,8,0.125,0.734375,-0.0104888997,0.210562753,0.0105625536,0.217369845,0.0253763717,0.223625978
47,9,0.140625,0.734375,-0.0109201761,0.220175575,0.0133692667,0.228603406,0.0303388073,0.236004067
47,10,0.15625,0.734375,-0.0107966563,0.227374863,0.0165828614,0.237320072,0.0355721517,0.245668654
47,11,0.171875,0.734375,-0.010097123,0.23253129,0.0202201386,0.243857964,0.0410955183,0.252948651
47,12,0.1875,0.734375,-0.00882109646,0.235970497,0.0242898096,0.248511754,0.0469249768,0.258125438
47,13,0.203125,0.734375,-0.00698388278,0.2379694,0.0287904101,0.251523767,0.0530647345,0.261420022
47,14,0.21875,0.734375,-0.00461261305,0.238756124,0.0337086451,0.253082073,0.0595013447,0.262992899
47,15,0.234375,0.734375,-0.00174324763,0.238512503,0.0390183847,0.253324092,0.0662011306,0.262952958
47,16,0.25,0.734375,0.00158158173,0.237378286,0.0446804223,0.252343944,0.0731104769,0.261371369
47,17,0.265625,0.734375,0.00531406152,0.235456309,0.0506429916,0.250201859,0.0801583353,0.258296933
47,18,0.28125,0.734375,0.00940219095,0.232818112,0.0568429603,0.246934232,0.0872601869,0.25377031
47,19,0.296875,0.734375,0.013790438,0.229509586,0.0632075604,0.242563252,0.0943227488,0.247835561
47,20,0.3125,0.734375,0.0184201866,0.225556397,0.0696564963,0.237105403,0.101248834,0.240548286
47,21,0.328125,0.734375,0.0232300764,0.220969,0.0761042733,0.230578417,0.107941918,0.231980291
47,22,0.34375,0.734375,0.0281563073,0.215747143,0.0824626008,0.223006535,0.114310093,0.222221104
47,23,0.359375,0.734375,0.0331329615,0.20988381,0.0886427474,0.214424063,0.120269239,0.211376923
47,24,0.375,0.734375,0.0380923725,0.203368562,0.0945577428,0.204877334,0.125745283,0.199567644
47,25,0.390625,0.734375,0.0429655614,0.196190288,0.100124345,0.19442528,0.13067556,0.186922671
47,26,0.40625,0.734375,0.0476827438,0.188339344,0.105264711,0.183138821,0.135009304,0.173576137
47,27,0.421875,0.734375,0.0521739039,0.179809081,0.109907725,0.17109932,0.138707382,0.159662088
47,28,0.4375,0.734375,0.0563694218,0.170596774,0.113989965,0.158396353,0.141741403,0.145310078
47,29,0.453125,0.734375,0.0602007301,0.160703936,0.117456311,0.145125011,0.144092378,0.130641475
47,30,0.46875,0.734375,0.0636009711,0.150136021,0.120260199,0.131382945,0.145749102,0.115766668
47,31,0.484375,0.734375,0.0665056176,0.138901534,0.122363569,0.117267309,0.146706428,0.100783228
47,32,0.5,0.734375,0.0688530176,0.127010557,0.12373654,0.102871721,0.146963594,0.0857749779
47,33,0.515625,0.734375,0.0705848246,0.114472725,0.124356869,0.0882833038,0.146522713,0.0708118299
47,34,0.53125,0.734375,0.071646274,0.101294694,0.124209247,0.0735798081,0.145387533,0.0559501944
47,35,0.546875,0.734375,0.0719862762,0.0874771591,0.123284464,0.058826787,0.143562521,0.0412337166
47,36,0.5625,0.734375,0.0715573042,0.0730114944,0.121578481,0.044074714,0.141052282,0.0266940647
47,37,0.578125,0.734375,0.0703150677,0.0578760949,0.119091422,0.0293559177,0.137861315,0.0123514802
47,38,0.59375,0.734375,0.0682179858,0.0420325302,0.11582646,0.0146811666,0.133994041,-0.00178521943
47,39,0.609375,0.734375,0.0652264932,0.0254216294,0.111788586,3.57154036e-05,0.129455041,-0.0157195113
47,40,0.625,0.734375,0.0613022499,0.00795965338,0.1069832,-0.0146253721,0.12424937,-0.0294692658
47,41,0.640625,0.734375,0.0564073674,-0.0104652521,0.101414468,-0.0293827954,0.118382795,-0.0430704667
47,42,0.65625,0.734375,0.0505038266,-0.0299960711,0.0950833896,-0.044359604,0.111861763,-0.0565829946
47,43,0.671875,0.734375,0.0435533461,-0.050809068,0.0879855685,-0.059728824,0.104692852,-0.0700989753
47,44,0.6875,0.734375,0.035518082,-0.0731146192,0.080108715,-0.0757219909,0.0968814183,-0.0837542259
47,45,0.703125,0.734375,0.0263627154,-0.0971560737,0.0714300577,-0.0926382008,0.0884291925,-0.097743305
47,46,0.71875,0.734375,0.0160587429,-0.123205642,0.061914028,-0.11085291,0.0793305893,-0.112338489
47,47,0.734375,0.734375,0.00459216038,-0.151555676,0.0515109132,-0.130825131,0.0695677399,-0.127912505
47,48,0.75,0.734375,-0.00802374787,-0.182502552,0.0401576932,-0.153100767,0.0591046378,-0.144963856
47,49,0.765625,0.734375,-0.0217281729,-0.216318319,0.0277831227,-0.178308334,0.047881556,-0.16414179
47,50,0.78125,0.734375,-0.0363821821,-0.253202136,0.0143204644,-0.207140617,0.0358121772,-0.186265017
47,51,0.796875,0.734375,-0.0517248687,-0.293199084,-0.000266680704,-0.240310748,0.0227880076,-0.212323367
47,52,0.8125,0.734375,-0.067315097,-0.33606961,-0.0159373282,-0.278462084,0.00869808982,-0.243443144
47,53,0.828125,0.734375,-0.0824630584,-0.381091864,-0.0324943962,-0.321996461,-0.00652274531,-0.280781365
47,54,0.84375,0.734375,-0.0961672156,-0.426788989,-0.0494651856,-0.370766766,-0.0227972871,-0.325286043
47,55,0.859375,0.734375,-0.10709066,-0.470604669,-0.0659443365,-0.423569806,-0.0397376349,-0.377216857
47,56,0.875,0.734375,-0.113632243,-0.50861157,-0.0804378314,-0.477408606,-0.0563952946,-0.435281824
47,57,0.890625,0.734375,-0.114157135,-0.535419714,-0.0908133491,-0.526630283,-0.070980082,-0.495291111
47,58,0.90625,0.734375,-0.107422127,-0.54450832,-0.0945419979,-0.562336223,-0.0807389741,-0.548535452
47,59,0.921875,0.734375,-0.0931407582,-0.529148715,-0.0894268286,-0.572822753,-0.0823784065,-0.580842128
47,60,0.9375,0.734375,-0.0725020105,-0.483849239,-0.0748088829,-0.545857671,-0.0734333718,-0.574178706
47,61,0.953125,0.734375,-0.0483746145,-0.405889994,-0.0527618724,-0.472727407,-0.0544020764,-0.512396007
47,62,0.96875,0.734375,-0.0250092022,-0.296231409,-0.0283652228,-0.352165744,-0.0302270226,-0.389402802
47,63,0.984375,0.734375,-0.00730431216,-0.159101168,-0.00851206323,-0.191035044,-0.00924405986,-0.21323788
47,64,1,0.734375,0,0,0,0,0,0
48,0,0,0.75,0,0,0,0,0,0
48,1,0.015625,0.75,-0.000489740028,0.0427192489,0.000170515573,0.0406899863,0.000621200483,0.0387379599
48,2,0.03125,0.75,-0.00181616024,0.0806279085,0.000579892484,0.0775260454,0.00222766913,0.0747700453
48,3,0.046875,0.75,-0.00371191251,0.113553522,0.0012340351,0.110276059,0.00465154855,0.107674025
48,4,0.0625,0.75,-0.00586773317,0.141564304,0.00218864667,0.138859639,0.00777000482,0.137112423
48,5,0.078125,0.75,-0.00798969264,0.164914959,0.00351177835,0.163343286,0.0114842368,0.162886268
48,6,0.09375,0.75,-0.00983099152,0.183985804,0.00526450678,0.183918397,0.0157138122,0.184955664
48,7,0.109375,0.75,-0.0112040969,0.199227666,0.00749372465,0.200870961,0.0203975478,0.203431532
48,8,0.125,0.75,-0.0119802392,0.21111745,0.0102313988,0.214547856,0.025494618,0.218544794
48,9,0.140625,0.75,-0.012082192,0.22012511,0.0134963317,0.225323517,0.0309827786,0.230602499
48,10,0.15625,0.75,-0.0114744753,0.22669087,0.0172961726,0.233570183,0.0368531971,0.239941442
48,11,0.171875,0.75,-0.0101534795,0.231210979,0.0216286998,0.239634185,0.0431029622,0.246888131
48,12,0.1875,0.75,-0.00813879174,0.23403019,0.0264822056,0.243819583,0.0497269552,0.251730489
48,13,0.203125,0.75,-0.00546621389,0.235439307,0.0318352212,0.246379315,0.0567106672,0.254702931
48,14,0.21875,0.75,-0.00218250306,0.235676373,0.0376559747,0.247513024,0.0640250551,0.25598349
48,15,0.234375,0.75,0.00165836393,0.234930284,0.0439019481,0.247370164,0.0716239182,0.255699896
48,16,0.25,0.75,0.00599769399,0.233345895,0.0505198014,0.246056733,0.0794437463,0.253941039
48,17,0.265625,0.75,0.0107736524,0.231029883,0.0574458059,0.243644051,0.0874056229,0.25077048
48,18,0.28125,0.75,0.015922183,0.22805683,0.0646068123,0.240178248,0.0954185933,0.24623955
48,19,0.296875,0.75,0.0213775036,0.224475188,0.0719217012,0.235689446,0.103383869,0.240398372
48,20,0.3125,0.75,0.027072355,0.220312868,0.0793032068,0.23019995,0.111199307,0.233304017
48,21,0.328125,0.75,0.0329381363,0.21558233,0.0866599877,0.223731044,0.118763719,0.225025566
48,22,0.34375,0.75,0.0389050199,0.210285086,0.0938988113,0.216308219,0.125980675,0.215646296
48,23,0.359375,0.75,0.0449021062,0.204415602,0.100926731,0.207964808,0.132761578,0.205263443
48,24,0.375,0.75,0.0508576537,0.197964575,0.107653148,0.198744135,0.139027917,0.193986121
48,25,0.390625,0.75,0.0566994028,0.190921595,0.113991673,0.188700338,0.144712638,0.181932007
48,26,0.40625,0.75,0.0623549935,0.183277207,0.119861722,0.177898064,0.149760683,0.169223368
48,27,0.421875,0.75,0.0677524692,0.175024379,0.125189788,0.166411275,0.154128792,0.155982932
48,28,0.4375,0.75,0.0728208466,0.166159378,0.129910388,0.154321361,0.15778469,0.142330016
48,29,0.453125,0.75,0.0774907246,0.156682067,0.133966654,0.141714799,0.160705823,0.128377207
48,30,0.46875,0.75,0.0816948956,0.146595629,0.137310605,0.128680515,0.162877818,0.114227756
48,31,0.484375,0.75,0.0853689223,0.135905732,0.139903121,0.115307111,0.164292814,0.0999737832
48,32,0.5,0.75,0.0884516352,0.124619154,0.141713658,0.101680064,0.16494784,0.0856952374
48,33,0.515625,0.75,0.0908855078,0.112741899,0.142719761,0.0878789523,0.164843332,0.0714595248
48,34,0.53125,0.75,0.0926168708,0.100276838,0.142906413,0.0739747242,0.163981918,0.0573216281
48,35,0.546875,0.75,0.0935959277,0.0872209366,0.142265261,0.0600269781,0.162367506,0.0433245099
48,36,0.5625,0.75,0.0937765467,0.0735621118,0.140793746,0.0460811719,0.160004711,0.0294995633
48,37,0.578125,0.75,0.0931158137,0.0592758035,0.138494142,0.0321656502,0.156898613,0.0158668489
48,38,0.59375,0.75,0.0915733478,0.044321336,0.135372487,0.0182883435,0.153054813,0.00243484559
48,39,0.609375,0.75,0.0891104008,0.0286381679,0.131437381,0.0044329756,0.1484797,-0.0108005771
48,40,0.625,0.75,0.0856887924,0.0121421511,0.126698579,-0.00944539641,0.143180826,-0.0238582798
48,41,0.640625,0.75,0.0812697668,-0.00527805784,0.121165325,-0.0234256718,0.137167242,-0.0367754193
48,42,0.65625,0.75,0.0758129101,-0.0237642487,0.114844355,-0.0376269603,0.130449586,-0.0496128569
48,43,0.671875,0.75,0.0692753384,-0.0434913351,0.107737517,-0.0522158655,0.123039702,-0.0624628671
48,44,0.6875,0.75,0.0616114699,-0.0646691443,0.0998390064,-0.0674147439,0.11494949,-0.0754596542
48,45,0.703125,0.75,0.0527738517,-0.0875428794,0.0911323093,-0.0835106944,0.106188687,-0.0887932003
48,46,0.71875,0.75,0.0427157517,-0.11239157,0.0815870988,-0.100864742,0.0967613094,-0.102726864
48,47,0.734375,0.75,0.0313965971,-0.139523348,0.0711565886,-0.119920244,0.0866605904,-0.117618815
48,48,0.75,0.75,0.0187919106,-0.169265404,0.0597762782,-0.141208912,0.0758625734,-0.133946655
48,49,0.765625,0.75,0.00491019668,-0.201944579,0.0473657426,-0.165351723,0.0643190803,-0.152333186
48,50,0.78125,0.75,-0.0101797784,-0.237851203,0.0338363516,-0.193050004,0.0519518447,-0.173569019
48,51,0.796875,0.75,-0.0263070524,-0.277173465,0.0191098722,-0.225057748,0.0386514193,-0.198623909
48,52,0.8125,0.75,-0.0431379501,-0.319882712,0.00315612326,-0.262117736,0.024287635,-0.228631967
48,53,0.828125,0.75,-0.060096611,-0.365544098,-0.0139380694,-0.304828052,0.00874378625,-0.264822528
48,54,0.84375,0.75,-0.0762762668,-0.413029213,-0.0318537471,-0.353380571,-0.00800495851,-0.308341059
48,55,0.859375,0.75,-0.0903709946,-0.460131229,-0.0498695763,-0.407086064,-0.0257391182,-0.359854079
48,56,0.875,0.75,-0.100687059,-0.503145675,-0.0666564693,-0.463603316,-0.0437397365,-0.418763231
48,57,0.890625,0.75,-0.105319151,-0.536585941,-0.0801272528,-0.517895003,-0.0604452435,-0.481830936
48,58,0.90625,0.75,-0.102568038,-0.553313497,-0.0875420385,-0.561238245,-0.0731744197,-0.541239893
48,59,0.921875,0.75,-0.0915906095,-0.545372061,-0.0861477535,-0.581119205,-0.0783229774,-0.582880264
48,60,0.9375,0.75,-0.0731043867,-0.505590499,-0.0744885899,-0.563169695,-0.0726181132,-0.586961908
48,61,0.953125,0.75,-0.0498077981,-0.429549368,-0.0539813515,-0.495615096,-0.0555577895,-0.533511692
48,62,0.96875,0.75,-0.0261991954,-0.317024883,-0.0296530018,-0.37447585,-0.0316502255,-0.412130462
48,63,0.984375,0.75,-0.00777269909,-0.171898295,-0.00906130534,-0.205529532,-0.00987004784,-0.228690445
48,64,1,0.75,0,0,0,0,0,0
49,0,0,0.765625,0,0,0,0,0,0
49,1,0.015625,0.765625,-0.000666835699,0.0437525718,4.08257942e-05,0.0404876535,0.000502133971,0.0377034893
49,2,0.03125,0.765625,-0.00242043214,0.0824415324,0.000144473877,0.07713041,0.00183648387,0.0728731506
49,3,0.046875,0.765625,-0.00486233834,0.115806092,0.000420663083,0.109614051,0.00393412157,0.105018855
49,4,0.0625,0.765625,-0.00756004257,0.143907309,0.00102229104,0.137832578,0.00676304345,0.133775037
49,5,0.078125,0.765625,-0.0101233771,0.1670429,0.00209291181,0.161859612,0.0102941857,0.158931749
49,6,0.09375,0.765625,-0.0122422167,0.185659419,0.00374262183,0.181907893,0.0144911862,0.180441316
49,7,0.109375,0.765625,-0.0136961674,0.200278354,0.00604255433,0.198287607,0.0193125534,0.198404665
49,8,0.125,0.765625,-0.0143477331,0.211440848,0.00902896486,0.211367238,0.0247173479,0.213040747
49,9,0.140625,0.765625,-0.0141278976,0.219669811,0.0127106863,0.221538632,0.0306692678,0.224645488
49,10,0.15625,0.765625,-0.0130198813,0.22544615,0.0170764438,0.229187704,0.0371372562,0.23354847
49,11,0.171875,0.765625,-0.0110442046,0.229195606,0.0221004871,0.234671931,0.0440928745,0.240074893
49,12,0.1875,0.765625,-0.00824640784,0.231283231,0.0277462132,0.238305233,0.051505742,0.244517733
49,13,0.203125,0.765625,-0.00468772014,0.232013111,0.0339680887,0.240349998,0.0593385827,0.247121922
49,14,0.21875,0.765625,-0.000438421491,0.231631546,0.0407124294,0.241015346,0.0675431548,0.248079648
49,15,0.234375,0.765625,0.00442657915,0.230332306,0.0479176093,0.240460266,0.0760578363,0.247534267
49,16,0.25,0.765625,0.00983047505,0.228262998,0.0555141625,0.238800086,0.0848071306,0.245589664
49,17,0.265625,0.765625,0.0156960827,0.22553182,0.0634250867,0.236114848,0.0937029471,0.242322086
49,18,0.28125,0.765625,0.0219465528,0.22221426,0.0715665105,0.232458336,0.102647267,0.237792064
49,19,0.296875,0.765625,0.0285055848,0.218359414,0.0798487652,0.227866858,0.111535689,0.232054848
49,20,0.3125,0.765625,0.0352973756,0.213995764,0.0881778192,0.222367117,0.120261367,0.225168435
49,21,0.328125,0.765625,0.0422464685,0.209136335,0.0964569861,0.215982812,0.128718903,0.217198922
49,22,0.34375,0.765625,0.0492776085,0.203783174,0.104588793,0.208739792,0.136807856,0.208223245
49,23,0.359375,0.765625,0.0563156748,0.197931176,0.112476893,0.200669726,0.144435651,0.19832968
49,24,0.375,0.765625,0.0632857239,0.191571265,0.120027921,0.191812391,0.151519734,0.187616583
49,25,0.390625,0.765625,0.0701131595,0.184692948,0.127153192,0.182216706,0.157988931,0.176189905
49,26,0.40625,0.765625,0.076724025,0.177286278,0.133770179,0.171940706,0.163784028,0.164159983
49,27,0.421875,0.765625,0.0830454037,0.169343228,0.139803713,0.161050654,0.168857644,0.151638082
49,28,0.4375,0.765625,0.0890059007,0.160858519,0.14518688,0.149619488,0.173173523,0.138733048
49,29,0.453125,0.765625,0.0945361749,0.151829887,0.14986161,0.137724794,0.176705383,0.125548347
49,30,0.46875,0.765625,0.0995694795,0.142257823,0.15377895,0.125446478,0.179435482,0.112179676
49,31,0.484375,0.765625,0.104042171,0.132144794,0.156899076,0.112864256,0.181353055,0.0987132058
49,32,0.5,0.765625,0.107894135,0.121493971,0.159191052,0.100055081,0.182452768,0.0852244608
49,33,0.515625,0.765625,0.111069097,0.110307489,0.160632394,0.0870905485,0.182733308,0.0717777514
49,34,0.53125,0.765625,0.113514752,0.0985842739,0.161208474,0.0740343079,0.182196201,0.0584260196
49,35,0.546875,0.765625,0.115182702,0.0863174833,0.160911794,0.0609394538,0.180844922,0.045210924
49,36,0.5625,0.765625,0.116028154,0.0734916084,0.159741156,0.0478458333,0.178684326,0.0321629584
49,37,0.578125,0.765625,0.116009356,0.0600792938,0.157700729,0.0347771768,0.175720398,0.019301378
49,38,0.59375,0.765625,0.115086787,0.0460379431,0.15479899,0.0217379271,0.171960287,0.00663369341
49,39,0.609375,0.765625,0.113222082,0.0313061848,0.151047514,0.00870962375,0.167412551,-0.00584552478
49,40,0.625,0.765625,0.110376753,0.0158002874,0.146459547,-0.00435331564,0.162087518,-0.0181568078
49,41,0.640625,0.765625,0.106510755,-0.000589369797,0.141048289,-0.0175285716,0.155997612,-0.030339226
49,42,0.65625,0.765625,0.101581011,-0.0180016427,0.134824821,-0.0309317963,0.149157464,-0.0424554548
49,43,0.671875,0.765625,0.0955400526,-0.0366076277,0.127795605,-0.0447234753,0.141583571,-0.0545988796
49,44,0.6875,0.765625,0.088335042,-0.0566131326,0.119959521,-0.059116783,0.133293238,-0.0669032112
49,45,0.703125,0.765625,0.0799075319,-0.0782603555,0.111304479,-0.0743862931,0.124302482,-0.0795551246
49,46,0.71875,0.765625,0.0701945692,-0.101828387,0.10180376,-0.0908771896,0.114622588,-0.0928103925
49,47,0.734375,0.765625,0.0591320582,-0.127631835,0.091412438,-0.10901431,0.104255088,-0.107013769
49,48,0.75,0.765625,0.0466618626,-0.156016151,0.0800645583,-0.129309921,0.0931851005,-0.122622345
49,49,0.765625,0.765625,0.0327450029,-0.18734663,0.0676723388,-0.152368407,0.0813734475,-0.140231061
49,50,0.78125,0.765625,0.017384571,-0.221984887,0.0541296795,-0.178884747,0.0687487451,-0.160597356
49,51,0.796875,0.765625,0.000663524054,-0.260240912,0.039324166,-0.20963052,0.0552021655,-0.184659157
49,52,0.8125,0.765625,-0.0171963809,-0.302280051,0.0231650905,-0.245414143,0.040590254,-0.213535511
49,53,0.828125,0.765625,-0.0357494879,-0.347953548,0.00564023455,-0.286986591,0.0247562101,-0.248488772
49,54,0.84375,0.765625,-0.0542173762,-0.396514606,-0.0130797577,-0.33483526,0.00758904241,-0.290803138
49,55,0.859375,0.765625,-0.0713778087,-0.446193877,-0.0324692597,-0.388767084,-0.010846435,-0.341482079
49,56,0.875,0.765625,-0.0855080685,-0.493663414,-0.0514063097,-0.44715093,-0.030064685,-0.400575699
49,57,0.890625,0.765625,-0.0944831022,-0.533538735,-0.0679259981,-0.505744714,-0.0487765574,-0.465856428
49,58,0.90625,0.765625,-0.0961492932,-0.558236862,-0.0791656368,-0.556315723,-0.0644668668,-0.530657718
49,59,0.921875,0.765625,-0.089030951,-0.558612367,-0.0818518958,-0.585876202,-0.0733256196,-0.581398434
49,60,0.9375,0.765625,-0.0732322714,-0.52563205,-0.0736444976,-0.578024073,-0.0712782298,-0.596943894
49,61,0.953125,0.765625,-0.0511396883,-0.452795185,-0.055102122,-0.517562995,-0.0566370466,-0.553363895
49,62,0.96875,0.765625,-0.0274413179,-0.338266508,-0.0310314113,-0.39708579,-0.0332153122,-0.435090544
49,63,0.984375,0.765625,-0.00828475488,-0.185300364,-0.00967656215,-0.220688046,-0.0105885599,-0.244888105
49,64,1,0.765625,0,0,0,0,0,0
50,0,0,0.78125,0,0,0,0,0,0
50,1,0.015625,0.78125,-0.00091639504,0.0451396811,-0.000146416216,0.0405455124,0.000335436488,0.036901476
50,2,0.03125,0.78125,-0.00326340636,0.0848234112,-0.000486456449,0.0771462082,0.00127849325,0.0713380577
50,3,0.046875,0.78125,-0.00645548161,0.118693133,-0.000764908231,0.109398241,0.002890637,0.102747465
50,4,0.0625,0.78125,-0.00989198996,0.146825343,-0.000696605842,0.13718739,0.00525894389,0.130752359
50,5,0.078125,0.78125,-0.0130584526,0.169597133,-3.9171423e-05,0.160622955,0.00844460465,0.155158125
50,6,0.09375,0.78125,-0.0155688861,0.187558595,0.00137852048,0.179968755,0.0124678615,0.175937296
50,7,0.109375,0.78125,-0.0171687995,0.201333182,0.00365535121,0.195584618,0.0173130064,0.19320537
50,8,0.125,0.78125,-0.0177174672,0.21154918,0.00682999072,0.207879724,0.0229404855,0.20718808
50,9,0.140625,0.78125,-0.0171626717,0.218797258,0.0108965751,0.217276038,0.0292984159,0.218182591
50,10,0.15625,0.78125,-0.0155155801,0.223607177,0.0158190678,0.224180382,0.0363301625,0.226517835
50,11,0.171875,0.78125,-0.0128293591,0.226437505,0.0215423084,0.228964415,0.0439774569,0.232519645
50,12,0.1875,0.78125,-0.00918264769,0.227673705,0.0279994576,0.231951981,0.0521800615,0.236484781
50,13,0.203125,0.78125,-0.00466770002,0.227631321,0.0351163882,0.233413099,0.0608735324,0.238665519
50,14,0.21875,0.78125,0.000617549356,0.226562074,0.0428138772,0.233563503,0.0699865613,0.239264236
50,15,0.234375,0.78125,0.00657439661,0.224661387,0.051008453,0.232568431,0.0794389771,0.238435921
50,16,0.25,0.78125,0.0131060958,0.222076392,0.0596126074,0.230549255,0.0891409941,0.236295928
50,17,0.265625,0.78125,0.0201191046,0.218913805,0.068534875,0.227591703,0.0989938543,0.232930344
50,18,0.28125,0.78125,0.0275233937,0.215247328,0.0776800909,0.223754569,0.108891697,0.228406808
50,19,0.296875,0.78125,0.0352322232,0.211124365,0.0869499733,0.219078137,0.118724314,0.222784271
50,20,0.3125,0.78125,0.0431616691,0.206571985,0.0962440594,0.213591729,0.128380381,0.216120803
50,21,0.328125,0.78125,0.0512300879,0.201602097,0.105460948,0.207320071,0.137750784,0.208479078
50,22,0.34375,0.78125,0.0593576414,0.196215879,0.114499758,0.200288313,0.146731711,0.199929548
50,23,0.359375,0.78125,0.0674659479,0.190407487,0.123261703,0.19252568,0.155227276,0.190551565
50,24,0.375,0.78125,0.075477893,0.184167091,0.131651664,0.184067836,0.163151509,0.18043284
50,25,0.390625,0.78125,0.083317607,0.177483294,0.139579681,0.17495808,0.170429657,0.169667713
50,26,0.40625,0.78125,0.0909105983,0.170344963,0.146962276,0.165247544,0.176998777,0.158354656
50,27,0.421875,0.78125,0.0981840197,0.162742503,0.153723547,0.154994573,0.182807691,0.146593437
50,28,0.4375,0.78125,0.105067035,0.154668607,0.159796011,0.144263464,0.187816387,0.134482277
50,29,0.453125,0.78125,0.111491246,0.146118488,0.165121163,0.133122729,0.191995008,0.122115248
50,30,0.46875,0.78125,0.11739114,0.137089633,0.169649765,0.121643048,0.195322561,0.109580084
50,31,0.484375,0.78125,0.122704508,0.127581076,0.173341875,0.109895009,0.197785485,0.0969564975
50,32,0.5,0.78125,0.127372781,0.117592228,0.176166656,0.0979467455,0.199376228,0.0843149845
50,33,0.515625,0.78125,0.131341251,0.107121282,0.178101979,0.0858615299,0.20009192,0.071716092
50,34,0.53125,0.78125,0.134559119,0.0961632327,0.179133867,0.0736953243,0.199933255,0.0592100143
50,35,0.546875,0.78125,0.136979338,0.084707535,0.179255803,0.061494296,0.198903631,0.0468363849
50,36,0.5625,0.78125,0.138558215,0.0727354582,0.178467914,0.0492922373,0.197008575,0.0346240869
50,37,0.578125,0.78125,0.139254753,0.0602171704,0.176776031,0.037107817,0.194255462,0.0225908879
50,38,0.59375,0.78125,0.139029719,0.0471086101,0.174190609,0.0249415583,0.190653481,0.010742693
50,39,0.609375,0.78125,0.137844441,0.0333482016,0.170725472,0.0127724183,0.186213801,-0.000927808103
50,40,0.625,0.78125,0.135659359,0.0188534777,0.166396323,0.000553829088,0.180949829,-0.0124433414
50,41,0.640625,0.78125,0.132432371,0.00351768454,0.161218959,-0.0117909458,0.174877422,-0.0238453655
50,42,0.65625,0.78125,0.128117059,-0.0127935461,0.155207102,-0.024374277,0.168014902,-0.0351988158
50,43,0.671875,0.78125,0.122660918,-0.0302453666,0.148369789,-0.0373505656,0.160382638,-0.0465986414
50,44,0.6875,0.78125,0.11600378,-0.0490366236,0.140708255,-0.0509236171,0.152001951,-0.0581785646
50,45,0.703125,0.78125,0.108076724,-0.0694024066,0.132212321,-0.0653549333,0.142893046,-0.0701225498
50,46,0.71875,0.78125,0.0988019373,-0.0916160962,0.122856358,-0.080972701,0.13307165,-0.0826794698
50,47,0.734375,0.78125,0.0880942678,-0.115990642,0.112595074,-0.0981810429,0.122544064,-0.0961813277
50,48,0.75,0.78125,0.0758657068,-0.142878349,0.101359595,-0.117468813,0.11130048,-0.111065015
50,49,0.765625,0.78125,0.06203488,-0.172667288,0.0890547596,-0.139416845,0.0993066956,-0.12789683
50,50,0.78125,0.78125,0.0465450249,-0.205769724,0.0755593313,-0.164701831,0.0864949914,-0.147397737
50,51,0.796875,0.78125,0.0293959586,-0.242592513,0.0607324092,-0.194093159,0.07275605,-0.170465418
50,52,0.8125,0.78125,0.0106979198,-0.2834697,0.044432399,-0.228433805,0.0579359402,-0.198186012
50,53,0.828125,0.78125,-0.00924355677,-0.328523103,0.0265605384,-0.268583204,0.0418464319,-0.231821316
50,54,0.84375,0.78125,-0.0298061802,-0.377400893,0.00714957969,-0.315271077,0.0243055067,-0.272738414
50,55,0.859375,0.78125,-0.0499029334,-0.428840537,-0.0134733986,-0.368759512,0.00524075317,-0.322200351
50,56,0.875,0.78125,-0.0678542844,-0.480040381,-0.0344265977,-0.428146578,-0.0150901311,-0.380833108
50,57,0.890625,0.78125,-0.0813866097,-0.525944716,-0.0539436792,-0.490135675,-0.0357029545,-0.447428754
50,58,0.90625,0.78125,-0.08791903,-0.558765648,-0.0691445726,-0.547312347,-0.0543427151,-0.516690831
50,59,0.921875,0.78125,-0.0852799551,-0.568289083,-0.0763038615,-0.586640345,-0.0671244858,-0.576068901
50,60,0.9375,0.78125,-0.0728001579,-0.543481761,-0.0721276696,-0.589919469,-0.0692180725,-0.603650481
50,61,0.953125,0.78125,-0.0523677192,-0.475340322,-0.0560834127,-0.538228182,-0.0575627806,-0.57157461
50,62,0.96875,0.78125,-0.0287658912,-0.359879817,-0.0325229619,-0.41990141,-0.034937166,-0.458178949
50,63,0.984375,0.78125,-0.00885829987,-0.199339613,-0.0103773369,-0.236560943,-0.0114212823,-0.261905757
50,64,1,0.78125,0,0,0,0,0,0
51,0,0,0.796875,0,0,0,0,0,0
51,1,0.015625,0.796875,-0.00126404844,0.0470159782,-0.000411780274,0.0409741099,0.000105344366,0.036424996
51,2,0.03125,0.796875,-0.00442080325,0.087980619,-0.00137544454,0.077748902,0.000504931898,0.0703179501
51,3,0.046875,0.796875,-0.00861668974,0.122434675,-0.00242890639,0.1098242,0.00143746346,0.101038404
51,4,0.0625,0.796875,-0.0130227924,0.15051028,-0.00310726423,0.137106841,0.00314717393,0.12822107
51,5,0.078125,0.796875,-0.0169669615,0.172719796,-0.00304148631,0.159784486,0.00580958444,0.151722831
51,6,0.09375,0.796875,-0.0199763924,0.189769766,-0.00198830396,0.17821337,0.0095133384,0.171572914
51,7,0.109375,0.796875,-0.02176611,0.202426935,0.00017893958,0.192836137,0.0142718694,0.187932041
51,8,0.125,0.796875,-0.0222031888,0.21143472,0.00349540935,0.204126014,0.0200454132,0.201055338
51,9,0.140625,0.796875,-0.0212656022,0.217467924,0.00793229635,0.212549555,0.0267623838,0.211255811
51,10,0.15625,0.796875,-0.0190052644,0.221112837,0.0134203717,0.21854197,0.0343353917,0.218869429
51,11,0.171875,0.796875,-0.0155187997,0.222862674,0.019867528,0.222491541,0.0426709432,0.224224994
51,12,0.1875,0.796875,-0.0109263477,0.223121572,0.0271704628,0.224731153,0.0516737996,0.227621658
51,13,0.203125,0.796875,-0.00535728829,0.222212914,0.035221595,0.225535578,0.061247736,0.229315422
51,14,0.21875,0.796875,0.00105865326,0.220389449,0.0439125585,0.225123281,0.0712944667,0.229514203
51,15,0.234375,0.796875,0.00819640588,0.21784376,0.0531355178,0.223661535,0.0817121576,0.228379834
51,16,0.25,0.796875,0.0159378987,0.21471829,0.0627833113,0.221273664,0.0923944452,0.226034787
51,17,0.265625,0.796875,0.0241727127,0.211114522,0.0727491425,0.218047365,0.103230407,0.222571383
51,18,0.28125,0.796875,0.032797737,0.207101142,0.082926284,0.214043238,0.114105553,0.218061605
51,19,0.296875,0.796875,0.0417163168,0.202721138,0.0932080432,0.209302889,0.124903666,0.212566164
51,20,0.3125,0.796875,0.050837215,0.1979979,0.10348809,0.203856142,0.135509201,0.206141966
51,21,0.328125,0.796875,0.0600735941,0.192940363,0.113661141,0.197727113,0.1458099,0.198847592
51,22,0.34375,0.796875,0.0693421339,0.187547314,0.123623923,0.190939037,0.155699345,0.190746753
51,23,0.359375,0.796875,0.0785623494,0.181810924,0.133276338,0.183517821,0.165079192,0.181909882
51,24,0.375,0.796875,0.0876561274,0.175719606,0.142522707,0.175494413,0.173860923,0.172414202
51,25,0.390625,0.796875,0.0965474788,0.169260243,0.151272997,0.166906094,0.181967032,0.162342637
51,26,0.40625,0.796875,0.105162485,0.162419865,0.15944396,0.157796841,0.189331606,0.151781949
51,27,0.421875,0.796875,0.113429404,0.155186791,0.166960097,0.148216919,0.195900338,0.140820472
51,28,0.4375,0.796875,0.121278898,0.147551293,0.173754418,0.138221871,0.201630061,0.12954573
51,29,0.453125,0.796875,0.12864434,0.139505782,0.179768967,0.12787104,0.206487877,0.118042173
51,30,0.46875,0.796875,0.13546214,0.131044561,0.184955102,0.117225766,0.210450034,0.106389199
51,31,0.484375,0.796875,0.141672055,0.122163154,0.189273542,0.106347364,0.213500658,0.0946595385
51,32,0.5,0.796875,0.147217426,0.112857229,0.192694198,0.0952949774,0.215630461,0.0829180267
51,33,0.515625,0.796875,0.152045298,0.103121151,0.195195804,0.0841233381,0.21683553,0.0712207251
51,34,0.53125,0.796875,0.156106366,0.0929461865,0.196765384,0.0728804838,0.217116278,0.0596143086
51,35,0.546875,0.796875,0.159354731,0.0823183873,0.19739756,0.0616054062,0.216476609,0.0481356033
51,36,0.5625,0.796875,0.161747412,0.0712161935,0.197093722,0.0503256052,0.214923325,0.0368111271
51,37,0.578125,0.796875,0.163243591,0.0596077899,0.195861055,0.0390544821,0.212465778,0.0256564725
51,38,0.59375,0.796875,0.163803593,0.0474482549,0.193711398,0.0277884867,0.209115725,0.0146753541
51,39,0.609375,0.796875,0.163387574,0.0346765446,0.190659913,0.0165039097,0.204887338,0.00385812727
51,40,0.625,0.796875,0.161953949,0.0212123579,0.186723507,0.00515319703,0.199797276,-0.00682042851
51,41,0.640625,0.796875,0.159457578,0.00695293072,0.181918945,-0.00633935087,0.193864694,-0.0174042994
51,42,0.65625,0.796875,0.155847774,-0.0082301901,0.176260579,-0.0180826264,0.18711104,-0.0279606706
51,43,0.671875,0.796875,0.151066222,-0.0244943496,0.169757635,-0.0302246284,0.179559446,-0.0385859282
51,44,0.6875,0.796875,0.145044958,-0.0420289388,0.162410968,-0.0429593151,0.171233492,-0.0494136199
51,45,0.703125,0.796875,0.13770462,-0.0610585123,0.154209294,-0.0565343962,0.16215506,-0.0606248241
51,46,0.71875,0.796875,0.12895332,-0.0818459304,0.145124908,-0.0712599425,0.152340985,-0.0724614103
51,47,0.734375,0.796875,0.118686701,-0.104695605,0.135109061,-0.0875175471,0.141798197,-0.085242599
51,48,0.75,0.796875,0.106790134,-0.129956763,0.124087309,-0.105769606,0.130517123,-0.0993849768
51,49,0.765625,0.796875,0.093144762,-0.158025948,0.11195549,-0.126568144,0.118463327,-0.115425573
51,50,0.78125,0.796875,0.0776404306,-0.189345965,0.0985775332,-0.150562396,0.10556781,-0.134046711
51,51,0.796875,0.796875,0.0602008075,-0.224393807,0.0837874756,-0.178503587,0.091717215,-0.156100106
51,52,0.8125,0.796875,0.0408292901,-0.263640536,0.0674006122,-0.211242272,0.0767467679,-0.182625893
51,53,0.828125,0.796875,0.0196879372,-0.307449448,0.0492440119,-0.249703771,0.060442041,-0.214858338
51,54,0.84375,0.796875,-0.00277745772,-0.355855229,0.0292264778,-0.294801323,0.0425629297,-0.25419746
51,55,0.859375,0.796875,-0.025662493,-0.408145773,0.00748215406,-0.347190906,0.0229191059,-0.302086441
51,56,0.875,0.796875,-0.0474088191,-0.462179737,-0.0153691573,-0.406680649,0.00155478924,-0.359631991
51,57,0.890625,0.796875,-0.065686742,-0.51347399,-0.0378310588,-0.471026739,-0.0208694885,-0.426603844
51,58,0.90625,0.796875,-0.0775481032,-0.554343517,-0.0571268697,-0.53395554,-0.0424476431,-0.499236187
51,59,0.921875,0.796875,-0.0800858324,-0.573731239,-0.0691866034,-0.582893105,-0.0593756638,-0.566523077
51,60,0.9375,0.796875,-0.0716828635,-0.558544286,-0.0697264805,-0.598244522,-0.066167537,-0.606505599
51,61,0.953125,0.796875,-0.0534846687,-0.496829452,-0.0568596668,-0.557167703,-0.0582163257,-0.587644802
51,62,0.96875,0.796875,-0.0302166647,-0.381775927,-0.0341564265,-0.442791866,-0.0368295232,-0.481232042
51,63,0.984375,0.796875,-0.00952006523,-0.214066255,-0.0111913608,-0.253211007,-0.0123974636,-0.279825272
51,64,1,0.796875,0,0,0,0,0,0
52,0,0,0.8125,0,0,0,0,0,0
52,1,0.015625,0.8125,-0.00174636845,0.0495604843,-0.000786412262,0.041920957,-0.000213286648,0.0363965441
52,2,0.03125,0.8125,-0.00599563418,0.0921760525,-0.00261288055,0.0791633343,-0.000558309706,0.0700059386
52,3,0.046875,0.8125,-0.011507948,0.127295122,-0.00471827302,0.111130061,-0.00054709397,0.100105223
52,4,0.0625,0.8125,-0.0171460304,0.155175614,-0.00639374518,0.13779997,0.00027377071,0.126380238
52,5,0.078125,0.8125,-0.0220426244,0.176550733,-0.00711190337,0.159503995,0.0022215288,0.148791961
52,6,0.09375,0.8125,-0.0256324159,0.192357743,-0.00654987819,0.176748329,0.00546208533,0.167475011
52,7,0.109375,0.8125,-0.0276122136,0.203559979,-0.00455960743,0.190100904,0.0100361634,0.182673295
52,8,0.125,0.8125,-0.0278762838,0.211048672,-0.00112159594,0.200126367,0.0158971208,0.194697566
52,9,0.140625,0.8125,-0.0264526626,0.215599334,0.00369930605,0.207351075,0.0229456562,0.203892612
52,10,0.15625,0.8125,-0.0234511106,0.217860374,0.00978904332,0.212245151,0.031055944,0.210609276
52,11,0.171875,0.8125,-0.0190249547,0.218358589,0.0170092456,0.215214324,0.0400925438,0.215181238
52,12,0.1875,0.8125,-0.0133453037,0.217512194,0.0252131936,0.216597914,0.0499195883,0.217907988
52,13,0.203125,0.8125,-0.00658493363,0.21564632,0.0342549565,0.216671003,0.060404484,0.219044852
52,14,0.21875,0.8125,0.00109085631,0.21300838,0.0439937834,0.21564958,0.0714183316,0.218799814
52,15,0.234375,0.8125,0.00952866923,0.209782142,0.0542955073,0.213697678,0.0828348671,0.217335942
52,16,0.25,0.8125,0.0185884289,0.206100085,0.0650323029,0.210935631,0.0945291808,0.214777679
52,17,0.265625,0.8125,0.028143018,0.202053967,0.0760817455,0.20744873,0.106376944,0.211219237
52,18,0.28125,0.8125,0.0380769749,0.197703724,0.0873257752,0.203295668,0.118254436,0.206733549
52,19,0.296875,0.8125,0.0482847967,0.193084887,0.0986499094,0.19851633,0.130039377,0.201380623
52,20,0.3125,0.8125,0.0586691899,0.188214707,0.109942856,0.193138631,0.141612377,0.195214569
52,21,0.328125,0.8125,0.0691394675,0.183097178,0.121096555,0.187184239,0.152858742,0.188288934
52,22,0.34375,0.8125,0.0796101958,0.177727124,0.132006587,0.180673115,0.163670378,0.180660257
52,23,0.359375,0.8125,0.0900001321,0.172093494,0.142572871,0.173626896,0.173947546,0.172389987
52,24,0.375,0.8125,0.100231456,0.166181961,0.152700532,0.166071177,0.183600308,0.163544999
52,25,0.390625,0.8125,0.110229273,0.159976936,0.162300836,0.158036826,0.192549539,0.154197031
52,26,0.40625,0.8125,0.119921353,0.153463038,0.171292105,0.149560444,0.200727459,0.14442135
52,27,0.421875,0.8125,0.129238061,0.14662609,0.179600528,0.140684115,0.208077701,0.134294981
52,28,0.4375,0.8125,0.138112432,0.13945367,0.187160821,0.131454594,0.214554943,0.123894738
52,29,0.453125,0.8125,0.146480334,0.131935246,0.193916686,0.121922046,0.220124201,0.113295274
52,30,0.46875,0.8125,0.154280668,0.124061919,0.199821075,0.112138474,0.224759876,0.102567303
52,31,0.484375,0.8125,0.161455561,0.11582579,0.204836218,0.102155912,0.228444648,0.0917760705
52,32,0.5,0.8125,0.16795049,0.107218985,0.208933466,0.0920244831,0.231168338,0.0809801127
52,33,0.515625,0.8125,0.173714291,0.098232343,0.212092919,0.0817903435,0.232926805,0.0702302751
52,34,0.53125,0.8125,0.178699015,0.088853799,0.214302889,0.0714935687,0.233720964,0.0595689354
52,35,0.546875,0.8125,0.182859589,0.0790664888,0.215559187,0.061165958,0.233555961,0.0490293374
52,36,0.5625,0.8125,0.186153243,0.0688465985,0.215864249,0.0508287422,0.232440534,0.0386349174
52,37,0.578125,0.8125,0.188538684,0.0581609895,0.215226102,0.0404901413,0.230386556,0.0283984886
52,38,0.59375,0.8125,0.189974993,0.0469646272,0.213657138,0.0301427001,0.227408729,0.0183211336
52,39,0.609375,0.8125,0.190420241,0.0351978452,0.211172691,0.0197603089,0.223524376,0.00839064054
52,40,0.625,0.8125,0.189829823,0.0227834734,0.207789347,0.00929479758,0.218753251,-0.00142069797
52,41,0.640625,0.8125,0.188154537,0.00962385987,0.203522947,-0.0013280179,0.213117261,-0.0111591291
52,42,0.65625,0.8125,0.185338434,-0.00440218993,0.19838622,-0.0122129672,0.206639965,-0.0208935671
52,43,0.671875,0.8125,0.181316518,-0.0194425511,0.192385949,-0.0235009541,0.199345688,-0.0307210934
52,44,0.6875,0.8125,0.176012395,-0.0356750219,0.185519646,-0.035375276,0.191258044,-0.0407741791
52,45,0.703125,0.8125,0.169336031,-0.0533107686,0.177771648,-0.0480688737,0.182397639,-0.0512300436
52,46,0.71875,0.8125,0.161181862,-0.0725981771,0.169108682,-0.0618724686,0.17277866,-0.0623226072
52,47,0.734375,0.8125,0.151427668,-0.0938274555,0.159474964,-0.0771434432,0.162404075,-0.0743574651
52,48,0.75,0.8125,0.13993488,-0.11733641,0.148787076,-0.0943152417,0.151259164,-0.0877301441
52,49,0.765625,0.8125,0.126551613,-0.143517584,0.13692907,-0.113907069,0.139303257,-0.102947517
52,50,0.78125,0.8125,0.111120839,-0.17282577,0.123748621,-0.136533817,0.126459878,-0.120651625
52,51,0.796875,0.8125,0.0934983268,-0.205781372,0.109055846,-0.162916238,0.112606097,-0.141644376
52,52,0.8125,0.8125,0.0735887024,-0.24295683,0.0926282431,-0.193890341,0.0975629765,-0.166910838
52,53,0.828125,0.8125,0.0514134629,-0.284916355,0.0742295973,-0.230409069,0.0810913098,-0.197637478
52,54,0.84375,0.8125,0.0272301186,-0.332050463,0.0536603529,-0.273509219,0.0629022738,-0.235215479
52,55,0.859375,0.8125,0.00172031437,-0.384209176,0.0308745871,-0.324163877,0.0427065012,-0.281192211
52,56,0.875,0.8125,-0.0237587829,-0.440016132,0.00622088457,-0.382833365,0.0203561337,-0.337044514
52,57,0.890625,0.8125,-0.046934798,-0.495805432,-0.019135959,-0.448377963,-0.00381497176,-0.403426322
52,58,0.90625,0.8125,-0.0645933669,-0.544366557,-0.0426549327,-0.515956803,-0.0283262716,-0.478184656
52,59,0.921875,0.8125,-0.0730924868,-0.574154323,-0.0600753359,-0.574040734,-0.0496318865,-0.552349007
52,60,0.9375,0.8125,-0.0696891976,-0.570082925,-0.0661407635,-0.602246405,-0.0617584865,-0.604809819
52,61,0.953125,0.8125,-0.0544698085,-0.51680652,-0.0573272889,-0.573798236,-0.0584210136,-0.600912624
52,62,0.96875,0.8125,-0.0318558129,-0.40384442,-0.0359705846,-0.465569716,-0.0389068394,-0.503997811
52,63,0.984375,0.8125,-0.0103108581,-0.229556278,-0.0121604518,-0.270717369,-0.0135607048,-0.29873528
52,64,1,0.8125,0,0,0,0,0,0
53,0,0,0.828125,0,0,0,0,0,0
53,1,0.015625,0.828125,-0.00241625725,0.0530116124,-0.00131772897,0.0435869905,-0.00066060969,0.0369833057
53,2,0.03125,0.828125,-0.00812820333,0.0977421986,-0.00432899301,0.0816807628,-0.00202333455,0.0706517574
53,3,0.046875,0.828125,-0.0153352927,0.133585072,-0.00783375798,0.113605065,-0.00323840665,0.100206324
53,4,0.0625,0.828125,-0.0224872424,0.161044956,-0.0107937724,0.139500472,-0.00357277424,0.125452447
53,5,0.078125,0.828125,-0.0284844218,0.181206181,-0.0124906637,0.159940619,-0.002538847,0.146534516
53,6,0.09375,0.828125,-0.0326754481,0.195339355,-0.0125232746,0.175661074,0.000108354163,0.16375828
53,7,0.109375,0.828125,-0.034765684,0.204670803,-0.0107392521,0.187407855,0.00442612731,0.177497006
53,8,0.125,0.828125,-0.0347080744,0.210275169,-0.00715591941,0.1958671,0.0103467699,0.188145845
53,9,0.140625,0.828125,-0.0326088967,0.213042751,-0.00189341736,0.201638916,0.0177300463,0.196096988
53,10,0.15625,0.828125,-0.0286576962,0.213685129,0.00487419583,0.205232031,0.026400994,0.201722542
53,11,0.171875,0.828125,-0.0230800072,0.212756867,0.0129513899,0.207067391,0.0361741638,0.205361349
53,12,0.1875,0.828125,-0.0161079555,0.210681551,0.0221407893,0.207485442,0.0468672074,0.207309717
53,13,0.203125,0.828125,-0.00796359281,0.207776754,0.032253688,0.206754988,0.0583069945,0.207816679
53,14,0.21875,0.828125,0.00114929631,0.204275846,0.0431145537,0.20508273,0.070331087,0.20708382
53,15,0.234375,0.828125,0.0110480749,0.200346187,0.0545618871,0.202623016,0.0827867978,0.205268985
53,16,0.25,0.828125,0.0215710206,0.196103941,0.0664471307,0.199487426,0.0955294086,0.202492711
53,17,0.265625,0.828125,0.0325754396,0.191625976,0.07863277,0.195753892,0.108420522,0.198846128
53,18,0.28125,0.828125,0.0439350588,0.186959363,0.0909903433,0.191475074,0.121327038,0.194399171
53,19,0.296875,0.828125,0.0555372593,0.182128923,0.103398759,0.186685808,0.134120898,0.189208222
53,20,0.3125,0.828125,0.067280474,0.177143229,0.115743103,0.181409496,0.146679514,0.1833226
53,21,0.328125,0.828125,0.0790719148,0.171999357,0.127913975,0.175663383,0.158886696,0.176789591
53,22,0.34375,0.828125,0.0908256959,0.166686649,0.1398073,0.169462721,0.170633828,0.169657949
53,23,0.359375,0.828125,0.102461363,0.161189664,0.151324525,0.162823876,0.181821094,0.161979952
53,24,0.375,0.828125,0.1139028,0.155490465,0.162373081,0.155766448,0.192358541,0.15381221
53,25,0.390625,0.828125,0.125077475,0.149570346,0.172867004,0.148314521,0.202166882,0.145215486
53,26,0.40625,0.828125,0.135915964,0.143411077,0.182727598,0.140497148,0.21117794,0.136253786
53,27,0.421875,0.828125,0.146351696,0.136995712,0.191884073,0.132348203,0.219334729,0.126992988
53,28,0.4375,0.828125,0.156320873,0.13030902,0.200274076,0.123905713,0.226591179,0.11749923
53,29,0.453125,0.828125,0.165762486,0.123337546,0.207844068,0.115210786,0.23291157,0.10783724
53,30,0.46875,0.828125,0.174618388,0.116069333,0.214549528,0.106306234,0.238269727,0.0980687525
53,31,0.484375,0.828125,0.182833363,0.108493331,0.220354962,0.0972349734,0.242648083,0.0882510767
53,32,0.5,0.828125,0.190355137,0.100598499,0.225233708,0.0880382767,0.246036666,0.0784358697
53,33,0.515625,0.828125,0.197134287,0.0923726263,0.229167551,0.0787539146,0.248432092,0.0686680985
53,34,0.53125,0.828125,0.20312401,0.0838008884,0.232146152,0.0694142156,0.249836626,0.0589851524
53,35,0.546875,0.828125,0.208279691,0.0748641589,0.234166292,0.0600440459,0.250257344,0.0494160332
53,36,0.5625,0.828125,0.212558272,0.0655370981,0.235230944,0.0506586906,0.249705407,0.0399805319
53,37,0.578125,0.828125,0.215917353,0.0557860398,0.235348156,0.0412615935,0.248195465,0.0306882775
53,38,0.59375,0.828125,0.218314041,0.0455666982,0.234529746,0.0318418973,0.24574514,0.0215375343
53,39,0.609375,0.828125,0.219703511,0.0348217145,0.232789768,0.0223717012,0.242374554,0.0125136054
53,40,0.625,0.828125,0.220037281,0.0234780615,0.230142722,0.0128029407,0.238105837,0.00358668659
53,41,0.640625,0.828125,0.219261216,0.0114443201,0.226601458,0.00306377607,0.232962511,-0.00529101357
53,42,0.65625,0.828125,0.217313276,-0.00139217058,0.222174697,-0.00694562842,0.226968645,-0.0141890976
53,43,0.671875,0.828125,0.21412106,-0.0151683106,0.216864121,-0.0173580545,0.220147638,-0.0232040074
53,44,0.6875,0.828125,0.209599218,-0.0300484518,0.210660943,-0.0283450135,0.212520461,-0.0324655706
53,45,0.703125,0.828125,0.203646838,-0.0462279798,0.20354192,-0.040123432,0.204103136,-0.0421454394
53,46,0.71875,0.828125,0.196144991,-0.063937568,0.19546478,-0.0529632583,0.194903213,-0.052467847
53,47,0.734375,0.828125,0.186954674,-0.0834486223,0.186363121,-0.0671959415,0.184914959,-0.0637231036
53,48,0.75,0.828125,0.175915634,-0.105080708,0.176140944,-0.0832237126,0.174112986,-0.0762841582
53,49,0.765625,0.828125,0.162846894,-0.129211907,0.164667155,-0.101529688,0.16244413,-0.0906262871
53,50,0.78125,0.828125,0.147550739,-0.15629268,0.151770604,-0.122689172,0.14981764,-0.107349551
53,51,0.796875,0.828125,0.129823744,-0.18686167,0.137236695,-0.14738321,0.136094184,-0.127203204
53,52,0.8125,0.828125,0.109482155,-0.221555672,0.120807781,-0.176416023,0.121074954,-0.151111106
53,53,0.828125,0.828125,0.0864152819,-0.261090864,0.102192629,-0.210735881,0.104493609,-0.180197635
53,54,0.84375,0.828125,0.0606896937,-0.306162081,0.0810984529,-0.251446312,0.0860173046,-0.215812651
53,55,0.859375,0.828125,0.0327344303,-0.357156871,0.0573172464,-0.299751438,0.0652734493,-0.259540301
53,56,0.875,0.828125,0.00362855974,-0.413524625,0.0309300612,-0.356670103,0.0419474594,-0.313110518
53,57,0.890625,0.828125,-0.0245444458,-0.472639406,0.00272317664,-0.422150922,0.0160594426,-0.377921439
53,58,0.90625,0.828125,-0.0484542645,-0.528185828,-0.0251353211,-0.493016164,-0.0113926147,-0.453419272
53,59,0.921875,0.828125,-0.0637876677,-0.568635408,-0.0483997233,-0.559407274,-0.0373114899,-0.533090862
53,60,0.9375,0.828125,-0.0665170015,-0.577166964,-0.0609407269,-0.600992569,-0.0554889928,-0.597716472
53,61,0.953125,0.828125,-0.0552695011,-0.534662837,-0.0573197594,-0.587337881,-0.0579143409,-0.610496449
53,62,0.96875,0.828125,-0.033769736,-0.425934878,-0.038018374,-0.487958703,-0.0411860833,-0.526092351
53,63,0.984375,0.828125,-0.0112943589,-0.245922068,-0.0133513351,-0.289181592,-0.0149827879,-0.318732111
53,64,1,0.828125,0,0,0,0,0,0
54,0,0,0.84375,0,0,0,0,0,0
54,1,0.015625,0.84375,-0.00335169905,0.0576886877,-0.00207830095,0.04624995,-0.00130073767,0.0384198787
54,2,0.03125,0.84375,-0.0110095273,0.105095088,-0.00670977285,0.0856793633,-0.00405788271,0.0725837356
54,3,0.046875,0.84375,-0.0203532224,0.141654161,-0.0120427744,0.11759484,-0.00688388662,0.101654663
54,4,0.0625,0.84375,-0.0292880086,0.168324743,-0.0166002705,0.142456876,-0.00867398468,0.125680679
54,5,0.078125,0.84375,-0.0364554064,0.186738939,-0.019447229,0.161233497,-0.0087464671,0.145110832
54,6,0.09375,0.84375,-0.0411485966,0.198639005,-0.0201231155,0.174996918,-0.00678962734,0.160510037
54,7,0.109375,0.84375,-0.0431313504,0.205592605,-0.0185051904,0.184733549,-0.00275414229,0.17243488
54,8,0.125,0.84375,-0.0424634377,0.208891885,-0.0146807328,0.191280532,0.00324692815,0.181393647
54,9,0.140625,0.84375,-0.0393675246,0.209548956,-0.00885147738,0.19532096,0.011013048,0.187838388
54,10,0.15625,0.84375,-0.0341397371,0.208331485,-0.00126996829,0.197400343,0.0203063859,0.192165158
54,11,0.171875,0.84375,-0.0270948575,0.205808848,0.00779933308,0.197947731,0.0308825039,0.194715024
54,12,0.1875,0.84375,-0.0185357168,0.202395779,0.0181016743,0.197295616,0.0425070799,0.195775157
54,13,0.203125,0.84375,-0.00873822902,0.198389068,0.0294023509,0.195697239,0.0549633043,0.195580972
54,14,0.21875,0.84375,0.00205406334,0.193996712,0.0414900937,0.193341381,0.0680535574,0.194320011
54,15,0.234375,0.84375,0.0136300272,0.189360418,0.0541764962,0.190365101,0.0815980196,0.192137621
54,16,0.25,0.84375,0.0258081683,0.184572721,0.0672934776,0.186864748,0.0954320476,0.189143955
54,17,0.265625,0.84375,0.0384326457,0.179689928,0.0806900472,0.182905517,0.109403464,0.185421607
54,18,0.28125,0.84375,0.0513689997,0.174741904,0.0942291315,0.178529679,0.123370386,0.181033173
54,19,0.296875,0.84375,0.0645001046,0.169739472,0.107784869,0.17376357,0.137199831,0.176028147
54,20,0.3125,0.84375,0.0777225947,0.164680052,0.121240545,0.168623415,0.150767102,0.170448771
54,21,0.328125,0.84375,0.0909438613,0.159551956,0.134487189,0.163120042,0.163955793,0.16433462
54,22,0.34375,0.84375,0.104079627,0.154337676,0.147422777,0.157262566,0.176658229,0.157725858
54,23,0.359375,0.84375,0.117052058,0.149016389,0.15995191,0.151061115,0.188776098,0.150665274
54,24,0.375,0.84375,0.129788351,0.143565849,0.171985872,0.144528698,0.200221121,0.143199211
54,25,0.390625,0.84375,0.142219727,0.137963773,0.183442915,0.13768231,0.210915588,0.135377632
54,26,0.40625,0.84375,0.154280746,0.132188817,0.194248664,0.130543374,0.220792679,0.127253503
54,27,0.421875,0.84375,0.16590888,0.12622118,0.204336557,0.123137637,0.229796523,0.118881742
54,28,0.4375,0.84375,0.177044285,0.12004288,0.213648227,0.115494599,0.237881975,0.110317898
54,29,0.453125,0.84375,0.187629676,0.113637731,0.222133777,0.107646594,0.245014152,0.101616727
54,30,0.46875,0.84375,0.197610283,0.106991041,0.229751903,0.0996275793,0.251167755,0.0928307895
54,31,0.484375,0.84375,0.206933807,0.100089041,0.236469844,0.0914717329,0.256326252,0.0840091316
54,32,0.5,0.84375,0.21555033,0.092918061,0.242263149,0.0832118946,0.260480965,0.0751961043
54,33,0.515625,0.84375,0.223412139,0.0854634702,0.247115249,0.0748778997,0.263630129,0.0664303146
54,34,0.53125,0.84375,0.230473407,0.0777083951,0.251016844,0.0664948275,0.265777961,0.0577436833
54,35,0.546875,0.84375,0.236689708,0.0696322266,0.253965097,0.0580811658,0.266933779,0.0491605564
54,36,0.5625,0.84375,0.242017323,0.0612089372,0.255962645,0.049646878,0.267111167,0.0406967956
54,37,0.578125,0.84375,0.246412301,0.0524052204,0.257016423,0.0411913391,0.266327213,0.0323587559
54,38,0.59375,0.84375,0.249829278,0.0431784692,0.257136271,0.0327010889,0.264601762,0.0241420451
54,39,0.609375,0.84375,0.252220001,0.0334746054,0.256333323,0.0241473329,0.261956677,0.0160299432
54,40,0.625,0.84375,0.253531579,0.0232257685,0.254618135,0.0154831073,0.258415025,0.00799134508
54,41,0.640625,0.84375,0.253704441,0.012347865,0.251998494,0.00664000715,0.254000132,-2.19364203e-05
54,42,0.65625,0.84375,0.252670022,0.00073796582,0.248476868,-0.00247562987,0.248734391,-0.0080786942
54,43,0.671875,0.84375,0.250348199,-0.0117284932,0.244047411,-0.0119871997,0.242637709,-0.0162729102
54,44,0.6875,0.84375,0.246644537,-0.0252008004,0.238692458,-0.0220530756,0.235725447,-0.0247296769
54,45,0.703125,0.84375,0.241447402,-0.0398565415,0.232378437,-0.0328727114,0.228005655,-0.0336127949
54,46,0.71875,0.84375,0.234625061,-0.0559060123,0.225051171,-0.044693669,0.219475368,-0.0431344301
54,47,0.734375,0.84375,0.226022934,-0.0735980984,0.216630582,-0.0578196064,0.210115715,-0.0535672386
54,48,0.75,0.84375,0.215461232,-0.0932286303,0.207004918,-0.0726192765,0.19988554,-0.0652593156
54,49,0.765625,0.84375,0.202733487,-0.115152689,0.19602475,-0.089536729,0.188713347,-0.0786521718
54,50,0.78125,0.84375,0.187607029,-0.139802619,0.183497175,-0.109103356,0.176487513,-0.0943016785
54,51,0.796875,0.84375,0.169827847,-0.167712789,0.16918089,-0.131953415,0.163045132,-0.112901689
54,52,0.8125,0.84375,0.149135424,-0.199548368,0.152783418,-0.158846275,0.148160388,-0.135310263
54,53,0.828125,0.84375,0.125299504,-0.236123894,0.133963554,-0.190699741,0.131534296,-0.162579829
54,54,0.84375,0.84375,0.0982019759,-0.278369611,0.112347919,-0.228633837,0.112789543,-0.195995319
54,55,0.859375,0.84375,0.0680023636,-0.327148042,0.0875865306,-0.273995485,0.0914805328,-0.237122366
54,56,0.875,0.84375,0.0354341851,-0.382737256,0.0595081496,-0.328239295,0.0671508349,-0.287830507
54,57,0.890625,0.84375,0.00224845544,-0.443722608,0.028492914,-0.392312581,0.0395333069,-0.350086248
54,58,0.90625,0.84375,-0.0283136532,-0.505123335,-0.00379643096,-0.464833903,0.00911293665,-0.424813723
54,59,0.921875,0.84375,-0.0514246435,-0.556091586,-0.0333881186,-0.538235328,-0.0216518985,-0.508252629
54,60,0.9375,0.84375,-0.0616757677,-0.578601092,-0.0534999225,-0.593326369,-0.0466667112,-0.584206968
54,61,0.953125,0.84375,-0.055755315,-0.549553786,-0.0565587859,-0.596720589,-0.0562970694,-0.615215533
54,62,0.96875,0.84375,-0.0360731761,-0.447819562,-0.0403676497,-0.50953814,-0.0436835198,-0.546929364
54,63,0.984375,0.84375,-0.0125724398,-0.263326014,-0.0148757816,-0.308735743,-0.0167909645,-0.339921363
54,64,1,0.84375,0,0,0,0,0,0
55,0,0,0.859375,0,0,0,0,0,0
55,1,0.015625,0.859375,-0.00467075312,0.0640211397,-0.00318008791,0.0502967633,-0.00223601173,0.0410411885
55,2,0.03125,0.859375,-0.014898646,0.114743722,-0.010016788,0.0916452362,-0.00690832573,0.0762349063
55,3,0.046875,0.859375,-0.0268585379,0.151863553,-0.0176854878,0.123495562,-0.0118195197,0.104822426
55,4,0.0625,0.859375,-0.0377594925,0.17714714,-0.0241416053,0.146904926,-0.0153822872,0.127315027
55,5,0.078125,0.859375,-0.0459918181,0.193066769,-0.0282319324,0.163463464,-0.0167156395,0.144650159
55,6,0.09375,0.859375,-0.0508682867,0.202015299,-0.0294872697,0.174719036,-0.015478921,0.157765955
55,7,0.109375,0.859375,-0.052295805,0.205985644,-0.0278728145,0.181965472,-0.0116751181,0.16746045
55,8,0.125,0.859375,-0.0505106392,0.206511343,-0.0235935542,0.186213387,-0.0054990467,0.174378655
55,9,0.140625,0.859375,-0.0459007558,0.20471905,-0.0169661033,0.188228151,0.00276304869,0.17903753
55,10,0.15625,0.859375,-0.0388994227,0.201412462,-0.00834214576,0.18858122,0.0127946358,0.181853086
55,11,0.171875,0.859375,-0.0299275363,0.197152847,0.00193361605,0.187695748,0.0242834924,0.183160655
55,12,0.1875,0.859375,-0.0193662247,0.192324922,0.0135440226,0.185882424,0.0369391957,0.183228917
55,13,0.203125,0.859375,-0.00754702822,0.187186974,0.0262072543,0.183366569,0.0504999796,0.182270201
55,14,0.21875,0.859375,0.00524838684,0.18190759,0.0396774402,0.180308585,0.0647333575,0.180449105
55,15,0.234375,0.859375,0.0187838187,0.176592082,0.0537415637,0.176819632,0.0794334927,0.177890494
55,16,0.25,0.859375,0.032862215,0.171301322,0.068214801,0.172973875,0.0944172771,0.174687266
55,17,0.265625,0.859375,0.0473189863,0.166065145,0.0829355583,0.168818238,0.109520334,0.17090779
55,18,0.28125,0.859375,0.0620157359,0.160891904,0.0977609084,0.164380252,0.124593608,0.166602804
55,19,0.296875,0.859375,0.0768347592,0.155775328,0.112562769,0.159674395,0.139500816,0.161811507
55,20,0.3125,0.859375,0.0916744265,0.150699472,0.127224937,0.154707176,0.154116802,0.156566638
55,21,0.328125,0.859375,0.106445431,0.145642325,0.14164095,0.149481151,0.168326645,0.150898464
55,22,0.34375,0.859375,0.121067829,0.140578453,0.15571269,0.143998001,0.182025357,0.144837645
55,23,0.359375,0.859375,0.135468758,0.135480939,0.169349572,0.13826078,0.195117946,0.138417059
55,24,0.375,0.859375,0.149580737,0.130322795,0.182468202,0.132275443,0.207519647,0.13167272
55,25,0.390625,0.859375,0.163340437,0.125077952,0.194992332,0.12605173,0.21915618,0.124643928
55,26,0.40625,0.859375,0.176687819,0.119721924,0.206853012,0.119603507,0.229963903,0.117372851
55,27,0.421875,0.859375,0.189565567,0.114232172,0.217988822,0.112948639,0.239889804,0.109903692
55,28,0.4375,0.859375,0.20191872,0.108588225,0.228346095,0.106108493,0.248891284,0.102281601
55,29,0.453125,0.859375,0.213694455,0.102771548,0.237879072,0.0991071109,0.256935748,0.0945514601
55,30,0.46875,0.859375,0.224841929,0.0967652022,0.246549936,0.0919701678,0.264,0.0867566521
55,31,0.484375,0.859375,0.235312153,0.0905532838,0.254328696,0.0847237274,0.270069506,0.0789378667
55,32,0.5,0.859375,0.245057822,0.0841201669,0.2611929,0.077392871,0.275137545,0.0711319932
55,33,0.515625,0.859375,0.254033071,0.0774495497,0.267127166,0.0700002191,0.279204295,0.0633711024
55,34,0.53125,0.859375,0.262193101,0.0705233189,0.272122532,0.0625643683,0.282275894,0.0556815025
55,35,0.546875,0.859375,0.269493652,0.0633202433,0.276175618,0.0550982447,0.284363494,0.0480828271
55,36,0.5625,0.859375,0.275890272,0.0558145054,0.279287592,0.0476073639,0.285482324,0.0405870972
55,37,0.578125,0.859375,0.281337367,0.0479740843,0.281462952,0.040087968,0.285650757,0.0331976826
55,38,0.59375,0.859375,0.285787001,0.0397589982,0.282708091,0.0325249971,0.28488937,0.0259080708
55,39,0.609375,0.859375,0.28918742,0.0311194132,0.283029634,0.0248898372,0.283219951,0.0187003428
55,40,0.625,0.859375,0.2914813,0.0219936214,0.282432506,0.0171377705,0.280664414,0.0115432309
55,41,0.640625,0.859375,0.292603689,0.0123058778,0.280917696,0.00920504343,0.27724356,0.00438962065
55,42,0.65625,0.859375,0.29247967,0.00196407165,0.278479641,0.00100545417,0.272975576,-0.00282667382
55,43,0.671875,0.859375,0.291021736,-0.0091428262,0.275103166,-0.00757364502,0.267874187,-0.0101950638
55,44,0.6875,0.859375,0.288126911,-0.0211476543,0.270759904,-0.0166760396,0.2619463,-0.0178335168
55,45,0.703125,0.859375,0.283673667,-0.034208504,0.265404104,-0.0264821453,0.255188975,-0.0258953605
55,46,0.71875,0.859375,0.277518683,-0.0485131008,0.258967791,-0.0372154035,0.2475855,-0.034577907
55,47,0.734375,0.859375,0.269493533,-0.0642847928,0.251355238,-0.0491496882,0.239100314,-0.0441332756
55,48,0.75,0.859375,0.259401399,-0.0817912605,0.242436859,-0.0626178809,0.229672492,-0.0548817901
55,49,0.765625,0.859375,0.247014004,-0.101357705,0.232042682,-0.0780219456,0.219207573,-0.06722826
55,50,0.78125,0.859375,0.23206924,-0.123387039,0.219955751,-0.0958453113,0.207567632,-0.0816813363
55,51,0.796875,0.859375,0.214270805,-0.148390065,0.205905947,-0.116669453,0.19455982,-0.0988760785
55,52,0.8125,0.859375,0.193293449,-0.177027328,0.189564913,-0.141198687,0.179924098,-0.11960027
55,53,0.828125,0.859375,0.168802823,-0.210157416,0.170543523,-0.170300381,0.163321518,-0.14482679
55,54,0.84375,0.859375,0.140510369,-0.24886494,0.148396576,-0.205069289,0.144325289,-0.175758888
55,55,0.859375,0.859375,0.108303983,-0.29438908,0.122650955,-0.246911669,0.122419769,-0.213901593
55,56,0.875,0.859375,0.0725210808,-0.347770717,0.0929066435,-0.297576486,0.0970259472,-0.261163293
55,57,0.890625,0.859375,0.0344359384,-0.408891567,0.0591321727,-0.358846341,0.06762373,-0.31988354
55,58,0.90625,0.859375,-0.00305848855,-0.474512729,0.0223706191,-0.431135131,0.034185423,-0.392234067
55,59,0.921875,0.859375,-0.0349052211,-0.535273294,-0.0139852838,-0.509703783,-0.00163940022,-0.477311214
55,60,0.9375,0.859375,-0.0543537908,-0.572836293,-0.04288501,-0.577821901,-0.0343173096,-0.563071301
55,61,0.953125,0.859375,-0.0556349259,-0.560265429,-0.0545568892,-0.600470154,-0.0529362138,-0.61347964
55,62,0.96875,0.859375,-0.0389028781,-0.469117753,-0.0430859616,-0.529641708,-0.0463903984,-0.565598456
55,63,0.984375,0.859375,-0.0143120879,-0.281995244,-0.0169275034,-0.329549242,-0.0192184845,-0.362415631
55,64,1,0.859375,0,0,0,0,0,0
56,0,0,0.875,0,0,0,0,0,0
56,1,0.015625,0.875,-0.00655840373,0.0725873336,-0.00479814259,0.056266738,-0.00362995413,0.0453282044
56,2,0.03125,0.875,-0.0201415737,0.127282873,-0.0146081992,0.100184763,-0.0109255633,0.0821672435
56,3,0.046875,0.875,-0.0351536579,0.164515008,-0.0251570693,0.131719658,-0.0184705531,0.110128624
56,4,0.0625,0.875,-0.0479680641,0.187458024,-0.0337088687,0.153003321,-0.0240851052,0.130576799
56,5,0.078125,0.875,-0.0568128724,0.199847733,-0.0389488519,0.166579162,-0.0267294897,0.145207466
56,6,0.09375,0.875,-0.0611715824,0.204942992,-0.0405026897,0.1746378,-0.0261132674,0.155469515
56,7,0.109375,0.875,-0.0612282205,0.205234957,-0.0385145349,0.178839834,-0.0223614293,0.162455005
56,8,0.125,0.875,-0.0574902498,0.202496836,-0.0333705954,0.180373821,-0.0157990995,0.16695548
56,9,0.140625,0.875,-0.0505689643,0.197937739,-0.0255409834,0.180069552,-0.00682773864,0.169544706
56,10,0.15625,0.875,-0.0410656341,0.192358265,-0.0154971119,0.178500624,0.00414169307,0.170644715
56,11,0.171875,0.875,-0.0295202247,0.18627565,-0.00367280698,0.176061562,0.0167224229,0.170570464
56,12,0.1875,0.875,-0.0163942653,0.180015271,0.00955051721,0.173021978,0.0305665368,0.16955867
56,13,0.203125,0.875,-0.00207098329,0.173774457,0.0238459782,0.169563821,0.0453688588,0.16778681
56,14,0.21875,0.875,0.013136749,0.167665865,0.0389370689,0.165807072,0.0608649668,0.165386498
56,15,0.234375,0.875,0.0289757061,0.16174659,0.0545908434,0.16182774,0.0768263966,0.162453701
56,16,0.25,0.875,0.045241396,0.156037553,0.0706104516,0.157670753,0.0930549262,0.159057113
56,17,0.265625,0.875,0.0617681182,0.150536408,0.0868280942,0.15335941,0.109377065,0.155245277
56,18,0.28125,0.875,0.0784204404,0.145226131,0.103098914,0.148902468,0.125639343,0.151052691
56,19,0.296875,0.875,0.095086164,0.140080781,0.119296017,0.144299542,0.141704639,0.146504952
56,20,0.3125,0.875,0.111670674,0.13506938,0.13530662,0.139545234,0.157449555,0.141622943
56,21,0.328125,0.875,0.128092499,0.130158553,0.151029226,0.134632289,0.172762696,0.136426064
56,22,0.34375,0.875,0.144279885,0.12531435,0.166371678,0.129553944,0.187543683,0.130934557
56,23,0.359375,0.875,0.160168212,0.120503481,0.181249906,0.124305602,0.201702656,0.125170984
56,24,0.375,0.875,0.175698073,0.115694169,0.195587222,0.118885939,0.215160096,0.119160978
56,25,0.390625,0.875,0.190813892,0.11085669,0.209313982,0.1132975,0.227846776,0.112933376
56,26,0.40625,0.875,0.205462954,0.105963688,0.222367496,0.107546884,0.239703724,0.106519879
56,27,0.421875,0.875,0.219594736,0.100990279,0.234692072,0.101644553,0.250682108,0.0999543607
56,28,0.4375,0.875,0.233160474,0.0959139914,0.246239088,0.095604349,0.260742982,0.0932719535
56,29,0.453125,0.875,0.246112869,0.0907145218,0.256967035,0.0894427528,0.269856878,0.0865080116
56,30,0.46875,0.875,0.258405875,0.0853733432,0.266841465,0.0831779554,0.278003243,0.079697031
56,31,0.484375,0.875,0.26999452,0.0798731484,0.275834823,0.0768287698,0.285169743,0.072871586
56,32,0.5,0.875,0.28083469,0.0741971434,0.28392612,0.0704134253,0.291351448,0.0660613152
56,33,0.515625,0.875,0.290882853,0.0683281915,0.291100439,0.063948267,0.296549942,0.0592919657
56,34,0.53125,0.875,0.300095656,0.062247814,0.297348279,0.0574463752,0.30077237,0.0525844847
56,35,0.546875,0.875,0.308429386,0.055935056,0.3026647,0.0509161061,0.304030449,0.0459541271
56,36,0.5625,0.875,0.315839236,0.0493652221,0.3070483,0.0443595436,0.306339455,0.0394095324
56,37,0.578125,0.875,0.322278361,0.0425084914,0.310499981,0.0377708396,0.307717171,0.0329517092
56,38,0.59375,0.875,0.327696696,0.035328416,0.313021509,0.0311344072,0.3081828,0.0265728517
56,39,0.609375,0.875,0.332039506,0.0277803066,0.314613845,0.0244229183,0.307755791,0.0202548995
56,40,0.625,0.875,0.335245658,0.0198094998,0.31527519,0.017595045,0.306454557,0.0139677358
56,41,0.640625,0.875,0.337245589,0.0113494941,0.314998723,0.0105928725,0.304294999,0.00766690138
56,42,0.65625,0.875,0.337958976,0.00231991845,0.313769946,0.0033389004,0.301288771,0.00129067849
56,43,0.671875,0.875,0.337292094,-0.00737573392,0.311563579,-0.00426746257,0.297441173,-0.00524363375
56,44,0.6875,0.875,0.335134872,-0.0178527312,0.308339894,-0.0123540141,0.292748532,-0.0120444645
56,45,0.703125,0.875,0.331357667,-0.0292483133,0.304040422,-0.0210805984,0.287194901,-0.0192519956
56,46,0.71875,0.875,0.325807755,-0.0417258785,0.298582942,-0.0306448025,0.280747859,-0.0270457695
56,47,0.734375,0.875,0.318305564,-0.0554808142,0.291855702,-0.0412886752,0.273353149,-0.03565423
56,48,0.75,0.875,0.308640624,-0.0707491011,0.283710908,-0.0533067205,0.264927879,-0.0453665748
56,49,0.765625,0.875,0.296567191,-0.0878205303,0.273957598,-0.0670556204,0.255352024,-0.0565473123
56,50,0.78125,0.875,0.281799567,-0.107059421,0.262354145,-0.0829666217,0.244458077,-0.0696539253
56,51,0.796875,0.875,0.26400746,-0.128936998,0.248600758,-0.101562578,0.232018974,-0.0852581555
56,52,0.8125,0.875,0.242813016,-0.154080386,0.232332365,-0.123483851,0.217734855,-0.104071962
56,53,0.828125,0.875,0.21779498,-0.183340814,0.213112331,-0.149531405,0.201219762,-0.126981019
56,54,0.84375,0.875,0.188515097,-0.217870771,0.190428515,-0.180741269,0.181989871,-0.15509357
56,55,0.859375,0.875,0.154603094,-0.259158753,0.163699488,-0.218505552,0.159455486,-0.189823024
56,56,0.875,0.875,0.115974452,-0.308869212,0.132323392,-0.264720513,0.132924408,-0.233034468
56,57,0.890625,0.875,0.0732991787,-0.368143039,0.0958737149,-0.321776556,0.101656823,-0.287245723
56,58,0.90625,0.875,0.0288231334,-0.435782176,0.0546934341,-0.391716446,0.0651418686,-0.355550593
56,59,0.921875,0.875,-0.0126096657,-0.504796284,0.0112670849,-0.472979699,0.0240957149,-0.439749896
56,60,0.9375,0.875,-0.0431933649,-0.557871387,-0.0276764446,-0.552754764,-0.0170370037,-0.532910155
56,61,0.953125,0.875,-0.0542655974,-0.565004699,-0.0504241081,-0.596519638,-0.0467788566,-0.603142444
56,62,0.96875,0.875,-0.0423739458,-0.4891424,-0.046172991,-0.547167526,-0.0491828767,-0.580647093
56,63,0.984375,0.875,-0.0167915341,-0.302228892,-0.0198452871,-0.351821705,-0.0226870611,-0.386311762
56,64,1,0.875,0,0,0,0,0,0
57,0,0,0.890625,0,0,0,0,0,0
57,1,0.015625,0.890625,-0.00931516105,0.0841627134,-0.00721135752,0.0649049626,-0.005744626,0.0519667518
57,2,0.03125,0.890625,-0.0271772643,0.143338976,-0.0209486644,0.112004163,-0.0165822857,0.0910755053
57,3,0.046875,0.890625,-0.045425889,0.179690043,-0.0348221574,0.142596232,-0.027298498,0.117981967
57,4,0.0625,0.890625,-0.0595687192,0.198806355,-0.0453584525,0.160696709,-0.035070991,0.135573964
57,5,0.078125,0.890625,-0.0679304886,0.206270288,-0.0512573058,0.170257285,-0.0388348096,0.146678321
57,6,0.09375,0.890625,-0.0704372504,0.206430647,-0.0524232727,0.174284719,-0.0384892699,0.153397895
57,7,0.109375,0.890625,-0.0677463524,0.202304312,-0.0493097845,0.174833378,-0.0343789339,0.157146282
57,8,0.125,0.890625,-0.0607538244,0.195852087,-0.0425617522,0.173239836,-0.0270166506,0.158844964
57,9,0.140625,0.890625,-0.0503535433,0.188294435,-0.0328429306,0.170354668,-0.0169486596,0.159096737
57,10,0.15625,0.890625,-0.0373370172,0.180363723,-0.0207614185,0.166713044,-0.00469275172,0.158302924
57,11,0.171875,0.890625,-0.0223641089,0.172481478,-0.00684376945,0.162648119,0.00928722427,0.156735811
57,12,0.1875,0.890625,-0.00596637996,0.164875681,0.00846789723,0.158363639,0.0245886273,0.154582481
57,13,0.203125,0.890625,0.0114365966,0.15765596,0.0248086037,0.153980017,0.04086813,0.151971771
57,14,0.21875,0.890625,0.0295174787,0.150860901,0.0418794201,0.14956372,0.057835474,0.148991567
57,15,0.234375,0.890625,0.0480222329,0.144487435,0.0594357194,0.145146249,0.0752455834,0.145700535
57,16,0.25,0.890625,0.0667537023,0.13850891,0.0772762819,0.140736624,0.0928905894,0.142136598
57,17,0.265625,0.890625,0.0855580651,0.132886101,0.0952338882,0.136329776,0.110592627,0.138323374
57,18,0.28125,0.890625,0.104314024,0.127573858,0.113167585,0.131912329,0.128197809,0.13427523
57,19,0.296875,0.890625,0.12292436,0.122525095,0.130956571,0.127466689,0.145571502,0.130001295
57,20,0.3125,0.890625,0.141309438,0.117693137,0.148495547,0.122973967,0.162594821,0.125508581
57,21,0.328125,0.890625,0.159402276,0.113033114,0.165691292,0.118416093,0.179162194,0.120804336
57,22,0.34375,0.890625,0.17714486,0.108502739,0.182460271,0.11377732,0.195179765,0.115897685
57,23,0.359375,0.890625,0.19448542,0.104062752,0.198727033,0.109045236,0.210564419,0.110800646
57,24,0.375,0.890625,0.21137645,0.099677115,0.214423215,0.104211368,0.225243215,0.105528601
57,25,0.390625,0.890625,0.227773307,0.0953130717,0.229486983,0.0992714571,0.239153056,0.1001003
57,26,0.40625,0.890625,0.243633232,0.0909410804,0.243862756,0.0942254163,0.252240462,0.0945375183
57,27,0.421875,0.890625,0.258914692,0.086534652,0.257501104,0.089077047,0.264461326,0.0888644341
57,28,0.4375,0.890625,0.273576946,0.0820700921,0.270358711,0.0838335297,0.275780609,0.0831068316
57,29,0.453125,0.890625,0.287579754,0.0775261471,0.282398343,0.078504734,0.286171919,0.0772911996
57,30,0.46875,0.890625,0.300883174,0.072883551,0.293588748,0.0731023789,0.295616971,0.0714437871
57,31,0.484375,0.890625,0.313447376,0.0681244686,0.303904464,0.0676390727,0.304104926,0.0655896613
57,32,0.5,0.890625,0.325232442,0.0632318341,0.313325491,0.0621272551,0.311631624,0.0597517934
57,33,0.515625,0.890625,0.336198084,0.0581885841,0.321836819,0.0565780601,0.318198728,0.0539501804
57,34,0.53125,0.890625,0.346303271,0.0529767856,0.329427786,0.0510001072,0.323812799,0.0482009956
57,35,0.546875,0.890625,0.355505703,0.0475766637,0.336091274,0.045398223,0.32848431,0.0425157424
57,36,0.5625,0.890625,0.363761109,0.0419655309,0.341822709,0.0397720836,0.332226613,0.0369003755
57,37,0.578125,0.890625,0.371022352,0.0361166245,0.346618875,0.034114759,0.33505484,0.0313543377
57,38,0.59375,0.890625,0.377238287,0.0299978528,0.350476502,0.0284111327,0.336984744,0.0258694506
57,39,0.609375,0.890625,0.38235238,0.0235704511,0.353390618,0.0226361565,0.338031426,0.0204285852
57,40,0.625,0.890625,0.386301033,0.0167875387,0.35535261,0.016752893,0.338207921,0.0150040233
57,41,0.640625,0.890625,0.389011624,0.00959255964,0.356347959,0.0107102872,0.337523573,0.00955540722
57,42,0.65625,0.890625,0.390400227,0.00191756672,0.35635357,0.00444059793,0.335982116,0.00402715243
57,43,0.671875,0.890625,0.390369004,-0.00631872247,0.355334618,-0.00214359221,0.333579357,-0.00165482494
57,44,0.6875,0.890625,0.388803258,-0.0152132274,0.353240832,-0.00915288285,0.330300309,-0.00758724567
57,45,0.703125,0.890625,0.385568122,-0.0248813865,0.350002086,-0.0167251938,0.326115623,-0.0138946881
57,46,0.71875,0.890625,0.380504871,-0.0354609986,0.345523229,-0.0250306833,0.320977063,-0.0207361544
57,47,0.734375,0.890625,0.373426784,-0.0471176624,0.339678049,-0.0342776545,0.314811796,-0.0283132952
57,48,0.75,0.890625,0.364114447,-0.0600528867,0.332302345,-0.0447197772,0.307515176,-0.0368806655
57,49,0.765625,0.890625,0.352310291,-0.0745166478,0.323186136,-0.0566651823,0.298941739,-0.0467584582
57,50,0.78125,0.890625,0.337711992,-0.0908273088,0.312065141,-0.0704884709,0.288894185,-0.0583482864
57,51,0.796875,0.890625,0.31996435,-0.109403514,0.298611741,-0.0866476727,0.277110325,-0.072152856
57,52,0.8125,0.890625,0.298649594,-0.130814849,0.282425599,-0.10571026,0.263248341,-0.0888010572
57,53,0.828125,0.890625,0.273278061,-0.155859496,0.263023852,-0.128396531,0.24687121,-0.109081806
57,54,0.84375,0.890625,0.243287706,-0.185673055,0.23983045,-0.155656446,0.22743154,-0.133994611
57,55,0.859375,0.890625,0.208078762,-0.221848435,0.212165912,-0.188806546,0.204257889,-0.16483613
57,56,0.875,0.890625,0.167150705,-0.266466801,0.179252105,-0.229750713,0.176543652,-0.20336463
57,57,0.890625,0.890625,0.120482227,-0.321740249,0.140302229,-0.281216383,0.143352103,-0.252101001
57,58,0.90625,0.890625,0.0693693317,-0.388603885,0.0949284455,-0.346528501,0.10373832,-0.314672959
57,59,0.921875,0.890625,0.0178391207,-0.463256795,0.0443984256,-0.427333904,0.0574317508,-0.395132342
57,60,0.9375,0.890625,-0.0259218215,-0.531180361,-0.005686046,-0.516130708,0.007237796,-0.49219673
57,61,0.953125,0.890625,-0.0502722553,-0.561084848,-0.0424934183,-0.581973608,-0.036003535,-0.581333767
57,62,0.96875,0.890625,-0.0464225528,-0.506591816,-0.0493445368,-0.560220529,-0.0515552052,-0.589690251
57,63,0.984375,0.890625,-0.0204703125,-0.32436919,-0.0242011334,-0.375722233,-0.0279054811,-0.411598507
57,64,1,0.890625,0,0,0,0,0,0
58,0,0,0.90625,0,0,0,0,0,0
58,1,0.015625,0.90625,-0.0134386227,0.099764598,-0.0108705965,0.0772154024,-0.00900016198,0.0619104901
58,2,0.03125,0.90625,-0.0364677465,0.163393601,-0.029560573,0.127795563,-0.024440243,0.103721116
58,3,0.046875,0.90625,-0.0573965292,0.196906463,-0.0467449566,0.156129446,-0.0385942262,0.12861733
58,4,0.0625,0.90625,-0.0711915,0.209962623,-0.0584225863,0.169438469,-0.0481497295,0.14211311
58,5,0.078125,0.90625,-0.0768514667,0.210716264,-0.0637021357,0.173643982,-0.0523147916,0.148625745
58,6,0.09375,0.90625,-0.0751859225,0.204758856,-0.0630609725,0.172690278,-0.0513946822,0.151013639
58,7,0.109375,0.90625,-0.0675817295,0.195551531,-0.057431817,0.168978313,-0.0460753367,0.150982386
58,8,0.125,0.90625,-0.0554433661,0.185104027,-0.0478025201,0.163906967,-0.0371170097,0.149525205
58,9,0.140625,0.90625,-0.0399842855,0.174520932,-0.0350643556,0.158269218,-0.0252352764,0.147220807
58,10,0.15625,0.90625,-0.0221784439,0.164368831,-0.0199684922,0.152501463,-0.0110604859,0.144408831
58,11,0.171875,0.90625,-0.00277661247,0.154905012,-0.00312647006,0.146832247,0.00487043814,0.141289085
58,12,0.1875,0.90625,0.0176562908,0.146214566,0.0149731527,0.141369605,0.0221087726,0.137977764
58,13,0.203125,0.90625,0.0387015006,0.138290598,0.0339438361,0.136152298,0.0402834404,0.134539963
58,14,0.21875,0.90625,0.06005136,0.131080229,0.0534807076,0.131179956,0.0590888743,0.131009044
58,15,0.234375,0.90625,0.0814808166,0.124510366,0.0733427023,0.126430878,0.0782731585,0.127398586
58,16,0.25,0.90625,0.102825232,0.118501721,0.0933377171,0.121872584,0.0976273781,0.12371007
58,17,0.265625,0.90625,0.123963543,0.112976086,0.113310699,0.117468107,0.116976589,0.119938057
58,18,0.28125,0.90625,0.144805699,0.107859836,0.133134345,0.113179785,0.136172509,0.116073816
58,19,0.296875,0.90625,0.165283381,0.103085368,0.152702023,0.108971579,0.155087851,0.112107941
58,20,0.3125,0.90625,0.185343215,0.0985914643,0.17192251,0.104810513,0.173612102,0.108032252
58,21,0.328125,0.90625,0.204941841,0.0943231312,0.190716195,0.100667565,0.191648512,0.10384112
58,22,0.34375,0.90625,0.22404237,0.0902312061,0.209012421,0.0965182031,0.209112038,0.0995323309
58,23,0.359375,0.90625,0.242611866,0.0862718914,0.226747712,0.092342659,0.225927995,0.0951075342
58,24,0.375,0.90625,0.260619583,0.0824062818,0.243864644,0.0881259891,0.242031202,0.090572341
58,25,0.390625,0.90625,0.278035766,0.0785999085,0.26031119,0.0838579585,0.257365441,0.0859361292
58,26,0.40625,0.90625,0.294830855,0.0748223028,0.276040376,0.079532762,0.271883079,0.0812116093
58,27,0.421875,0.90625,0.310974981,0.0710465658,0.291010123,0.0751485978,0.285544749,0.0764142134
58,28,0.4375,0.90625,0.326437655,0.0672489297,0.305183197,0.0707071102,0.298319014,0.0715613602
58,29,0.453125,0.90625,0.341187591,0.0634082938,0.318527168,0.0662127165,0.310181969,0.0666716493
58,30,0.46875,0.90625,0.355192585,0.0595057205,0.331014332,0.0616718346,0.32111675,0.0617640238
58,31,0.484375,0.90625,0.36841941,0.0555238802,0.34262156,0.0570920264,0.331112948,0.0568569333
58,32,0.5,0.90625,0.380833675,0.0514464358,0.353330017,0.0524810701,0.340165927,0.0519675136
58,33,0.515625,0.90625,0.392399622,0.0472573619,0.363124763,0.0478459718,0.348276059,0.0471107911
58,34,0.53125,0.90625,0.403079802,0.0429401954,0.371994188,0.04319192,0.355447872,0.0422989026
58,35,0.546875,0.90625,0.41283462,0.0384772183,0.379929279,0.0385211832,0.361689141,0.0375403133
58,36,0.5625,0.90625,0.421621713,0.0338485732,0.386922701,0.0338319427,0.367009886,0.0328390025
58,37,0.578125,0.90625,0.429395119,0.0290313131,0.392967687,0.0291170468,0.371421313,0.0281935776
58,38,0.59375,0.90625,0.436104241,0.0239983876,0.398056682,0.0243626646,0.374934635,0.0235962656
58,39,0.609375,0.90625,0.441692546,0.018717561,0.402179747,0.0195468107,0.377559772,0.0190317226
58,40,0.625,0.90625,0.446096009,0.0131502561,0.405322661,0.0146377034,0.379303867,0.0144755889
58,41,0.640625,0.90625,0.449241257,0.00725030042,0.407464666,0.0095919126,0.380169556,0.0098927061
58,42,0.65625,0.90625,0.451043397,0.000962538236,0.408575807,0.00435224126,0.380152915,0.00523489495
58,43,0.671875,0.90625,0.451403507,-0.00577876509,0.40861376,-0.00115472479,0.379240956,0.000438173237
58,44,0.6875,0.90625,0.450205752,-0.0130518495,0.407520076,-0.00702148171,0.377408544,-0.00458073106
58,45,0.703125,0.90625,0.447314087,-0.020949927,0.405215711,-0.0133629957,0.374614553,-0.00992874932
58,46,0.71875,0.90625,0.442568477,-0.0295845398,0.401595739,-0.0203207661,0.370797027,-0.0157419423
58,47,0.734375,0.90625,0.435780506,-0.0390903898,0.396523119,-0.0280677915,0.365867088,-0.0221923426
58,48,0.75,0.90625,0.426728189,-0.0496326083,0.389821419,-0.0368148068,0.359701272,-0.0294965177
58,49,0.765625,0.90625,0.415149589,-0.0614180753,0.38126642,-0.0468184159,0.352131946,-0.0379263217
58,50,0.78125,0.90625,0.400734649,-0.0747134799,0.370576558,-0.0583922269,0.342935508,-0.0478225116
58,51,0.796875,0.90625,0.38311424,-0.0898746007,0.357402202,-0.071923036,0.33181814,-0.0596123113
58,52,0.8125,0.90625,0.361845117,-0.107394097,0.341313651,-0.0878959613,0.318399162,-0.0738328459
58,53,0.828125,0.90625,0.336389759,-0.127978926,0.321787359,-0.106936255,0.302192368,-0.0911642177
58,54,0.84375,0.90625,0.30609296,-0.152671471,0.298188876,-0.129883329,0.282586095,-0.112480249
58,55,0.859375,0.90625,0.270168397,-0.183021752,0.269749678,-0.157927208,0.258822486,-0.138935136
58,56,0.875,0.90625,0.227742161,-0.221272677,0.235538005,-0.19285683,0.229974356,-0.172128683
58,57,0.890625,0.90625,0.178082304,-0.270361665,0.194453645,-0.237452897,0.194916573,-0.214440392
58,58,0.90625,0.90625,0.121293074,-0.33313907,0.145408357,-0.295812643,0.152322817,-0.269630241
58,59,0.921875,0.90625,0.0598784351,-0.40950513,0.0882360016,-0.372365207,0.100970849,-0.343249372
58,60,0.9375,0.90625,0.00122184492,-0.489760011,0.026462549,-0.46586292,0.0415706329,-0.439474869
58,61,0.953125,0.90625,-0.0407923905,-0.544503967,-0.0276274187,-0.552861147,-0.0174037188,-0.544349443
58,62,0.96875,0.90625,-0.050330944,-0.518944343,-0.0514343877,-0.565459811,-0.051928614,-0.588745147
58,63,0.984375,0.90625,-0.0260514893,-0.348651445,-0.0308435913,-0.401166242,-0.0358614561,-0.437866967
58,64,1,0.90625,0,0,0,0,0,0
59,0,0,0.921875,0,0,0,0,0,0
59,1,0.015625,0.921875,-0.0197147877,0.12063046,-0.0164845004,0.0944655356,-0.0140505289,0.0764069948
59,2,0.03125,0.921875,-0.0481129617,0.187296882,-0.040737745,0.147878523,-0.0349210432,0.12066957
59,3,0.046875,0.921875,-0.0693353176,0.214413797,-0.0599094657,0.171458245,-0.0518406772,0.141691454
59,4,0.0625,0.921875,-0.0790240762,0.218261292,-0.070319515,0.177653888,-0.0616560261,0.149294529
59,5,0.078125,0.921875,-0.0779463314,0.21026471,-0.072231045,0.174895671,-0.0643987119,0.149923274
59,6,0.09375,0.921875,-0.0684116674,0.19716091,-0.0671122208,0.1680144,-0.0610764938,0.14715844
59,7,0.109375,0.921875,-0.0527944484,0.182561755,-0.0565668683,0.159574926,-0.0528519643,0.14286861
59,8,0.125,0.921875,-0.0330616986,0.168254643,-0.0419940634,0.150872374,-0.0407860342,0.138004904
59,9,0.140625,0.921875,-0.0107014058,0.155029512,-0.0245183026,0.14252064,-0.025776575,0.133040214
59,10,0.15625,0.921875,0.0132143608,0.14315605,-0.00500958607,0.134775158,-0.00855939515,0.12819721
59,11,0.171875,0.921875,0.037936373,0.132646743,0.0158723384,0.127706474,0.010272357,0.123566553
59,12,0.1875,0.921875,0.0629522874,0.123397568,0.0376324811,0.121293333,0.0302447838,0.119169479
59,13,0.203125,0.921875,0.0879179151,0.115260891,0.0599011492,0.115472462,0.050980738,0.11499167
59,14,0.21875,0.921875,0.11260583,0.108081585,0.0824020687,0.110164854,0.0721799281,0.111001849
59,15,0.234375,0.921875,0.13686832,0.101713564,0.104927596,0.10528924,0.0936021175,0.107162031
59,16,0.25,0.921875,0.160611249,0.0960261839,0.127319893,0.100768628,0.115053393,0.103433168
59,17,0.265625,0.921875,0.183775852,0.0909056331,0.149456877,0.0965331483,0.136375248,0.0997782424
59,18,0.28125,0.921875,0.206326158,0.0862540202,0.17124189,0.0925210054,0.15743614,0.0961639675
59,19,0.296875,0.921875,0.228240358,0.0819875787,0.192596215,0.0886785235,0.178125122,0.0925617018
59,20,0.3125,0.921875,0.249504907,0.0780346778,0.213453745,0.084959794,0.198347189,0.0889479202
59,21,0.328125,0.921875,0.270110532,0.0743339584,0.233757288,0.0813261819,0.21801998,0.0853044001
59,22,0.34375,0.921875,0.290049558,0.0708327143,0.253456073,0.077745804,0.237071524,0.0816182023
59,23,0.359375,0.921875,0.309314156,0.0674855392,0.272504147,0.0741930132,0.255438758,0.0778814823
59,24,0.375,0.921875,0.327895228,0.0642532148,0.290859415,0.0706478897,0.273066581,0.0740911538
59,25,0.390625,0.921875,0.345781746,0.061101799,0.308483136,0.0670957252,0.289907271,0.0702484223
59,26,0.40625,0.921875,0.362960395,0.0580018653,0.325339705,0.0635264838,0.305920107,0.0663582105
59,27,0.421875,0.921875,0.379415417,0.0549278522,0.341396634,0.0599342257,0.321071091,0.0624284993
59,28,0.4375,0.921875,0.395128602,0.0518574817,0.356624606,0.0563164849,0.335332685,0.0584696115
59,29,0.453125,0.921875,0.410079329,0.0487712171,0.370997557,0.0526735985,0.348683523,0.0544934638
59,30,0.46875,0.921875,0.424244643,0.0456517329,0.384492722,0.0490079869,0.361108048,0.0505128087
59,31,0.484375,0.921875,0.437599307,0.0424833787,0.397090592,0.0453233882,0.372596076,0.0465404844
59,32,0.5,0.921875,0.450115803,0.0392516215,0.408774773,0.0416240512,0.383142262,0.0425886825
59,33,0.515625,0.921875,0.461764241,0.0359424575,0.419531697,0.0379138884,0.392745483,0.0386682349
59,34,0.53125,0.921875,0.472512155,0.0325417873,0.429350184,0.0341955921,0.401408132,0.0347879135
59,35,0.546875,0.921875,0.482324161,0.0290347527,0.438220826,0.03046971,0.409135314,0.0309537287
59,36,0.5625,0.921875,0.491161436,0.025405032,0.446135178,0.026733675,0.415933958,0.027168203
59,37,0.578125,0.921875,0.498981017,0.0216340964,0.453084734,0.0229807787,0.421811808,0.0234295886
59,38,0.59375,0.921875,0.505734877,0.0177004263,0.459059666,0.0191990725,0.426776291,0.0197309916
59,39,0.609375,0.921875,0.511368774,0.0135786825,0.464047293,0.0153701774,0.430833213,0.0160593539
59,40,0.625,0.921875,0.515820834,0.00923882722,0.468030231,0.0114679739,0.433985234,0.0123942395
59,41,0.640625,0.921875,0.519019857,0.00464517163,0.470984193,0.00745714113,0.436230073,0.0087063587
59,42,0.65625,0.921875,0.520883319,-0.000244682941,0.472875352,0.00329150423,0.437558331,0.00495575246
59,43,0.671875,0.921875,0.521315028,-0.005481077,0.473657204,-0.00108786106,0.437950841,0.00108954565
59,44,0.6875,0.921875,0.5202024,-0.0111238077,0.473266828,-0.00575483374,0.437375394,-0.00296084307
59,45,0.703125,0.921875,0.517413285,-0.0172441113,0.471620446,-0.0108008569,0.435782669,-0.00728317057
59,46,0.71875,0.921875,0.51279223,-0.0239274174,0.468608129,-0.0163380912,0.433101132,-0.0119886892
59,47,0.734375,0.921875,0.506156015,-0.0312773745,0.464087527,-0.0225033348,0.429230644,-0.0172175399
59,48,0.75,0.921875,0.497288168,-0.0394219695,0.457876441,-0.0294630782,0.424034444,-0.0231455234
59,49,0.765625,0.921875,0.485931955,-0.0485231085,0.44974405,-0.0374203209,0.417329123,-0.0299926946
59,50,0.78125,0.921875,0.471781018,-0.0587919599,0.439400563,-0.0466242528,0.408872169,-0.0380344807
59,51,0.796875,0.921875,0.454466269,-0.0705139818,0.426484981,-0.0573847657,0.39834667,-0.0476165101
59,52,0.8125,0.921875,0.433536834,-0.0840903674,0.410550435,-0.0700954178,0.38534278,-0.0591752846
59,53,0.828125,0.921875,0.408431815,-0.100107339,0.391046046,-0.0852717568,0.369335664,-0.0732687394
59,54,0.84375,0.921875,0.378439372,-0.119451693,0.367292924,-0.103618765,0.349659693,-0.0906247302
59,55,0.859375,0.921875,0.342643453,-0.143497636,0.338449151,-0.126155674,0.325478203,-0.112224391
59,56,0.875,0.921875,0.299877914,-0.174380708,0.30345467,-0.15445468,0.295745755,-0.139458717
59,57,0.890625,0.921875,0.248772941,-0.215291162,0.260951851,-0.191086736,0.259152652,-0.174449461
59,58,0.90625,0.921875,0.188150657,-0.270400016,0.209246524,-0.240310857,0.214035403,-0.220727234
59,59,0.921875,0.921875,0.11835173,-0.343185566,0.146701997,-0.308388096,0.158339148,-0.284380158
59,60,0.9375,0.921875,0.0442978815,-0.430509536,0.0739028122,-0.400267288,0.090491689,-0.373822162
59,61,0.953125,0.921875,-0.0200684473,-0.509532059,-3.19988722e-05,-0.504076671,0.0146008533,-0.48783452
59,62,0.96875,0.921875,-0.0514279494,-0.521332718,-0.0489025256,-0.557004356,-0.0460559379,-0.571232514
59,63,0.984375,0.921875,-0.0343219502,-0.374700134,-0.0405538374,-0.42715662,-0.0472318566,-0.463527121
59,64,1,0.921875,0,0,0,0,0,0
60,0,0,0.9375,0,0,0,0,0,0
60,1,0.015625,0.9375,-0.0290459546,0.14787756,-0.0249331093,0.117953147,-0.0217344639,0.0968315332
60,2,0.03125,0.9375,-0.0602788545,0.21301413,-0.053341953,0.171220528,-0.0473304713,0.141511264
60,3,0.046875,0.9375,-0.075313692,0.227817577,-0.069964786,0.185711216,-0.0638153395,0.155352313
60,4,0.0625,0.9375,-0.0735296925,0.218573637,-0.0736159264,0.181760048,-0.0698481264,0.154671145
60,5,0.078125,0.9375,-0.0591578905,0.200103855,-0.0669063648,0.170436688,-0.0671494455,0.148046213
60,6,0.09375,0.9375,-0.0366063461,0.179606973,-0.052774327,0.157026102,-0.0577808757,0.139466892
60,7,0.109375,0.9375,-0.00927312704,0.160201563,-0.0336217842,0.143860156,-0.0435020956,0.130691926
60,8,0.125,0.9375,0.0205049823,0.143010984,-0.0112285743,0.131858401,-0.0256935873,0.122449816
60,9,0.140625,0.9375,0.0512196555,0.128244872,0.0131423324,0.121284741,-0.00540700066,0.114994168
60,10,0.15625,0.9375,0.0819421892,0.115731052,0.0386159244,0.112110822,0.0165667222,0.108359899
60,11,0.171875,0.9375,0.112126986,0.105167086,0.0645953001,0.104190179,0.0396363493,0.102484906
60,12,0.1875,0.9375,0.141472537,0.0962330237,0.0906777071,0.0973407941,0.0633607879,0.0972693833
60,13,0.203125,0.9375,0.169828371,0.0886370559,0.116593468,0.0913827105,0.087410336,0.0926048192
60,14,0.21875,0.9375,0.197134785,0.0821298243,0.142162765,0.0861535094,0.111537056,0.0883876649
60,15,0.234375,0.9375,0.223384628,0.0765049467,0.167265589,0.0815130544,0.135552473,0.0845251213
60,16,0.25,0.9375,0.248599459,0.0715941883,0.19182109,0.0773433034,0.159311012,0.080936939
60,17,0.265625,0.9375,0.272814874,0.0672611764,0.215773524,0.0735461094,0.182697847,0.077555309
60,18,0.28125,0.9375,0.296071603,0.0633953297,0.239082792,0.0700404475,0.205620126,0.0743239416
60,19,0.296875,0.9375,0.318410222,0.0599066193,0.261718148,0.0667597254,0.228000747,0.0711968926
60,20,0.3125,0.9375,0.3398681,0.0567212908,0.28365411,0.0636494395,0.249774043,0.068137394
60,21,0.328125,0.9375,0.360477743,0.0537784801,0.304867891,0.060665236,0.270882894,0.0651167843
60,22,0.34375,0.9375,0.380265986,0.0510275821,0.32533789,0.0577713443,0.291276878,0.0621135528
60,23,0.359375,0.9375,0.399253725,0.0484262214,0.345042906,0.0549393169,0.310911154,0.0591124777
60,24,0.375,0.9375,0.417455966,0.0459386909,0.363961852,0.0521470003,0.329745858,0.056103828
60,25,0.390625,0.9375,0.434882066,0.0435347418,0.38207379,0.0493776688,0.347745815,0.0530826023
60,26,0.40625,0.9375,0.451536086,0.0411886317,0.399358165,0.0466192638,0.364880448,0.0500477889
60,27,0.421875,0.9375,0.467417191,0.0388783579,0.415795146,0.0438636974,0.381123769,0.0470016354
60,28,0.4375,0.9375,0.482520068,0.0365850179,0.431365995,0.0411061868,0.396454374,0.0439489284
60,29,0.453125,0.9375,0.496835316,0.0342922532,0.446053411,0.0383446001,0.410855414,0.0408962865
60,30,0.46875,0.9375,0.510349791,0.0319857425,0.45984181,0.0355787995,0.424314477,0.037851471
60,31,0.484375,0.9375,0.523046885,0.0296527201,0.472717493,0.0328099753,0.436823389,0.0348227198
60,32,0.5,0.9375,0.534906709,0.0272815024,0.48466869,0.0300399656,0.448377902,0.0318181061
60,33,0.515625,0.9375,0.545906171,0.0248610096,0.495685444,0.0272705611,0.458977286,0.0288449208
60,34,0.53125,0.9375,0.556018912,0.0223802747,0.505759329,0.024502791,0.468623789,0.0259090717
60,35,0.546875,0.9375,0.565215102,0.0198279372,0.514882969,0.0217361894,0.477321992,0.0230144875
60,36,0.5625,0.9375,0.573461061,0.0171917173,0.523049357,0.0189680349,0.485078032,0.0201625088
60,37,0.578125,0.9375,0.580718701,0.0144578721,0.530250934,0.0161925582,0.491898678,0.0173512439
60,38,0.59375,0.9375,0.586944754,0.0116106303,0.536478431,0.0134001056,0.497790239,0.0145748607
60,39,0.609375,0.9375,0.592089787,0.00863160464,0.541719414,0.0105762458,0.502757275,0.0118227797
60,40,0.625,0.9375,0.59609698,0.00549917348,0.545956522,0.0077008026,0.506801052,0.00907872828
60,41,0.640625,0.9375,0.598900638,0.00218781541,0.549165339,0.00474679125,0.509917687,0.00631960938
60,42,0.65625,0.9375,0.600424426,-0.0013326326,0.551311851,0.00167923117,0.512095896,0.0035141278
60,43,0.671875,0.9375,0.600579274,-0.00509784667,0.552349408,-0.00154620037,0.513314242,0.00062111032
60,44,0.6875,0.9375,0.599260921,-0.0091501069,0.552215125,-0.00498472401,0.51353775,-0.00241255936
60,45,0.703125,0.9375,0.596346994,-0.0135397561,0.5508256,-0.00870429648,0.512713716,-0.00565448689
60,46,0.71875,0.9375,0.591693508,-0.0183272693,0.548071828,-0.0127878472,0.510766509,-0.00918991733
60,47,0.734375,0.9375,0.585130557,-0.0235863285,0.543813149,-0.0173361036,0.507591086,-0.0131256554
60,48,0.75,0.9375,0.576456847,-0.0294085489,0.537870018,-0.0224713298,0.50304491,-0.0175949964
60,49,0.765625,0.9375,0.565432484,-0.0359109248,0.530015304,-0.0283425379,0.496937852,-0.022764046
60,50,0.78125,0.9375,0.551769016,-0.0432477936,0.519963719,-0.0351331578,0.489019586,-0.0288400593
60,51,0.796875,0.9375,0.535115081,-0.0516304165,0.50735873,-0.043072908,0.478963848,-0.0360829227
60,52,0.8125,0.9375,0.515034895,-0.0613596424,0.491755936,-0.052457027,0.466348759,-0.0448218392
60,53,0.828125,0.9375,0.490974986,-0.0728814638,0.472601082,-0.0636787438,0.450632148,-0.0554811302
60,54,0.84375,0.9375,0.462212044,-0.0868831098,0.449199272,-0.0772864345,0.431120263,-0.0686227887
60,55,0.859375,0.9375,0.427772326,-0.104460294,0.42066845,-0.0940889542,0.406927117,-0.085021199
60,56,0.875,0.9375,0.386316427,-0.127402164,0.385862969,-0.115359529,0.376918703,-0.105803131
60,57,0.890625,0.9375,0.336014054,-0.158634408,0.343241678,-0.14324475,0.339627914,-0.132730039
60,58,0.90625,0.9375,0.274559028,-0.202717859,0.290660036,-0.181562789,0.293103191,-0.168816738
60,59,0.921875,0.9375,0.199850022,-0.265652355,0.225226308,-0.237021496,0.234634269,-0.219705658
60,60,0.9375,0.9375,0.112637544,-0.351339834,0.144213936,-0.319128924,0.160613835,-0.295736574
60,61,0.953125,0.9375,0.0229218385,-0.448778136,0.0505219915,-0.430055809,0.0693194819,-0.407801816
60,62,0.96875,0.9375,-0.0418377941,-0.50469084,-0.0325020057,-0.524937972,-0.0237970478,-0.526912437
60,63,0.984375,0.9375,-0.0448379519,-0.400079394,-0.0520815665,-0.450068767,-0.0597502933,-0.483922905
60,64,1,0.9375,0,0,0,0,0,0
61,0,0,0.953125,0,0,0,0,0,0
61,1,0.015625,0.953125,-0.0403423152,0.180909314,-0.0356942993,0.147807489,-0.0318483672,0.123737466
61,2,0.03125,0.953125,-0.0633183356,0.23356462,-0.0600164087,0.1929102,-0.0558822085,0.162750445
61,3,0.046875,0.953125,-0.0576155614,0.227664635,-0.0624752901,0.191732219,-0.0626534356,0.164209109
61,4,0.0625,0.953125,-0.032029166,0.202105491,-0.0485989328,0.174595467,-0.0558525393,0.152628635
61,5,0.078125,0.953125,0.00423616046,0.173341364,-0.0246810556,0.154054071,-0.0399451333,0.137856023
61,6,0.09375,0.953125,0.0449521454,0.147276146,0.00474143639,0.13472982,-0.0182781996,0.12351109
61,7,0.109375,0.953125,0.0864890282,0.125450427,0.0367606706,0.118029173,0.00685788564,0.110781321
61,8,0.125,0.953125,0.126936368,0.107761861,0.0696158485,0.104108258,0.0339404434,0.099909809
61,9,0.140625,0.953125,0.165405778,0.0935923056,0.102288966,0.0926761414,0.0619731991,0.0907799041
61,10,0.15625,0.953125,0.201577089,0.0822487189,0.134223188,0.0833221907,0.0903129811,0.0831538596
61,11,0.171875,0.953125,0.235426763,0.0731163958,0.165139051,0.0756446915,0.118549895,0.0767724873
61,12,0.1875,0.953125,0.267073415,0.0656961832,0.194918586,0.0692951652,0.146425938,0.071395492
61,13,0.203125,0.953125,0.296693504,0.0595986426,0.223533993,0.0639874042,0.173780462,0.0668154017
61,14,0.21875,0.953125,0.324477302,0.0545253281,0.25100466,0.0594927323,0.200514071,0.0628597118
61,15,0.234375,0.953125,0.350607262,0.0502488893,0.277371792,0.055630915,0.226564971,0.0593880753
61,16,0.25,0.953125,0.375248483,0.0465959378,0.302683825,0.0522606935,0.25189368,0.0562877942
61,17,0.265625,0.953125,0.398545479,0.0434334892,0.326988341,0.0492714461,0.276473268,0.0534691279
61,18,0.28125,0.953125,0.420622073,0.0406586722,0.350327866,0.046576381,0.300283287,0.050861067
61,19,0.296875,0.953125,0.441582714,0.0381910812,0.372737959,0.0441072054,0.323306126,0.0484077854
61,20,0.3125,0.953125,0.461514347,0.0359671566,0.394246635,0.0418100512,0.345524978,0.0460657734
61,21,0.328125,0.953125,0.480488385,0.0339360728,0.414874575,0.0396424025,0.366922874,0.0438015649
61,22,0.34375,0.953125,0.498562586,0.0320567319,0.434635751,0.0375707897,0.387482403,0.041589942
61,23,0.359375,0.953125,0.515782763,0.0302955588,0.453538306,0.0355690512,0.407185879,0.0394125025
61,24,0.375,0.953125,0.5321843,0.028624874,0.471585526,0.0336170054,0.426015756,0.0372564935
61,25,0.390625,0.953125,0.54779348,0.0270216797,0.488776858,0.0316994116,0.443955183,0.0351138318
61,26,0.40625,0.953125,0.562628651,0.0254667405,0.505108887,0.0298051272,0.460988585,0.0329802564
61,27,0.421875,0.953125,0.576701236,0.0239438693,0.52057627,0.027926396,0.47710223,0.0308545731
61,28,0.4375,0.953125,0.590016604,0.0224393565,0.535172561,0.0260582201,0.492284701,0.0287379658
61,29,0.453125,0.953125,0.602574819,0.0209414945,0.548890926,0.0241977836,0.506527279,0.0266333608
61,30,0.46875,0.953125,0.614371254,0.0194401644,0.561724721,0.0223439052,0.519824178,0.0245448345
61,31,0.484375,0.953125,0.625397081,0.0179264603,0.573667908,0.0204965087,0.532172652,0.0224770593
61,32,0.5,0.953125,0.635639638,0.016392335,0.584715306,0.0186561003,0.543572948,0.0204347851
61,33,0.515625,0.953125,0.645082646,0.014830255,0.594862651,0.0168232491,0.554028109,0.0184223486
61,34,0.53125,0.953125,0.653706296,0.013232857,0.604106464,0.0149980666,0.563543625,0.0164432075
61,35,0.546875,0.953125,0.661487166,0.0115926033,0.612443701,0.0131796821,0.572126924,0.0144994851
61,36,0.5625,0.953125,0.668397985,0.00990143225,0.619871192,0.0113657101,0.579786702,0.0125915173
61,37,0.578125,0.953125,0.674407216,0.00815040421,0.626384829,0.00955170422,0.586532077,0.0107173824
61,38,0.59375,0.953125,0.679478455,0.00632934078,0.631978508,0.00773059294,0.592371542,0.00887239474
61,39,0.609375,0.953125,0.683569633,0.00442645633,0.63664279,0.00589208678,0.5973117,0.00704854055
61,40,0.625,0.953125,0.686632011,0.00242797543,0.64036326,0.00402204841,0.601355721,0.00523382687
61,41,0.640625,0.953125,0.688608951,0.00031772527,0.643118542,0.002101812,0.604501491,0.00341151426
61,42,0.65625,0.953125,0.689434442,-0.00192331876,0.644877944,0.000107435604,0.606739354,0.00155919726
61,43,0.671875,0.953125,0.689031346,-0.004317572,0.645598656,-0.00199113538,0.608049383,-0.000352307957
61,44,0.6875,0.953125,0.68730932,-0.00689152786,0.645222451,-0.00423102593,0.608398037,-0.00236031692
61,45,0.703125,0.953125,0.684162312,-0.00967669855,0.643671801,-0.00665755973,0.607734081,-0.00451192965
61,46,0.71875,0.953125,0.679465506,-0.0127109795,0.640845281,-0.00932564033,0.60598356,-0.00686605896
61,47,0.734375,0.953125,0.673071474,-0.0160407129,0.636612113,-0.0123015247,0.60304362,-0.00949594068
61,48,0.75,0.953125,0.664805152,-0.019723897,0.630805628,-0.015665233,0.598774849,-0.0124922893
61,49,0.765625,0.953125,0.654457019,-0.0238352774,0.623215303,-0.019514022,0.592991771,-0.0159673711
61,50,0.78125,0.953125,0.641773417,-0.0284745571,0.61357685,-0.0239676788,0.585450958,-0.0200604766
61,51,0.796875,0.953125,0.62644229,-0.033779861,0.601559495,-0.029176983,0.57583603,-0.0249456824
61,52,0.8125,0.953125,0.608071341,-0.0399502717,0.586748997,-0.0353377695,0.563738444,-0.0308435851
61,53,0.828125,0.953125,0.586153524,-0.0472844886,0.568623894,-0.0427150921,0.548632357,-0.0380402438
61,54,0.84375,0.953125,0.560011018,-0.0562490331,0.546520395,-0.0516861337,0.52984063,-0.046919699
61,55,0.859375,0.953125,0.528702666,-0.0676020186,0.519577298,-0.062819372,0.506486841,-0.0580228312
61,56,0.875,0.953125,0.490871275,-0.0826224365,0.486643573,-0.0770279081,0.477423402,-0.0721595132
61,57,0.890625,0.953125,0.444503014,-0.103533764,0.446112835,-0.0958838022,0.441115802,-0.0906339493
61,58,0.90625,0.953125,0.386609168,-0.134235983,0.395614798,-0.122295487,0.395435727,-0.11573359
61,59,0.921875,0.953125,0.31306738,-0.181264082,0.331481832,-0.161941996,0.337250149,-0.151890802
61,60,0.9375,0.953125,0.219703209,-0.253581352,0.248254404,-0.225562971,0.261599007,-0.208507375
61,61,0.953125,0.953125,0.107771833,-0.355056721,0.140830497,-0.32736073,0.161294385,-0.303423638
61,62,0.96875,0.953125,-0.00122745121,-0.453572927,0.019118947,-0.454400798,0.0362313678,-0.442162739
61,63,0.984375,0.953125,-0.050065511,-0.416537928,-0.0548178487,-0.459658626,-0.0596999221,-0.487324169
61,64,1,0.953125,0,0,0,0,0,0
62,0,0,0.96875,0,0,0,0,0,0
62,1,0.015625,0.96875,-0.0372072248,0.211195895,-0.0356711011,0.177969556,-0.0336709599,0.152713742
62,2,0.03125,0.96875,-0.0186306501,0.230287377,-0.0279087323,0.198001519,-0.0324540158,0.172316332
62,3,0.046875,0.96875,0.0332114233,0.196528408,0.00774545666,0.17429374,-0.00776722091,0.155322644
62,4,0.0625,0.96875,0.0962155434,0.156721915,0.0550209519,0.143965814,0.0280644813,0.131962843
62,5,0.078125,0.96875,0.159034256,0.123122544,0.105004538,0.117096319,0.0680603646,0.110471873
62,6,0.09375,0.96875,0.217037253,0.0973541055,0.153500835,0.0955843755,0.10863093,0.0926638729
62,7,0.109375,0.96875,0.268912684,0.0782173398,0.198810527,0.0789857438,0.148039881,0.0784732833
62,8,0.125,0.96875,0.314794808,0.0640942342,0.240466803,0.0663301058,0.18553902,0.0673345028
62,9,0.140625,0.96875,0.355349827,0.0536041513,0.278569955,0.0566774016,0.220895647,0.05862163
62,10,0.15625,0.96875,0.391363669,0.0457100675,0.313449063,0.0492607371,0.254133606,0.0517832029
62,11,0.171875,0.96875,0.42357399,0.0396707607,0.345496558,0.0434947814,0.28539216,0.0463719497
62,12,0.1875,0.96875,0.452614557,0.0349662818,0.375092373,0.0389458522,0.314850721,0.0420388159
62,13,0.203125,0.96875,0.479007922,0.031233168,0.402573372,0.0352966361,0.342690411,0.0385166859
62,14,0.21875,0.96875,0.503176481,0.0282160671,0.428224816,0.0323157104,0.369075998,0.035603156
62,15,0.234375,0.96875,0.525458668,0.0257337664,0.452281852,0.0298338896,0.394148814,0.0331455127
62,16,0.25,0.96875,0.546124833,0.0236559709,0.474934983,0.0277267544,0.418025408,0.0310286428
62,17,0.265625,0.96875,0.565390925,0.0218875862,0.496336624,0.025902068,0.44079897,0.0291657017
62,18,0.28125,0.96875,0.583429616,0.0203580949,0.516607437,0.0242908298,0.462541961,0.0274910832
62,19,0.296875,0.96875,0.600379089,0.0190143449,0.53584195,0.0228409561,0.483309132,0.0259552013
62,20,0.3125,0.96875,0.61634989,0.01781562,0.554113346,0.0215128234,0.503140511,0.0245206462
62,21,0.328125,0.96875,0.63143025,0.0167302417,0.571477486,0.0202761205,0.522064203,0.0231593594
62,22,0.34375,0.96875,0.645690225,0.0157332037,0.587976249,0.0191076134,0.540098914,0.0218505476
62,23,0.359375,0.96875,0.659184945,0.0148045069,0.603640341,0.0179895414,0.557256201,0.0205791244
62,24,0.375,0.96875,0.671957173,0.0139279737,0.618491647,0.0169084482,0.573542449,0.0193345242
62,25,0.390625,0.96875,0.684039363,0.0130903907,0.632545222,0.0158543079,0.588960584,0.0181097734
62,26,0.40625,0.96875,0.695455309,0.0122808765,0.645810983,0.0148198513,0.603511535,0.016900742
62,27,0.421875,0.96875,0.706221501,0.0114904052,0.658295132,0.013800024,0.617195465,0.0157055193
62,28,0.4375,0.96875,0.716348226,0.0107114342,0.670001349,0.0127915313,0.630012757,0.0145238789
62,29,0.453125,0.96875,0.725840473,0.00993760333,0.68093177,0.0117924403,0.641964792,0.0133568099
62,30,0.46875,0.96875,0.734698666,0.0091634804,0.691087752,0.0108018175,0.653054499,0.0122060982
62,31,0.484375,0.96875,0.74291923,0.0083843361,0.700470435,0.00981938993,0.663286705,0.0110739497
62,32,0.5,0.96875,0.750495029,0.00759593744,0.709081105,0.00884522219,0.672668279,0.00996264858
62,33,0.515625,0.96875,0.757415646,0.00679435153,0.716921348,0.00787940332,0.681208096,0.00887424361
62,34,0.53125,0.96875,0.763667531,0.00597575527,0.723993001,0.00692174116,0.688916801,0.00781025734
62,35,0.546875,0.96875,0.769234006,0.00513624815,0.730297888,0.00597146116,0.695806408,0.00677141096
62,36,0.5625,0.96875,0.774095122,0.00427166697,0.735837348,0.00502690729,0.701889708,0.0057573561
62,37,0.578125,0.96875,0.778227373,0.00337740187,0.740611539,0.00408524235,0.7071795,0.00476640359
62,38,0.59375,0.96875,0.781603253,0.00244821329,0.74461851,0.00314214419,0.711687621,0.00379523743
62,39,0.609375,0.96875,0.784190664,0.00147804861,0.747853033,0.00219149381,0.71542376,0.00283860057
62,40,0.625,0.96875,0.785952157,0.000459855415,0.750305181,0.00122505032,0.718394028,0.00188893744
62,41,0.640625,0.96875,0.786844002,-0.000614615182,0.751958628,0.000232106624,0.720599235,0.000935976694
62,42,0.65625,0.96875,0.786815085,-0.00175502761,0.75278864,-0.000800881941,0.72203283,-3.37642092e-05
62,43,0.671875,0.96875,0.785805579,-0.00297272493,0.752759735,-0.00189070687,0.722678424,-0.00103757286
62,44,0.6875,0.96875,0.783745374,-0.00428107254,0.751822951,-0.00305786985,0.722506799,-0.00209725721
62,45,0.703125,0.96875,0.780552167,-0.005695942,0.74991268,-0.00432712684,0.721472315,-0.00324000978
62,46,0.71875,0.96875,0.776129094,-0.00723643119,0.746942955,-0.00572815884,0.719508539,-0.00449945677
62,47,0.734375,0.96875,0.770361689,-0.00892597479,0.74280309,-0.0072964503,0.716522947,-0.00591694424
62,48,0.75,0.96875,0.763113812,-0.0107940937,0.73735245,-0.00907451975,0.712390438,-0.00754314728
62,49,0.765625,0.96875,0.754221975,-0.0128791896,0.730414054,-0.0111137603,0.706945368,-0.00944015502
62,50,0.78125,0.96875,0.743487113,-0.015233065,0.721766463,-0.0134773497,0.699971625,-0.0116843182
62,51,0.796875,0.96875,0.730662201,-0.0179283405,0.711133057,-0.0162450553,0.691190065,-0.0143704092
62,52,0.8125,0.96875,0.715433027,-0.0210708768,0.69816713,-0.0195214258,0.680242168,-0.0176181663
62,53,0.828125,0.96875,0.697387384,-0.024821141,0.682430017,-0.0234501417,0.666667954,-0.0215833158
62,54,0.84375,0.96875,0.675964243,-0.0294322515,0.663357221,-0.0282398391,0.649874599,-0.0264772731
62,55,0.859375,0.96875,0.650367318,-0.0353205509,0.640203104,-0.0342121315,0.629089135,-0.0326039707
62,56,0.875,0.96875,0.619413989,-0.043202512,0.611945606,-0.0418950656,0.603282251,-0.040432092
62,57,0.890625,0.96875,0.581266311,-0.0543723009,0.577112489,-0.0522159752,0.571037366,-0.0507423647
62,58,0.90625,0.96875,0.532956131,-0.0712822252,0.533444226,-0.0669317862,0.530307966,-0.0649510836
62,59,0.921875,0.96875,0.469615156,-0.0987463965,0.477209096,-0.0896611019,0.477934232,-0.0858689382
62,60,0.9375,0.96875,0.383634779,-0.146044287,0.401846985,-0.128477589,0.408555882,-0.11978081
62,61,0.953125,0.96875,0.26575492,-0.227847476,0.296233716,-0.200920352,0.312275635,-0.182434177
62,62,0.96875,0.96875,0.116637706,-0.346853496,0.148932363,-0.329289626,0.172848995,-0.30591813
62,63,0.984375,0.96875,-0.0141649262,-0.401306845,-0.00637346036,-0.43094982,0.000795328816,-0.447691537
62,64,1,0.96875,0,0,0,0,0,0
63,0,0,0.984375,0,0,0,0,0,0
63,1,0.015625,0.984375,0.0896522683,0.199539964,0.074894021,0.175716221,0.0639274671,0.156191482
63,2,0.03125,0.984375,0.211195895,0.163145972,0.177969556,0.149493642,0.152713742,0.136846706
63,3,0.046875,0.984375,0.319939645,0.112818441,0.27289554,0.108802534,0.236243799,0.103690612
63,4,0.0625,0.984375,0.407724303,0.0762826582,0.352263296,0.0773363857,0.308036385,0.0768010498
63,5,0.078125,0.984375,0.47666156,0.0525196538,0.416861354,0.0555741888,0.368206642,0.0572895748
63,6,0.09375,0.984375,0.530846847,0.0373977177,0.469359615,0.0409238303,0.418508258,0.0435315735
63,7,0.109375,0.984375,0.574015666,0.0276928718,0.51244573,0.0310632042,0.460870515,0.0338732313
63,8,0.125,0.984375,0.609064186,0.0213247174,0.548345358,0.0243488295,0.496981542,0.0270540433
63,9,0.140625,0.984375,0.6381099,0.0170234446,0.578775835,0.0196938817,0.528205017,0.0221853178
63,10,0.15625,0.984375,0.662668338,0.0140245561,0.60502276,0.0163955878,0.555603172,0.0186573462
63,11,0.171875,0.984375,0.683819967,0.0118655078,0.628036572,0.0140013814,0.57998822,0.0160553726
63,12,0.1875,0.984375,0.702339098,0.0102622516,0.648517541,0.0122183517,0.601975121,0.0140972407
63,13,0.203125,0.984375,0.718786249,0.00903671926,0.666982425,0.0108549608,0.622027036,0.0125901247
63,14,0.21875,0.984375,0.733572266,0.00807458171,0.683814178,0.0097842518,0.640491807,0.0114013093
63,15,0.234375,0.984375,0.747002316,0.00730053681,0.699298135,0.00892074826,0.657630192,0.0104386648
63,16,0.25,0.984375,0.759306033,0.00666368072,0.713648067,0.00820592155,0.67363732,0.00963763868
63,17,0.265625,0.984375,0.770658287,0.0061287066,0.727024889,0.00759899202,0.688658835,0.00895257517
63,18,0.28125,0.984375,0.781193619,0.00567050866,0.739550135,0.00707105564,0.702803021,0.00835090491
63,19,0.296875,0.984375,0.791016382,0.00527080737,0.751315719,0.00660129612,0.716149918,0.00780923508
63,20,0.3125,0.984375,0.800207964,0.0049159957,0.762391091,0.00617451478,0.728758223,0.00731070191
63,21,0.328125,0.984375,0.808832002,0.00459573732,0.772828543,0.00577949984,0.740670564,0.00684316239
63,22,0.34375,0.984375,0.816938206,0.00430203674,0.782667212,0.00540793462,0.751917582,0.00639794425
63,23,0.359375,0.984375,0.824565206,0.00402861084,0.791936156,0.00505365371,0.762521112,0.00596896719
63,24,0.375,0.984375,0.831742713,0.00377045606,0.800656753,0.00471212453,0.772496707,0.00555211066
63,25,0.390625,0.984375,0.838493179,0.00352354403,0.808844604,0.00438007529,0.781855636,0.00514474559
63,26,0.40625,0.984375,0.844833103,0.00328460246,0.816511061,0.00405521751,0.79060648,0.00474537549
63,27,0.421875,0.984375,0.850774056,0.00305095248,0.823664456,0.00373602991,0.798756378,0.00435335147
63,28,0.4375,0.984375,0.856323508,0.00282038382,0.830311085,0.00342158158,0.806311999,0.00396863852
63,29,0.453125,0.984375,0.86148549,0.00259105468,0.836455987,0.00311138083,0.813280257,0.00359161862
63,30,0.46875,0.984375,0.866261112,0.00236140776,0.842103525,0.00280524066,0.819668809,0.00322292178
63,31,0.484375,0.984375,0.87064897,0.00213009672,0.847257804,0.00250315563,0.825486355,0.00286327906
63,32,0.5,0.984375,0.874645448,0.00189591901,0.851922915,0.00220518689,0.830742759,0.0025133937
63,33,0.515625,0.984375,0.878244908,0.00165775292,0.856103027,0.00191135323,0.835449004,0.00217382697
63,34,0.53125,0.984375,0.881439799,0.00141449718,0.859802319,0.0016215271,0.839617002,0.0018448957
63,35,0.546875,0.984375,0.884220663,0.00116501266,0.863024768,0.00133533456,0.843259261,0.00152657817
63,36,0.5625,0.984375,0.886576048,0.000908065658,0.86577378,0.00105205825,0.846388413,0.00121842473
63,37,0.578125,0.984375,0.88849233,0.000642273016,0.868051675,0.00077054256,0.849016617,0.000919468917
63,38,0.59375,0.984375,0.889953449,0.000366048851,0.869859022,0.000489099664,0.851154817,0.000628134621
63,39,0.609375,0.984375,0.890940543,7.75526449e-05,0.871193819,0.000205415299,0.852811855,0.000342134235
63,40,0.625,0.984375,0.891431498,-0.000225362384,0.872050516,-8.35473102e-05,0.853993418,5.83526344e-05
63,41,0.640625,0.984375,0.891400399,-0.000545202931,0.872418869,-0.00038164709,0.854700792,-0.000227288561
63,42,0.65625,0.984375,0.890816883,-0.000884895672,0.872282623,-0.000693670518,0.854929394,-0.000519992034
63,43,0.671875,0.984375,0.889645371,-0.00124786139,0.871617988,-0.00102544583,0.854667028,-0.000826276916
63,44,0.6875,0.984375,0.887844158,-0.00163811593,0.870391916,-0.00138397097,0.853891821,-0.00115420808
63,45,0.703125,0.984375,0.885364299,-0.00206041867,0.868560118,-0.00177756381,0.852569771,-0.00151366948
63,46,0.71875,0.984375,0.882148216,-0.00252050143,0.866064789,-0.00221605035,0.850651812,-0.00191669045
63,47,0.734375,0.984375,0.878127868,-0.00302543012,0.862831959,-0.00271101955,0.848070314,-0.0023778394
63,48,0.75,0.984375,0.873222241,-0.00358418273,0.858768339,-0.00327619741,0.844734867,-0.00291471097
63,49,0.765625,0.984375,0.867333774,-0.00420857864,0.853757439,-0.0039280351,0.840527167,-0.00354855812
63,50,0.78125,0.984375,0.860343051,-0.00491478356,0.847654578,-0.00468668199,0.835294712,-0.00430517328
63,51,0.796875,0.984375,0.852100709,-0.00572577462,0.840280089,-0.00557765036,0.828842849,-0.00521622576
63,52,0.8125,0.984375,0.842414711,-0.00667545387,0.831409523,-0.00663472965,0.820924303,-0.00632147427
63,53,0.828125,0.984375,0.831029832,-0.00781570508,0.820758664,-0.00790518318,0.811224682,-0.00767267441
63,54,0.84375,0.984375,0.81759357,-0.00922896749,0.807959381,-0.00945922028,0.799340987,-0.00934087971
63,55,0.859375,0.984375,0.801597581,-0.0110517648,0.792518824,-0.0114077562,0.784747409,-0.0114304832
63,56,0.875,0.984375,0.782273019,-0.0135214298,0.77374725,-0.0139372934,0.766737017,-0.0141077448
63,57,0.890625,0.984375,0.758395069,-0.0170759052,0.750623759,-0.0173824225,0.744315317,-0.0176596648
63,58,0.90625,0.984375,0.727900718,-0.0225848284,0.721531274,-0.0223920942,0.715994652,-0.0226304556
63,59,0.921875,0.984375,0.687112843,-0.0319427299,0.683691973,-0.0303447547,0.679364234,-0.0301387175
63,60,0.9375,0.984375,0.629154322,-0.0497211158,0.631870173,-0.044587591,0.630125714,-0.0428487784
63,61,0.953125,0.984375,0.541068557,-0.0880596482,0.555214384,-0.0744461078,0.559583423,-0.0677167507
63,62,0.96875,0.984375,0.401306845,-0.173653081,0.43094982,-0.151793621,0.447691537,-0.130682433
63,63,0.984375,0.984375,0.19421506,-0.299900222,0.225924757,-0.310726263,0.253665293,-0.314475174
63,64,1,0.984375,0,0,0,0,0,0
64,0,0,1,0,0,0,0,0,0
64,1,0.015625,1,1,0,1,0,1,0
64,2,0.03125,1,1,0,1,0,1,0
64,3,0.046875,1,1,0,1,0,1,0
64,4,0.0625,1,1,0,1,0,1,0
64,5,0.078125,1,1,0,1,0,1,0
64,6,0.09375,1,1,0,1,0,1,0
64,7,0.109375,1,1,0,1,0,1,0
64,8,0.125,1,1,0,1,0,1,0
64,9,0.140625,1,1,0,1,0,1,0
64,10,0.15625,1,1,0,1,0,1,0
64,11,0.171875,1,1,0,1,0,1,0
64,12,0.1875,1,1,0,1,0,1,0
64,13,0.203125,1,1,0,1,0,1,0
64,14,0.21875,1,1,0,1,0,1,0
64,15,0.234375,1,1,0,1,0,1,0
64,16,0.25,1,1,0,1,0,1,0
64,17,0.265625,1,1,0,1,0,1,0
64,18,0.28125,1,1,0,1,0,1,0
64,19,0.296875,1,1,0,1,0,1,0
64,20,0.3125,1,1,0,1,0,1,0
64,21,0.328125,1,1,0,1,0,1,0
64,22,0.34375,1,1,0,1,0,1,0
64,23,0.359375,1,1,0,1,0,1,0
64,24,0.375,1,1,0,1,0,1,0
64,25,0.390625,1,1,0,1,0,1,0
64,26,0.40625,1,1,0,1,0,1,0
64,27,0.421875,1,1,0,1,0,1,0
64,28,0.4375,1,1,0,1,0,1,0
64,29,0.453125,1,1,0,1,0,1,0
64,30,0.46875,1,1,0,1,0,1,0
64,31,0.484375,1,1,0,1,0,1,0
64,32,0.5,1,1,0,1,0,1,0
64,33,0.515625,1,1,0,1,0,1,0
64,34,0.53125,1,1,0,1,0,1,0
64,35,0.546875,1,1,0,1,0,1,0
64,36,0.5625,1,1,0,1,0,1,0
64,37,0.578125,1,1,0,1,0,1,0
64,38,0.59375,1,1,0,1,0,1,0
64,39,0.609375,1,1,0,1,0,1,0
64,40,0.625,1,1,0,1,0,1,0
64,41,0.640625,1,1,0,1,0,1,0
64,42,0.65625,1,1,0,1,0,1,0
64,43,0.671875,1,1,0,1,0,1,0
64,44,0.6875,1,1,0,1,0,1,0
64,45,0.703125,1,1,0,1,0,1,0
64,46,0.71875,1,1,0,1,0,1,0
64,47,0.734375,1,1,0,1,0,1,0
64,48,0.75,1,1,0,1,0,1,0
64,49,0.765625,1,1,0,1,0,1,0
64,50,0.78125,1,1,0,1,0,1,0
64,51,0.796875,1,1,0,1,0,1,0
64,52,0.8125,1,1,0,1,0,1,0
64,53,0.828125,1,1,0,1,0,1,0
64,54,0.84375,1,1,0,1,0,1,0
64,55,0.859375,1,1,0,1,0,1,0
64,56,0.875,1,1,0,1,0,1,0
64,57,0.890625,1,1,0,1,0,1,0
64,58,0.90625,1,1,0,1,0,1,0
64,59,0.921875,1,1,0,1,0,1,0
64,60,0.9375,1,1,0,1,0,1,0
64,61,0.953125,1,1,0,1,0,1,0
64,62,0.96875,1,1,0,1,0,1,0
64,63,0.984375,1,1,0,1,0,1,0
64,64,1,1,0,0,0,0,0,0
