case_id,geometry,kn,surface_id,s_over_Lw,x_m,y_m,records,cp_dsmc,cp_dsmc_sem,cp_s3,cp_full_control,cf_dsmc,cf_dsmc_sem,cf_s3,cf_full_control,cp_independent,cp_independent_sem,cf_independent,cf_independent_sem
ISO_Ma6_Kn0p1,ISO,0.1,981,0.008333333333333333,0.2201665,0.0005,6074,0.3913398552818019,0.004741986801387569,0.3901513001942766,0.3915659531742851,-0.0016019920641012516,0.0038295053051081115,-0.0029685023324648755,-0.0017303264966408122,,,,
ISO_Ma6_Kn0p1,ISO,0.1,982,0.025,0.2205,0.0015,5979,0.3846293559674704,0.00691190793622425,0.3836874215678073,0.3848543543928281,-0.003542267005145057,0.004060556386445796,-0.00560161774577775,-0.0032933076212393413,,,,
ISO_Ma6_Kn0p1,ISO,0.1,983,0.04166666666666667,0.22083350000000002,0.0025,6044,0.3947240579398324,0.008162043403203768,0.3942725104054677,0.3949499611653275,-0.007566058290174121,0.0027514267609946553,-0.007426798028250778,-0.00769859089935844,,,,
ISO_Ma6_Kn0p1,ISO,0.1,984,0.058333333333333334,0.2211665,0.0035,5931,0.3885358121221105,0.007405069201983665,0.3883961768883059,0.38875972663672603,-0.003736993318621764,0.004250007601913959,-0.0066893466176320675,-0.0038656217864953208,,,,
ISO_Ma6_Kn0p1,ISO,0.1,985,0.075,0.2215,0.0045000000000000005,5794,0.3847033876912003,0.00697479957588069,0.3861413169512513,0.38492879153988,-0.00419676029393125,0.002768455479363964,-0.0075602007293315175,-0.00394810185721995,,,,
ISO_Ma6_Kn0p1,ISO,0.1,986,0.09166666666666666,0.22183350000000002,0.0055,5764,0.39202190002369003,0.009754231087312444,0.3921042271274805,0.39224568026916334,-0.010795036552580859,0.0034571297391559554,-0.010585314636432499,-0.010928457070282435,,,,
ISO_Ma6_Kn0p1,ISO,0.1,987,0.10833333333333332,0.2221665,0.006500000000000001,5637,0.3864889449090826,0.00914574755128296,0.38656984142924256,0.3867091894917161,-0.012050181395509577,0.004954844043163399,-0.01072015662004855,-0.012182629074267589,,,,
ISO_Ma6_Kn0p1,ISO,0.1,988,0.125,0.2225,0.0075,5835,0.40749782872638135,0.006707073980994615,0.4066863950292043,0.40774484151524437,-0.020079954234831388,0.0021889109635950194,-0.018073538262784006,-0.019826092835007934,,,,
ISO_Ma6_Kn0p1,ISO,0.1,989,0.1416666666666667,0.22283350000000002,0.0085,5613,0.396671605365084,0.01052348640169116,0.39677667859124216,0.39689754206806266,-0.010338057456721155,0.002189406561303655,-0.013173351787698578,-0.010472652676949606,,,,
ISO_Ma6_Kn0p1,ISO,0.1,990,0.15833333333333335,0.2231665,0.0095,5830,0.41071491026549667,0.00461361752282996,0.40941650378320105,0.4109475781934731,-0.014574881875684259,0.0032904417943448745,-0.01144427686082172,-0.014715934762594751,,,,
ISO_Ma6_Kn0p1,ISO,0.1,991,0.17500000000000004,0.2235,0.010499999999999999,5801,0.41558341233494395,0.003423824873482543,0.415585546915133,0.4158293382014894,-0.011140250345279192,0.0016794369539454156,-0.014448306778148925,-0.01087676725931139,,,,
ISO_Ma6_Kn0p1,ISO,0.1,992,0.1916666666666667,0.22383350000000002,0.0115,5863,0.4217313438476644,0.00801628758785758,0.42274710776642355,0.4219704397842393,-0.011942851524596362,0.0030927722007388593,-0.011855967931916032,-0.012085826347280691,,,,
ISO_Ma6_Kn0p1,ISO,0.1,993,0.2083333333333334,0.2241665,0.0125,5845,0.4282208474718516,0.007504469911480346,0.42694864870162996,0.42846293919005934,-0.013919356915074815,0.0017774134699872198,-0.011893899272714625,-0.014065323607907914,,,,
ISO_Ma6_Kn0p1,ISO,0.1,994,0.22500000000000006,0.2245,0.0135,5878,0.4312220642323683,0.005993825801945084,0.43367058355632615,0.43147808115184605,-0.013619928688102356,0.004020568808262933,-0.011275316239877839,-0.013348370859383752,,,,
ISO_Ma6_Kn0p1,ISO,0.1,995,0.24166666666666672,0.22483350000000002,0.014499999999999999,5915,0.4438576669008668,0.0034419345103715326,0.44474030512639456,0.4441086218041736,-0.012911339439556085,0.004832257326904706,-0.013781231265693892,-0.013061478429213033,,,,
ISO_Ma6_Kn0p1,ISO,0.1,996,0.2583333333333334,0.2251665,0.0155,5923,0.45390032677040876,0.011000023471313729,0.45263195270945805,0.45415741305500135,-0.009357289581652457,0.0032212588497162833,-0.005684255185353661,-0.009508538691374576,,,,
ISO_Ma6_Kn0p1,ISO,0.1,997,0.2750000000000001,0.2255,0.0165,6047,0.45736369206371474,0.005050816078672979,0.45707672658889137,0.4576288596976895,-0.00606024169573446,0.002461649172991756,-0.006354593503477483,-0.005768963055227171,,,,
ISO_Ma6_Kn0p1,ISO,0.1,998,0.29166666666666674,0.22583350000000002,0.0175,6103,0.4681756221714205,0.012270407851025372,0.4695518970323393,0.46844222928647683,-0.0021592422990367997,0.004967992703585564,-0.0027836528905976943,-0.002310934190757755,,,,
ISO_Ma6_Kn0p1,ISO,0.1,999,0.3083333333333334,0.2261665,0.0185,6185,0.47979457136651893,0.0077667368724031165,0.47749128762424375,0.48006825561632943,-0.00025086050337120387,0.004632807112066264,-0.0013823097784975375,-0.00040501560379289605,,,,
ISO_Ma6_Kn0p1,ISO,0.1,1000,0.3250000000000001,0.2265,0.0195,5980,0.4637128286077606,0.00785462959551721,0.4638843170537834,0.4639773990851411,0.0014236085740297476,0.0034300394550538403,0.002342591687295476,0.0017226950249539332,,,,
ISO_Ma6_Kn0p1,ISO,0.1,1001,0.3416666666666668,0.22683350000000002,0.0205,6348,0.5139752381088355,0.009917221233892133,0.5119338647383315,0.5142673451214823,-0.0007284656313173311,0.0034893436786530446,-0.0029837960393268733,-0.0008931405467999451,,,,
ISO_Ma6_Kn0p1,ISO,0.1,1002,0.35833333333333345,0.2271665,0.0215,6321,0.5094688317970377,0.009191686272774622,0.5086728201400393,0.5097610219414686,0.007801660691006146,0.0026619953702937704,0.008198812620708028,0.007642896651338717,,,,
ISO_Ma6_Kn0p1,ISO,0.1,1003,0.3750000000000001,0.2275,0.0225,6261,0.5180847317632101,0.008267505937859835,0.5181117335492664,0.5183764524267177,0.003922935683157771,0.00521296095133647,0.003848780010039625,0.004255978451388568,,,,
ISO_Ma6_Kn0p1,ISO,0.1,1004,0.39166666666666683,0.22783350000000002,0.0235,6472,0.5294258787474804,0.008917584473533463,0.5310391036193648,0.5297347999571241,0.028896184680966365,0.003999716405067026,0.024217976692164776,0.02874270193003815,,,,
ISO_Ma6_Kn0p1,ISO,0.1,1005,0.4083333333333335,0.2281665,0.0245,6484,0.5355107733469259,0.008557551632915838,0.5364646412223564,0.5358244550675273,0.03365824738726233,0.00456204259600171,0.029318843279064942,0.03350544937460464,,,,
ISO_Ma6_Kn0p1,ISO,0.1,1006,0.42500000000000016,0.2285,0.025500000000000002,6483,0.5538065044376274,0.006684055377243105,0.5516495127458136,0.5540943323312723,0.042415381258825796,0.002254420894142795,0.03798779776124823,0.042790401522245544,,,,
ISO_Ma6_Kn0p1,ISO,0.1,1007,0.4416666666666669,0.22883350000000002,0.0265,6640,0.5626525624359899,0.004175961434040805,0.5647472196497584,0.5629874018322752,0.05565772657388374,0.00449175521618636,0.05434170626752173,0.05550851563360545,,,,
ISO_Ma6_Kn0p1,ISO,0.1,1008,0.45833333333333354,0.2291665,0.0275,6270,0.5589245887044019,0.012530205351907372,0.5595870698641014,0.5592576191910066,0.05684904280808708,0.003047512275740094,0.059049655384929824,0.05670156759268592,,,,
ISO_Ma6_Kn0p1,ISO,0.1,1009,0.4750000000000002,0.2295,0.0285,6318,0.5748989488143835,0.008051828989888878,0.576702976251191,0.575164876065707,0.09704487584508295,0.003567218294063612,0.09593983224985123,0.09746171666254053,,,,
ISO_Ma6_Kn0p1,ISO,0.1,1010,0.49166666666666686,0.22983350000000002,0.0295,5883,0.5594666328598303,0.014932163248549742,0.5612260316772717,0.5598134286916467,0.10193845937141977,0.0059735413325069375,0.09929825859465542,0.10181494197341039,,,,
ISO_Ma6_Kn0p1,ISO,0.1,1011,0.5083333333333336,0.2301665,0.0295,121,-0.02541302556594292,0.0009127420344364878,-0.025443448335487617,-0.025409661378379727,0.0028262541252310315,0.0005943329058650504,0.003035016505033361,0.002830135172895977,,,,
ISO_Ma6_Kn0p1,ISO,0.1,1012,0.5250000000000002,0.2305,0.0285,109,-0.02579648424030621,0.0006710240339464343,-0.025905546112305788,-0.025790615337960916,0.003096066597070167,0.000601734453574603,0.0033012728950577094,0.0030932029638449246,,,,
ISO_Ma6_Kn0p1,ISO,0.1,1013,0.541666666666667,0.23083350000000002,0.0275,140,-0.02345606658294184,0.0007319394143751828,-0.023506991356564592,-0.023451240939372654,0.0014426073128671834,0.000429122576211014,0.0012258917869452184,0.0014463372011762475,,,,
ISO_Ma6_Kn0p1,ISO,0.1,1014,0.5583333333333337,0.2311665,0.0265,118,-0.02455862617536319,0.0011265582440727283,-0.024609179704324993,-0.02455448842569237,0.0017686640674184802,0.0005009080902979014,0.0013786969576687542,0.0017722359623554966,,,,
ISO_Ma6_Kn0p1,ISO,0.1,1015,0.5750000000000003,0.2315,0.025500000000000002,121,-0.025131169934993723,0.0008328841866575339,-0.024963547348437604,-0.025125438990688847,0.0022756717207984313,0.0010196349828584558,0.001982509032572495,0.0022719745597690943,,,,
ISO_Ma6_Kn0p1,ISO,0.1,1016,0.591666666666667,0.23183350000000003,0.0245,136,-0.02368664608286602,0.0007950838396422404,-0.023740527234649186,-0.023682124031527647,0.002057837238026746,0.0002995806875597311,0.0019568694346278528,0.0020618247340741256,,,,
ISO_Ma6_Kn0p1,ISO,0.1,1017,0.6083333333333337,0.2321665,0.0235,136,-0.023647695134360984,0.00018437441711665245,-0.02384988738311561,-0.023642655599501215,0.0004053558907431565,0.0007038153065880397,0.0005921785331164372,0.0004084734715754638,,,,
ISO_Ma6_Kn0p1,ISO,0.1,1018,0.6250000000000003,0.2325,0.0225,141,-0.022652862694777134,0.0014602333100001412,-0.02293165296521118,-0.02264633782073705,0.0014000510829055772,0.0006669409316261536,0.0017069033094270609,0.0013943980586646658,,,,
ISO_Ma6_Kn0p1,ISO,0.1,1019,0.641666666666667,0.23283350000000003,0.0215,144,-0.02301269352147276,0.001248236269722701,-0.023434025226760684,-0.023007777884511575,0.0019146760682709051,0.0006604870235767031,0.001052518623965457,0.0019187916840700133,,,,
ISO_Ma6_Kn0p1,ISO,0.1,1020,0.6583333333333337,0.2331665,0.0205,165,-0.021099175034579153,0.0012980817723082733,-0.0212260964191089,-0.021092798393258033,0.00047473742270511866,0.000426524059995424,0.00031053433596617627,0.000478657415922745,,,,
ISO_Ma6_Kn0p1,ISO,0.1,1021,0.6750000000000004,0.2335,0.0195,164,-0.021373469900872168,0.0012391143470011844,-0.021405046214588518,-0.02136719840808568,-0.00016095728821998896,0.0006195943258929132,0.0005564188971680789,-0.0001682092126146579,,,,
ISO_Ma6_Kn0p1,ISO,0.1,1022,0.6916666666666671,0.23383350000000003,0.0185,198,-0.01869334924981834,0.0011132680778111331,-0.018769304441606106,-0.01868560431591592,0.00015227697664689337,0.0004915472547660115,0.0005550124580936795,0.00015674543900674143,,,,
ISO_Ma6_Kn0p1,ISO,0.1,1023,0.7083333333333337,0.2341665,0.0175,183,-0.02012456571635875,0.0010608778619239803,-0.020234007238812416,-0.020117581849370934,0.00018007555824966207,0.0004568136958242088,0.0007331986569625619,0.00018413318385854293,,,,
ISO_Ma6_Kn0p1,ISO,0.1,1024,0.7250000000000004,0.2345,0.0165,203,-0.01865702606101204,0.0015371657641567588,-0.018702682795670368,-0.01864820194017892,0.0016749297269206347,0.000476582377348588,0.0007635149936370798,0.0016670272751867353,,,,
ISO_Ma6_Kn0p1,ISO,0.1,1025,0.7416666666666671,0.23483349999999997,0.0155,220,-0.017854811705788273,0.0007404483237947945,-0.01721062342801228,-0.017846652518749912,0.00030213266064784474,0.0008675074769168486,0.0009046516045352907,0.0003069328967985329,,,,
ISO_Ma6_Kn0p1,ISO,0.1,1026,0.7583333333333337,0.2351665,0.014499999999999999,228,-0.014887627548566429,0.0018469105778624066,-0.01543419716013654,-0.014877646719907397,-0.0004891469268724321,0.0008165169764560463,0.00028583344241409883,-0.00048387543312318585,,,,
ISO_Ma6_Kn0p1,ISO,0.1,1027,0.7750000000000005,0.2355,0.0135,202,-0.01851912548334937,0.0017219215987150135,-0.018457215129860486,-0.01851136756585837,-0.000231926953009176,0.0005952345594536443,-0.00015133954727970876,-0.00024093211167428534,,,,
ISO_Ma6_Kn0p1,ISO,0.1,1028,0.7916666666666672,0.23583349999999997,0.0125,213,-0.0177572950669266,0.0009216513401249647,-0.01765760329812744,-0.017749166770531177,0.000580268004298553,0.0011981578694699954,0.0012345711460604665,0.0005852473354420495,,,,
ISO_Ma6_Kn0p1,ISO,0.1,1029,0.8083333333333338,0.2361665,0.0115,233,-0.016394913443707748,0.0012118716330594599,-0.016482346115876928,-0.016386091431992284,0.0006536482658750418,0.0006802274806186068,0.0006272491348574893,0.0006590780702878055,,,,
ISO_Ma6_Kn0p1,ISO,0.1,1030,0.8250000000000005,0.2365,0.010499999999999999,251,-0.01438346418009199,0.0016191000248309032,-0.014605491230705935,-0.014373296024143306,8.483705105939902e-05,0.0006810158962075423,7.467018135761774e-05,7.351948709618035e-05,,,,
ISO_Ma6_Kn0p1,ISO,0.1,1031,0.8416666666666671,0.23683349999999997,0.0095,288,-0.012115157819564747,0.0015890625004234351,-0.011859641257725491,-0.01210391507212592,0.00019815688612618911,0.0008568678928951113,0.000577334632290337,0.00020462835245624867,,,,
ISO_Ma6_Kn0p1,ISO,0.1,1032,0.8583333333333338,0.2371665,0.0085,287,-0.012181324588882577,0.0013485643766778341,-0.012374764475590053,-0.012170637026708125,0.0019881708815518984,0.0009016678457009344,0.001965312259463516,0.0019955731296724395,,,,
ISO_Ma6_Kn0p1,ISO,0.1,1033,0.8750000000000006,0.2375,0.0075,308,-0.010321497426377255,0.0004086793600633872,-0.010258641863398676,-0.010309486549687035,-0.0003965278808368204,0.0006525401249138778,-0.0009558279240025653,-0.00041053980739422913,,,,
ISO_Ma6_Kn0p1,ISO,0.1,1034,0.8916666666666672,0.23783349999999998,0.006500000000000001,305,-0.010144920770470921,0.0009322351148088639,-0.010332117670122777,-0.01013224737711001,-0.0008620378032582107,0.0008017988257986742,-0.00019673455300235135,-0.00085554161371416,,,,
ISO_Ma6_Kn0p1,ISO,0.1,1035,0.9083333333333339,0.2381665,0.0055,314,-0.008661537593258642,0.001244836186805421,-0.00909412273090646,-0.008649027140658603,0.0020589614472735483,0.0011677863963270268,0.0021159530268684283,0.0020674602894751085,,,,
ISO_Ma6_Kn0p1,ISO,0.1,1036,0.9250000000000006,0.2385,0.0045000000000000005,312,-0.008514317081267,0.0014209513950199407,-0.00928207565044074,-0.008500846208222576,0.0004446828386805159,0.0002511905759862615,0.0005591185982627932,0.0004300337388675267,,,,
ISO_Ma6_Kn0p1,ISO,0.1,1037,0.9416666666666672,0.23883349999999998,0.0035,318,-0.010236141047878738,0.0015330353813287536,-0.009939418081340403,-0.010224090423741937,0.000931952469542931,0.0008454924590452277,0.0004925251033770138,0.0009393768955319931,,,,
ISO_Ma6_Kn0p1,ISO,0.1,1038,0.9583333333333339,0.2391665,0.0025,349,-0.007253322270189969,0.0007896158648500101,-0.007277133548062869,-0.0072395964564487564,0.0006406252656030419,0.0007212206712417596,0.0008767574592099155,0.0006487913721804257,,,,
ISO_Ma6_Kn0p1,ISO,0.1,1039,0.9750000000000005,0.2395,0.0015,331,-0.009242246832120373,0.0017203895361993006,-0.009569718043157704,-0.00922897752889236,0.0007010078131239903,0.0006080473882561111,0.0010958236224715965,0.0006869333091330942,,,,
ISO_Ma6_Kn0p1,ISO,0.1,1040,0.991666666666667,0.23983349999999998,0.0005,361,-0.006703728344915715,0.0018002999350403728,-0.006889090863725663,-0.0066899562086423,0.0012500313037709496,0.0014089146916282788,0.001156552745438944,0.0012586864510745707,,,,
ISO_Ma6_Kn0p8,ISO,0.8,981,0.008333333333333333,0.2201665,0.0005,10217,0.6312678760421322,0.010067188319394077,0.6314658851119834,0.6316110365727383,-0.0373754240877119,0.0025733747016824502,-0.041127857317214175,-0.037594862505959975,,,,
ISO_Ma6_Kn0p8,ISO,0.8,982,0.025,0.2205,0.0015,9768,0.6252204370969698,0.0047097919568239695,0.6268902926260841,0.6255921524165273,-0.034094773747181596,0.0024842142229116898,-0.03569486303916462,-0.03371769348200349,,,,
ISO_Ma6_Kn0p8,ISO,0.8,983,0.04166666666666667,0.22083350000000002,0.0025,9724,0.6453113275400174,0.00836994415425252,0.6427209367358457,0.645663505741528,-0.03194128747706163,0.002006633314646434,-0.03205786789872157,-0.0321620357134763,,,,
ISO_Ma6_Kn0p8,ISO,0.8,984,0.058333333333333334,0.2211665,0.0035,9783,0.6580163441118547,0.005548241984601361,0.6580478073030656,0.6583778156685967,-0.02493371869597607,0.0031061482373685007,-0.025398182000613296,-0.02515453034907838,,,,
ISO_Ma6_Kn0p8,ISO,0.8,985,0.075,0.2215,0.0045000000000000005,10030,0.693034082423474,0.008731266385319365,0.695662533411921,0.6934307773260725,-0.01613553671259573,0.0037384962374428466,-0.019458536110773847,-0.015708170421759753,,,,
ISO_Ma6_Kn0p8,ISO,0.8,986,0.09166666666666666,0.22183350000000002,0.0055,9996,0.6997678907359701,0.010338486665049978,0.6989105334723139,0.7001532984336322,-0.01884899403959047,0.0044578377696400055,-0.021187520030300614,-0.01907910862377081,,,,
ISO_Ma6_Kn0p8,ISO,0.8,987,0.10833333333333332,0.2221665,0.006500000000000001,9861,0.7081978318079815,0.0022458258672398007,0.7082552773694968,0.7085873141455385,-0.019490385544132165,0.0027762570673479717,-0.018708094185624826,-0.019723390670603896,,,,
ISO_Ma6_Kn0p8,ISO,0.8,988,0.125,0.2225,0.0075,10254,0.7513669759934203,0.01115484501777233,0.7517357734752713,0.751788439870437,-0.005266468248180149,0.002110630430082897,-0.006093704938597495,-0.004798323119492171,,,,
ISO_Ma6_Kn0p8,ISO,0.8,989,0.1416666666666667,0.22283350000000002,0.0085,10122,0.744378967663206,0.008472976129782544,0.7443303634737743,0.7447907851515401,-0.010067615371753446,0.0024050595720851876,-0.007275267758542802,-0.010306426870663117,,,,
ISO_Ma6_Kn0p8,ISO,0.8,990,0.15833333333333335,0.2231665,0.0095,10200,0.7587704415613583,0.014219921172356941,0.7602560239320876,0.7591936878852025,0.00193491511505246,0.0007869695107761342,-0.00065280915646494,0.0016981751132465962,,,,
ISO_Ma6_Kn0p8,ISO,0.8,991,0.17500000000000004,0.2235,0.010499999999999999,10548,0.7926690547661375,0.01422461595424236,0.7938778845656773,0.7931020388443077,0.01229880869208794,0.0025785711322838484,0.011791728714191532,0.01280111044539572,,,,
ISO_Ma6_Kn0p8,ISO,0.8,992,0.1916666666666667,0.22383350000000002,0.0115,10743,0.8250210646335884,0.010747476898010372,0.825012397253747,0.8254849301182748,0.020635024868567636,0.003847251562856163,0.020237417012989055,0.02038837601190647,,,,
ISO_Ma6_Kn0p8,ISO,0.8,993,0.2083333333333334,0.2241665,0.0125,10720,0.8299355983094738,0.005148014325763618,0.8301380224476832,0.8304034232640566,0.02500892929027281,0.003412036493390788,0.02228349561462094,0.024763159579913978,,,,
ISO_Ma6_Kn0p8,ISO,0.8,994,0.22500000000000006,0.2245,0.0135,10753,0.8371393981195503,0.007960704867374732,0.8395905681811614,0.837584650482515,0.03168325166519796,0.0020024455007308186,0.032505258732126494,0.03222259238893778,,,,
ISO_Ma6_Kn0p8,ISO,0.8,995,0.24166666666666672,0.22483350000000002,0.014499999999999999,10937,0.8834900006582302,0.009651041268131452,0.8825815253161832,0.8839921633363197,0.043539517672139864,0.0012096963197816349,0.04249353733457521,0.04328751697296414,,,,
ISO_Ma6_Kn0p8,ISO,0.8,996,0.2583333333333334,0.2251665,0.0155,11137,0.8919991043655171,0.008054484352685777,0.8926814196303559,0.8925079745234793,0.05064106748529151,0.0032548522136761847,0.04925090401752179,0.050390325746296386,,,,
ISO_Ma6_Kn0p8,ISO,0.8,997,0.2750000000000001,0.2255,0.0165,11088,0.8998259434347071,0.014206081095089786,0.8997948304103749,0.9002915049344363,0.053323990417591116,0.006393288191325949,0.05710225315485486,0.05391252027953066,,,,
ISO_Ma6_Kn0p8,ISO,0.8,998,0.29166666666666674,0.22583350000000002,0.0175,11339,0.9277026256545792,0.007285060998028291,0.9270911148978096,0.9282355424374795,0.06772121104361128,0.0034033297350646624,0.06858723868485238,0.06746883838549782,,,,
ISO_Ma6_Kn0p8,ISO,0.8,999,0.3083333333333334,0.2261665,0.0185,11452,0.9442048099651345,0.02146071769693981,0.9432897414632612,0.9447494631434254,0.07680010080000685,0.0014836568377872993,0.07800662975125887,0.07654761276484065,,,,
ISO_Ma6_Kn0p8,ISO,0.8,1000,0.3250000000000001,0.2265,0.0195,11622,0.9636468599938679,0.008304707586592101,0.9645283977967507,0.9641250541097017,0.08920573492899016,0.0050023020016795715,0.09019076082113056,0.08985167018397107,,,,
ISO_Ma6_Kn0p8,ISO,0.8,1001,0.3416666666666668,0.22683350000000002,0.0205,11638,0.9878313382654988,0.011496882880783864,0.9857266534218457,0.9884070350769729,0.10327022816106735,0.003640691878334364,0.10302636772676317,0.10301877574007819,,,,
ISO_Ma6_Kn0p8,ISO,0.8,1002,0.35833333333333345,0.2271665,0.0215,11602,0.9857819055966981,0.0114482665345363,0.9848316152460953,0.9863590020754411,0.11130552091615886,0.003996884323243398,0.11002549122482712,0.11105893828906319,,,,
ISO_Ma6_Kn0p8,ISO,0.8,1003,0.3750000000000001,0.2275,0.0225,11471,0.9890724324696525,0.004864411698630521,0.9913087010382295,0.9895464373750738,0.11860040176926598,0.004767310787880267,0.11954380392268635,0.11927734424504985,,,,
ISO_Ma6_Kn0p8,ISO,0.8,1004,0.39166666666666683,0.22783350000000002,0.0235,11791,1.0265398145506321,0.015182451570481412,1.026825252631816,1.027147722999077,0.1427965461365095,0.003883678154867881,0.1403382932698699,0.1425546053219704,,,,
ISO_Ma6_Kn0p8,ISO,0.8,1005,0.4083333333333335,0.2281665,0.0245,11553,1.020969696976687,0.013106544876227831,1.0194936438707671,1.0215755507349993,0.14532579330492862,0.0048136802361730385,0.14602748702521495,0.14508695383765008,,,,
ISO_Ma6_Kn0p8,ISO,0.8,1006,0.42500000000000016,0.2285,0.025500000000000002,11831,1.0482767014175207,0.010807703879273671,1.049124182161736,1.0487532750742086,0.16698250886257365,0.005053606714491568,0.16970080621018893,0.16772083384691555,,,,
ISO_Ma6_Kn0p8,ISO,0.8,1007,0.4416666666666669,0.22883350000000002,0.0265,11618,1.0470775340905685,0.005847977949771951,1.047738970858525,1.0477095931559757,0.18469565240566416,0.0030915331252003822,0.18337668026097634,0.18446977211255478,,,,
ISO_Ma6_Kn0p8,ISO,0.8,1008,0.45833333333333354,0.2291665,0.0275,11542,1.0685094982141734,0.008707500709621091,1.0703198681723776,1.0691574117845426,0.20204443517229662,0.0033215457936161515,0.2039492356388924,0.20182150044125172,,,,
ISO_Ma6_Kn0p8,ISO,0.8,1009,0.4750000000000002,0.2295,0.0285,11190,1.0651175258900882,0.007547799011025067,1.0646356786765048,1.0655697795687842,0.22165766509801088,0.005306069028277582,0.22771155685516606,0.22243543019492415,,,,
ISO_Ma6_Kn0p8,ISO,0.8,1010,0.49166666666666686,0.22983350000000002,0.0295,11025,1.078851656720508,0.004794100148713657,1.0822613192875121,1.0795193196760198,0.2472059526495764,0.00269570372588158,0.24694708542364516,0.24700388301652465,,,,
ISO_Ma6_Kn0p8,ISO,0.8,1011,0.5083333333333336,0.2301665,0.0295,266,-0.02033747215795766,0.0008130991467499937,-0.02040970519647943,-0.020330483776662057,-0.0002451056604876302,0.00045174632039141294,-0.00043315199516042976,-0.0002413412605616218,,,,
ISO_Ma6_Kn0p8,ISO,0.8,1012,0.5250000000000002,0.2305,0.0285,228,-0.02182009742623591,0.0005733723870960873,-0.021767625380250715,-0.02181390553501399,0.00010571034765719425,0.00041274183151878877,-7.125231788239258e-05,9.886617774618295e-05,,,,
ISO_Ma6_Kn0p8,ISO,0.8,1013,0.541666666666667,0.23083350000000002,0.0275,233,-0.021403514319921334,0.00039318802058241234,-0.02153638644518589,-0.021396724518673645,-0.0014534026357208752,0.00046894056677859773,-0.0014844227841541474,-0.0014506002900591844,,,,
ISO_Ma6_Kn0p8,ISO,0.8,1014,0.5583333333333337,0.2311665,0.0265,220,-0.022041802648148222,0.0006667080251287777,-0.022039523336470124,-0.02203565848067334,-0.0004370671683660435,0.0006519725728307028,-0.0008375378174290418,-0.0004339155045266097,,,,
ISO_Ma6_Kn0p8,ISO,0.8,1015,0.5750000000000003,0.2315,0.025500000000000002,267,-0.019492202857979715,0.0005035515951489312,-0.019751902884275634,-0.019485343790502943,-0.000871555943052656,0.0006889312151973898,-0.0010842900696695803,-0.0008803169085160876,,,,
ISO_Ma6_Kn0p8,ISO,0.8,1016,0.591666666666667,0.23183350000000003,0.0245,252,-0.02070532626433594,0.0007907435031155988,-0.02068138493029236,-0.020698202347758907,-0.0013402282491520225,0.0005411001942030223,-0.0011546868766132551,-0.0013371566222428748,,,,
ISO_Ma6_Kn0p8,ISO,0.8,1017,0.6083333333333337,0.2321665,0.0235,234,-0.020756224906868674,0.0007025418562412889,-0.020915139588562292,-0.020749120411638584,-0.0013356318623417094,0.0006534894804367264,-0.0016313493741498166,-0.001332575831994962,,,,
ISO_Ma6_Kn0p8,ISO,0.8,1018,0.6250000000000003,0.2325,0.0225,270,-0.020171869788860083,0.0007292506842644864,-0.02009066010012981,-0.02016584418106605,-0.0016570717828217302,0.0006359972070004452,-0.0016109938118594202,-0.0016658469170004765,,,,
ISO_Ma6_Kn0p8,ISO,0.8,1019,0.641666666666667,0.23283350000000003,0.0215,274,-0.018851205408456733,0.0004797214842954607,-0.019078438176861147,-0.018843143478812063,-0.0011000548893867824,0.0005329059487123117,-0.001371065911395144,-0.0010963006667447123,,,,
ISO_Ma6_Kn0p8,ISO,0.8,1020,0.6583333333333337,0.2331665,0.0205,277,-0.01858561769905666,0.0012635189251326072,-0.01881294482349662,-0.018577390451795968,-0.0012002312276347383,0.0005000112862652206,-0.0009479570478976896,-0.0011964497399045578,,,,
ISO_Ma6_Kn0p8,ISO,0.8,1021,0.6750000000000004,0.2335,0.0195,279,-0.018285468169485168,0.0009433622325476353,-0.01855233682808615,-0.018278080162041247,-0.0010581300412413623,0.0006479677514854567,-0.0007137292288288006,-0.001067713682465855,,,,
ISO_Ma6_Kn0p8,ISO,0.8,1022,0.6916666666666671,0.23383350000000003,0.0185,328,-0.016544714071219484,0.0012066935071345134,-0.016095499925380924,-0.01653564951297276,-0.00032979679392563567,0.0004681515414569405,-0.000690481324653202,-0.0003249360013443314,,,,
ISO_Ma6_Kn0p8,ISO,0.8,1023,0.7083333333333337,0.2341665,0.0175,290,-0.018114479809239404,0.00012565832556761424,-0.018219541651009512,-0.018106300481378776,-0.00016622489030041214,0.0008401591220917169,-0.00014091766896914704,-0.00016174985523604402,,,,
ISO_Ma6_Kn0p8,ISO,0.8,1024,0.7250000000000004,0.2345,0.0165,306,-0.017543749460346574,0.0003983021576913781,-0.01773305680035035,-0.01753609734615357,-0.0013262000729263885,0.00040714928931106554,-0.001024141790201653,-0.0013363745668211985,,,,
ISO_Ma6_Kn0p8,ISO,0.8,1025,0.7416666666666671,0.23483349999999997,0.0155,306,-0.01746118576370361,0.0005575481389553221,-0.017156687614392076,-0.017452124955478647,-0.0020010157365173394,0.0006649535031855484,-0.002020734691604466,-0.001997324663399232,,,,
ISO_Ma6_Kn0p8,ISO,0.8,1026,0.7583333333333337,0.2351665,0.014499999999999999,292,-0.01874207531780518,0.0005605891709096013,-0.018538168631554938,-0.018733892813173694,-0.001343979794947438,0.0004739101796213769,-0.001328594347935409,-0.0013403214752398084,,,,
ISO_Ma6_Kn0p8,ISO,0.8,1027,0.7750000000000005,0.2355,0.0135,322,-0.016280348984742003,0.0011029667715985575,-0.01606678939403668,-0.016270821147218537,0.0007555057701133943,0.000824845850268062,3.047329698653607e-05,0.0007456844422321098,,,,
ISO_Ma6_Kn0p8,ISO,0.8,1028,0.7916666666666672,0.23583349999999997,0.0125,335,-0.015490238449854398,0.001124482277772944,-0.01530290949520803,-0.015480500174779241,-0.0008303313551001768,0.0005595642389326363,-0.0007281323405398962,-0.0008254218442536283,,,,
ISO_Ma6_Kn0p8,ISO,0.8,1029,0.8083333333333338,0.2361665,0.0115,314,-0.016578032744822134,0.0009879391326338613,-0.016417175524335158,-0.016568664051056236,-0.0013704603807326772,0.0007817544911236208,-0.0013991356079262308,-0.0013661664968135636,,,,
ISO_Ma6_Kn0p8,ISO,0.8,1030,0.8250000000000005,0.2365,0.010499999999999999,319,-0.017099995978435756,0.0013829737734231324,-0.016580016106905793,-0.017091709485587483,-0.000628773688814216,0.0012506700625406918,-0.0008027123842647259,-0.0006388432472993448,,,,
ISO_Ma6_Kn0p8,ISO,0.8,1031,0.8416666666666671,0.23683349999999997,0.0095,324,-0.01602598770980379,0.0014735148819234915,-0.016073744480490947,-0.016016324120030102,-0.0015153154899261718,0.0005047959979141642,-0.0017025236953572848,-0.0015109344640218505,,,,
ISO_Ma6_Kn0p8,ISO,0.8,1032,0.8583333333333338,0.2371665,0.0085,328,-0.016031640508352357,0.0012954084232722847,-0.01595325687514746,-0.016022143824014713,-0.0009758677259662136,0.0004329770129701038,-0.0011827884627713709,-0.0009711991969163577,,,,
ISO_Ma6_Kn0p8,ISO,0.8,1033,0.8750000000000006,0.2375,0.0075,332,-0.015692240971431463,0.000983880832457413,-0.015749539566761,-0.015682853616275416,-4.25739461908201e-05,0.0005778897005524514,-0.00018395751508603407,-5.317503663920171e-05,,,,
ISO_Ma6_Kn0p8,ISO,0.8,1034,0.8916666666666672,0.23783349999999998,0.006500000000000001,321,-0.0163478659167837,0.0013625248683302967,-0.016681949268484684,-0.01633869642473012,-0.0004094735409007792,0.0005148939158820889,-0.0005794937759845657,-0.0004045996529427545,,,,
ISO_Ma6_Kn0p8,ISO,0.8,1035,0.9083333333333339,0.2381665,0.0055,314,-0.015978000493079524,0.001276133321110203,-0.016342141225282557,-0.01596845710639902,-0.0009244051939522183,0.0008300486539958767,-0.0008747425026675458,-0.0009196940815341103,,,,
ISO_Ma6_Kn0p8,ISO,0.8,1036,0.9250000000000006,0.2385,0.0045000000000000005,336,-0.015056773178579952,0.0015131556597674678,-0.015360447734285765,-0.015046971707532808,8.756320888785194e-05,0.000343665726238586,-0.0003541464081440727,7.664915831211483e-05,,,,
ISO_Ma6_Kn0p8,ISO,0.8,1037,0.9416666666666672,0.23883349999999998,0.0035,334,-0.016007580931127495,0.0002262941307180025,-0.015841898813226542,-0.01599796569403483,-0.001347454730732801,0.0006960983397866584,-7.278695114210074e-05,-0.0013429767710492907,,,,
ISO_Ma6_Kn0p8,ISO,0.8,1038,0.9583333333333339,0.2391665,0.0025,342,-0.014703487929041827,0.0016131409738001927,-0.014990604536347093,-0.014693116677144758,-0.0015194696426082208,0.0006752202938099047,-0.0006858297799560766,-0.0015146948897078803,,,,
ISO_Ma6_Kn0p8,ISO,0.8,1039,0.9750000000000005,0.2395,0.0015,327,-0.01524506883645652,0.00102074263598431,-0.015792687845187097,-0.015235725420224161,-0.0004963286846189109,0.0002132229585857382,-0.0005618748376599052,-0.0005074394418709272,,,,
ISO_Ma6_Kn0p8,ISO,0.8,1040,0.991666666666667,0.23983349999999998,0.0005,344,-0.015435762828986992,0.0009811836874221377,-0.0152918392756822,-0.015426306422167422,0.0003587464232139155,0.00038459675250404504,0.00040207395726666456,0.0003643059143234034,,,,
BWD_Ma6_Kn0p2,BWD,0.2,981,0.009549149887236832,0.2205,0.0005,8399,0.3592760560457432,0.00440954058648305,0.3593145057892818,0.359485132118661,-0.0018877545180849445,0.0020119929640710164,-0.0036907766330462185,-0.0018887562165895752,0.36368314256976486,0.00822525302300556,0.0008616102974610522,0.003958882060748138
BWD_Ma6_Kn0p2,BWD,0.2,982,0.028647449661710497,0.2215,0.0015,8297,0.3573365714814918,0.005263888341451199,0.3577785790020512,0.3575447223241712,-0.007422704531513592,0.002891965806262669,-0.007477207865105373,-0.007426662504082637,0.3538125514838427,0.006739288739820372,-0.0015761629816174322,0.007185863441120268
BWD_Ma6_Kn0p2,BWD,0.2,983,0.04774574943618416,0.2225,0.0025,8454,0.3751371696080391,0.003717455888815088,0.37514570368444056,0.3753554604102143,0.0015365198993560942,0.003709485889787286,-0.0005260213441301426,0.00153733696516664,0.37479339853448135,0.007397514203266777,0.004126808338780594,0.0033563805788468216
BWD_Ma6_Kn0p2,BWD,0.2,984,0.06684404921065783,0.2235,0.0035,8626,0.38389930055326243,0.0039377017524798875,0.38639011024610653,0.38412089821225875,0.005171912763122822,0.002774176855888584,0.0070631546699198465,0.005174676307429947,0.3633322248694113,0.00824401983541275,0.0003327863920817945,0.0014947512961321523
BWD_Ma6_Kn0p2,BWD,0.2,985,0.08594234898513149,0.2245,0.0045000000000000005,8563,0.38819607247905286,0.005447999893980393,0.38846993488063275,0.3884207799287308,0.008390606566001466,0.002744516348754314,0.007973825598381968,0.008395076477550681,0.3918866638550943,0.008027486588580175,0.0097933561031105,0.002949752821575334
BWD_Ma6_Kn0p2,BWD,0.2,986,0.10504064875960516,0.2255,0.0055,8825,0.40212942927491613,0.002838438886954888,0.4026972864224326,0.4023621538233182,0.012907513133897885,0.0028928234008350614,0.012479726673409838,0.012914402333963482,0.4029428620017407,0.012086756447027483,0.0146361147229018,0.004413732118890241
BWD_Ma6_Kn0p2,BWD,0.2,987,0.12413894853407884,0.2265,0.006500000000000001,8704,0.40022806005357525,0.002370951556955782,0.3990823389098489,0.40045918677477255,0.01256988503923323,0.0023612616511646694,0.013147740517735523,0.012576580197564469,0.40808934952885706,0.011843547223710211,0.013706530113907489,0.003492825251358867
BWD_Ma6_Kn0p2,BWD,0.2,988,0.1432372483085525,0.2275,0.0075,8964,0.4198347390441873,0.005949376657043978,0.41941425934248217,0.4200765831577969,0.018006956107528616,0.0030052329884807947,0.018619521332576158,0.018016562339550304,0.4111404094301028,0.005073740591762518,0.012476655248108235,0.006893173245166738
BWD_Ma6_Kn0p2,BWD,0.2,989,0.16233554808302614,0.2285,0.0085,8993,0.41836729834213465,0.003777142027060914,0.41849839014692786,0.41860798847190256,0.021800220039986933,0.001325656993965852,0.022222308687477516,0.021811863899140933,0.4355818730714337,0.012493642977899703,0.030370468983927274,0.005016441088615938
BWD_Ma6_Kn0p2,BWD,0.2,990,0.1814338478574998,0.2295,0.0095,8973,0.4239240755460612,0.007977867734663835,0.4233034630619164,0.4241676881855813,0.024358705985473406,0.0033379178552032348,0.023296527948130148,0.024371702065525903,0.4381345015653889,0.005883931556116957,0.029258002101597694,0.00565650126837296
BWD_Ma6_Kn0p2,BWD,0.2,991,0.20053214763197344,0.2305,0.010499999999999999,9453,0.4530397996054688,0.005460044347849688,0.45371465274809974,0.4532998776967506,0.03287950130291442,0.003490799951916899,0.03403248447313549,0.03289703177788417,0.4622268799747755,0.009092215386153577,0.03258780964867327,0.004227321415521132
BWD_Ma6_Kn0p2,BWD,0.2,992,0.2196304474064471,0.2315,0.0115,9550,0.4564467248717727,0.005103566917088389,0.4570810550397873,0.4567078177354512,0.03164527271429806,0.006117216963341828,0.032916261401707024,0.03166215521217984,0.453908389631409,0.005868066484829708,0.026711631426450493,0.002628588829341938
BWD_Ma6_Kn0p2,BWD,0.2,993,0.23872874718092077,0.2325,0.0125,9852,0.47373789678057454,0.0053155610634230506,0.47520871270451587,0.47400853175213387,0.04066219547876186,0.001751229934887553,0.041587670165040246,0.040683902442053735,0.4652422067420427,0.0006927288061181472,0.03412571040378286,0.00260878404172298
BWD_Ma6_Kn0p2,BWD,0.2,994,0.25782704695539443,0.2335,0.0135,10060,0.485265589048897,0.004290171188608265,0.4856447783570948,0.4855426572127529,0.04417039422676673,0.003295812768117361,0.041173809523439825,0.04419394759660941,0.4812030065857968,0.01008097066896897,0.050101165023314034,0.0059831706906193485
BWD_Ma6_Kn0p2,BWD,0.2,995,0.27692534672986807,0.2345,0.014499999999999999,9907,0.4775091167666189,0.004395932998619069,0.4797329826653958,0.47778218815635326,0.04907892645486732,0.0018644451937153517,0.049133372652426455,0.04910514328158522,0.4830941139840464,0.0077926176048084585,0.0426343360293494,0.004175023163742746
BWD_Ma6_Kn0p2,BWD,0.2,996,0.2960236465043417,0.2355,0.0155,10125,0.49209996322768745,0.0038182609852182915,0.4927210874798023,0.49238093238790637,0.055042780361821274,0.0025493130018718023,0.05377974394525246,0.05507219397797092,0.49711799471932194,0.01012097247042312,0.058753178436660655,0.006885253930169736
BWD_Ma6_Kn0p2,BWD,0.2,997,0.31512194627881535,0.2365,0.0165,9938,0.4782487010165545,0.0027206237284862307,0.4784461893070203,0.4785215106008006,0.058887521883588534,0.002802922606138443,0.0563685489241465,0.05891895488025724,0.5038046719443344,0.012898254225624623,0.0591109611581665,0.006078814717018092
BWD_Ma6_Kn0p2,BWD,0.2,998,0.33422024605328904,0.2375,0.0175,10252,0.5009427227829136,0.006310112520836263,0.5035635724235227,0.5012277287377496,0.06483211575008015,0.0018673484210252548,0.06413368036000149,0.06486664249345087,0.5015892176376641,0.005965191229759238,0.06363892359051669,0.007963454513922155
BWD_Ma6_Kn0p2,BWD,0.2,999,0.3533185458277627,0.2385,0.0185,10446,0.513833038560285,0.005717093682561386,0.5130105638015701,0.5141244812664333,0.07505880332733084,0.0029131687540370683,0.07349083643353761,0.07509896014056179,0.5037066348844446,0.003981721063212292,0.06966630297807525,0.006612076327922537
BWD_Ma6_Kn0p2,BWD,0.2,1000,0.3724168456022363,0.2395,0.0195,10202,0.5011010480534648,0.005181976421254205,0.4999164558711492,0.5013860945477674,0.06552145519612211,0.0026475416720814176,0.06914418993950314,0.06555629947523887,0.5102467146367246,0.013272515547180452,0.08087312240452721,0.0030188859891063877
BWD_Ma6_Kn0p2,BWD,0.2,1001,0.39151514537671,0.2405,0.0205,10641,0.5320111251791186,0.007373343686020035,0.5330772994661016,0.5323127435527419,0.08368705267030074,0.003345653474083678,0.08423861526022718,0.08373176126176345,0.5098683099102337,0.010786971976733973,0.08495408967014602,0.006056621409457413
BWD_Ma6_Kn0p2,BWD,0.2,1002,0.41061344515118364,0.2415,0.0215,10215,0.5076495571604269,0.0061701849882005895,0.5093793340537652,0.5079388306426733,0.0828230460112391,0.0037059642948860778,0.08273573177981276,0.08286722008169049,0.5212580173073467,0.00609253544994192,0.0828308723463032,0.002882050827468114
BWD_Ma6_Kn0p2,BWD,0.2,1003,0.4297117449256573,0.2425,0.0225,10275,0.519962278895232,0.004098622803625306,0.5203527989943563,0.5202584419159659,0.09246125538771081,0.0030931832841074214,0.09453686377813006,0.0925106598646589,0.5272135396371057,0.003631016115604405,0.10173626580417208,0.003660205607328489
BWD_Ma6_Kn0p2,BWD,0.2,1004,0.4488100447001309,0.2435,0.0235,10841,0.5424012210590365,0.0033189048229621144,0.5427273058996431,0.5427082492057117,0.10693054219016544,0.0014375108809608133,0.1065456561582752,0.10698768559437288,0.536127582213448,0.004431133940092924,0.10330930732201973,0.0034210767182217827
BWD_Ma6_Kn0p2,BWD,0.2,1005,0.4679083444746046,0.2445,0.0245,10296,0.5259727752772656,0.006803559866142188,0.5233530113827787,0.5262713286999139,0.11224198036696915,0.002116647518669511,0.11038262246767931,0.11230194433519065,0.5200788238860544,0.007213707810254183,0.10671272647422624,0.0034237273480618485
BWD_Ma6_Kn0p2,BWD,0.2,1006,0.48700664424907825,0.2455,0.025500000000000002,10454,0.5361898861393593,0.005213800998275043,0.5362661823155978,0.5364936228550358,0.12747710774496634,0.004640617117776271,0.1275821594480765,0.12754510503535232,0.5356227371667253,0.00667214143201175,0.11886337081138679,0.006225337868351332
BWD_Ma6_Kn0p2,BWD,0.2,1007,0.5061049440235519,0.2465,0.0265,9893,0.5029452442604401,0.011258808904856275,0.5043552453863289,0.5032317261664352,0.12516797609082636,0.0032578836507620164,0.12237329154258902,0.1252347012203377,0.5108541779143599,0.007817226184021683,0.12458670226470898,0.0010464553617781274
BWD_Ma6_Kn0p2,BWD,0.2,1008,0.5252032437980255,0.2475,0.0275,9411,0.49631097563192944,0.006805618671911241,0.4971226222238313,0.49659423636275213,0.13925071450316207,0.0032934642596138095,0.13835306250716284,0.13932501328792593,0.5162214778847797,0.002511491158651655,0.1408279024236927,0.0071786970767626895
BWD_Ma6_Kn0p2,BWD,0.2,1009,0.5443015435724992,0.2485,0.0285,9449,0.5021389581604112,0.004879517167214992,0.5022563842751939,0.5024247189818464,0.1641317221025944,0.0026254193432123647,0.16419928070840178,0.16421937054131913,0.5101844107108131,0.006152393155975678,0.16718399277758783,0.004501853531128715
BWD_Ma6_Kn0p2,BWD,0.2,1010,0.5633998433469729,0.2495,0.0295,8696,0.47723791144206373,0.005816224316457608,0.4778446383707876,0.4775106449823692,0.17761032964402299,0.0013741725890188837,0.17841834874859425,0.17770501683116546,0.46737886490711933,0.013070632444917994,0.17906550966560755,0.0027755732008274622
BWD_Ma6_Kn0p2,BWD,0.2,1011,0.5800665100136396,0.2498335,0.0295,217,-0.022087586504857322,0.0008667787995235217,-0.02199821673900902,-0.022082203165827576,0.002010191704842336,0.0004351873690406489,0.0017589137739878254,0.002014633535882183,-0.02291879234278235,0.0006865658239302752,0.0016843070843640267,0.00032819785196481035
BWD_Ma6_Kn0p2,BWD,0.2,1012,0.5943015435724993,0.2495,0.0285,189,-0.02312985055674378,0.001039067968058315,-0.023029583435711036,-0.023122710580624574,0.002845154902760793,0.000438806836959199,0.002642072828424201,0.0028405602115432345,-0.023803315681540198,0.0006959948529944429,0.0023579327754144307,0.0004289133489607438
BWD_Ma6_Kn0p2,BWD,0.2,1013,0.608536577131359,0.2491665,0.0275,211,-0.022536944408150704,0.000686573128886548,-0.022386139359211677,-0.022531855882386577,0.002185010592190483,0.0003885907489133456,0.002212662291582287,0.0021894131228364574,-0.022346567432655014,0.001612070049641486,0.0011302609720715924,0.0004760917837719247
BWD_Ma6_Kn0p2,BWD,0.2,1014,0.6227716106902187,0.24883349999999999,0.0265,244,-0.020502024889150466,0.0007203071129674264,-0.020140658170746145,-0.020495772131207672,0.001948481931788256,0.0006043030267986482,0.0019985710405466236,0.0019533676862477176,-0.02066328943902989,0.0014194122879241848,0.0018953438459902794,0.00046033161093778254
BWD_Ma6_Kn0p2,BWD,0.2,1015,0.6370066442490783,0.2485,0.025500000000000002,245,-0.01990005168686888,0.000638796207366229,-0.01999483138384143,-0.019892243024202828,0.0010799839055301084,0.0005187044683066556,0.001694761127927214,0.0010725067015652473,-0.0197376729961967,0.0018246204622990943,0.0023608350295284642,0.000712698650410598
BWD_Ma6_Kn0p2,BWD,0.2,1016,0.651241677807938,0.2481665,0.0245,256,-0.019230277153448504,0.0007275142267065732,-0.01925392622299858,-0.01922346617821489,0.0023398970111666783,0.0005194051230842153,0.0019009488641612026,0.0023453720351706816,-0.01975673982999397,0.0026839290560085553,0.002104334008919002,0.000658615445551156
BWD_Ma6_Kn0p2,BWD,0.2,1017,0.6654767113667976,0.24783349999999998,0.0235,252,-0.01952582498835092,0.000619662461089585,-0.019304585954487915,-0.019518933064132476,0.001533638021825711,0.0006881049938342225,0.0019032440703872285,0.0015385948533455315,-0.019057460722717762,0.0008422503933246174,0.0015865471958160088,0.0009213749484229508
BWD_Ma6_Kn0p2,BWD,0.2,1018,0.6797117449256573,0.2475,0.0225,271,-0.018425112524085997,0.0011681979288427036,-0.01858958262918091,-0.018416482319347338,0.0011584346207951508,0.0004282838317886338,0.001722443566792134,0.0011501160043381818,-0.017278161384452824,0.0013065323285167852,0.0020186970942641493,0.0011002670114953319
BWD_Ma6_Kn0p2,BWD,0.2,1019,0.693946778484517,0.2471665,0.0215,268,-0.01915462552764488,0.0011481137211519848,-0.019044475384980365,-0.01914740688704924,0.0011285244502335185,0.0003827858199228964,0.0016350533243837998,0.0011333778479363462,-0.012279114265537218,0.0007637938435120537,0.003054223824242541,0.0005071373077219299
BWD_Ma6_Kn0p2,BWD,0.2,1020,0.7081818120433767,0.24683349999999998,0.0205,290,-0.017434875915272312,0.00094706187027692,-0.017387131035752353,-0.017426688562416026,0.0009617500995301557,0.0005882169815408145,0.0012160044736515294,0.000967031228057673,-0.016980568514805793,0.0012990289812547446,0.002324723042847059,0.0006028435678038423
BWD_Ma6_Kn0p2,BWD,0.2,1021,0.7224168456022364,0.2465,0.0195,295,-0.0165106961276719,0.00047041008293881726,-0.016980311801636894,-0.016501131111156975,0.0010065799089743188,0.00047857227871059716,0.0009370006960953383,0.000997031337074207,-0.01964829434954008,0.0006346651101737528,0.0012969978856511135,0.0006622686377676929
BWD_Ma6_Kn0p2,BWD,0.2,1022,0.7366518791610961,0.2461665,0.0185,271,-0.01927662394445289,0.0006848651859275551,-0.019091473925168526,-0.01926944999764296,0.0010205457041074356,0.0003550426371589122,0.0010732742472447103,0.0010253057055490812,-0.014912966921728249,0.0013837674572956644,0.0007871500587277747,0.0007227684106014464
BWD_Ma6_Kn0p2,BWD,0.2,1023,0.7508869127199558,0.24583349999999998,0.0175,295,-0.016904405630316015,0.0007884493097461292,-0.017235437067767295,-0.01689589693822029,0.0008403179520129738,0.0003258565411653765,0.0014311893365581076,0.0008456919147594395,-0.01892581619220395,0.0019045416709080835,9.949924784230155e-05,0.0006684895976369352
BWD_Ma6_Kn0p2,BWD,0.2,1024,0.7651219462788155,0.2455,0.0165,324,-0.015456066578960448,0.0008170771018804504,-0.015577958811620624,-0.015445697939535772,0.001407421152927313,0.0003918701951994148,0.0010442478399426479,0.0013974529517522516,-0.01958482680618894,0.0016346077510814424,0.0013758184439413889,0.0007795733665356166
BWD_Ma6_Kn0p2,BWD,0.2,1025,0.7793569798376752,0.2451665,0.0155,323,-0.015724984982940997,0.0015005195289168282,-0.01564630323152339,-0.01571604474573658,0.001455185854208675,0.00047397968038696527,0.0010238457807633162,0.0014612427743604466,-0.0193131083904792,0.0013015469110201506,0.0011562827893013127,0.0005096406347252338
BWD_Ma6_Kn0p2,BWD,0.2,1026,0.7935920133965348,0.24483349999999998,0.014499999999999999,319,-0.0158624714227432,0.0006274865490797083,-0.016160998552619738,-0.015853359890814267,0.0006540375820315591,0.0002937547159265769,0.0006643546354696863,0.0006596260361336841,-0.014486963828309565,0.001578406861702987,0.0009915062564457915,0.0003454255010310868
BWD_Ma6_Kn0p2,BWD,0.2,1027,0.8078270469553945,0.2445,0.0135,332,-0.014868907051298485,0.0005546730754533802,-0.015208277008476073,-0.014858755730862363,0.0005256520523791216,0.00037804464879926617,0.0005298963977806867,0.0005148610268269974,-0.015977750177894837,0.002801229109718281,-0.00038921927650972896,0.0003849849623363999
BWD_Ma6_Kn0p2,BWD,0.2,1028,0.8220620805142542,0.2441665,0.0125,307,-0.01621660693762317,0.0004852202943011395,-0.016282289574113616,-0.01620783099989892,0.0011372366605942189,0.0003324004862345506,0.0006846087396161678,0.001142976435526469,-0.0165987920464421,0.001137277219057906,-0.0003699894888916501,0.0010149736197830562
BWD_Ma6_Kn0p2,BWD,0.2,1029,0.8362971140731139,0.24383349999999998,0.0115,309,-0.016515563163766615,0.0006382442199017855,-0.016713430374612585,-0.016506645656205306,0.0001892857783359767,0.00041305734028589477,0.00018805069952672958,0.00019443052421581116,-0.016400491477545222,0.001565429515135064,0.0004168003949330271,0.000809344078285987
BWD_Ma6_Kn0p2,BWD,0.2,1030,0.8505321476319734,0.2435,0.010499999999999999,313,-0.016049104665278986,0.0012157537692593595,-0.0163787066162902,-0.016039743707968773,0.0002624686556151509,0.0006704463004151531,0.0007322936338006209,0.0002522443300490006,-0.014429836625654106,0.00036500179113734704,0.0003572998714022152,0.0003787081920706781
BWD_Ma6_Kn0p2,BWD,0.2,1031,0.8647671811908331,0.2431665,0.0095,332,-0.014398197226101608,0.0009090558943577315,-0.014871908871639195,-0.01438824947125666,0.00045995821156151527,0.0005643375940228978,0.0002586064034101186,0.00046588183414160965,-0.014044468519208469,0.0008105642284378972,4.934835031961494e-05,0.0006835838785808478
BWD_Ma6_Kn0p2,BWD,0.2,1032,0.8790022147496926,0.24283349999999998,0.0085,351,-0.01445138278920897,0.0012787353141851016,-0.014764078736418867,-0.014441222144705154,-0.0003550066322418596,0.000458707355863559,0.00011562712415476096,-0.0003495331588539854,-0.018652265308085048,0.000598023635976131,-5.394441723338716e-06,0.001241005939534675
BWD_Ma6_Kn0p2,BWD,0.2,1033,0.8932372483085522,0.2425,0.0075,321,-0.016768722339428423,0.0009204880161335391,-0.01665490866898942,-0.016759575994351815,0.0005222365670856733,0.0005995141447626647,0.00016459285596406007,0.0005125845053410214,-0.01633937865609985,0.00034759582507777717,-0.00036651141633955124,0.0004182191438151853
BWD_Ma6_Kn0p2,BWD,0.2,1034,0.9074722818674118,0.2421665,0.006500000000000001,341,-0.015203816307629587,0.0013602094732022162,-0.015234232158436029,-0.015194230377504739,0.00024004409452365853,0.00036126469797406275,-0.0002291955569750117,0.0002456094144887049,-0.015622773560015062,0.0008049874444987753,-0.0008340152028517097,0.0011140350061634894
BWD_Ma6_Kn0p2,BWD,0.2,1035,0.9217073154262714,0.24183349999999998,0.0055,329,-0.015880627519741126,0.00024959494554616465,-0.01572850174501817,-0.015871320984109916,-3.99382059801898e-05,0.0004772348646668151,-0.0003091380117031865,-3.472673526562133e-05,-0.013306093698422904,0.0034701140163189846,-0.001476571982304261,0.0004080922490161173
BWD_Ma6_Kn0p2,BWD,0.2,1036,0.935942348985131,0.2415,0.0045000000000000005,337,-0.015618525898242636,0.0005870879733771065,-0.015604028207979903,-0.01560975150267489,-0.0011064346787468533,0.0006247095898490081,-0.000806951806086092,-0.0011176461658759386,-0.014964834940049427,0.0008419060729580713,0.0004596578121205198,0.001026361899380984
BWD_Ma6_Kn0p2,BWD,0.2,1037,0.9501773825439905,0.2411665,0.0035,353,-0.015010095077287183,0.0008173992516335,-0.015160622720432546,-0.015000211804297364,-0.000388155773918616,0.00045347448733112504,-0.0005016298881825366,-0.00038286797861340093,-0.017881382497721046,0.001243563309400114,-0.0007944758599306694,0.0006546125210224412
BWD_Ma6_Kn0p2,BWD,0.2,1038,0.9644124161028502,0.24083349999999998,0.0025,323,-0.01614239196705233,0.0007836121767000882,-0.016263011884464572,-0.0161330391215115,-0.0006561089817865825,0.0003604272870764475,-0.0001996806153469136,-0.0006513030164761933,-0.01750142017308242,0.001092007383979337,-0.0015390405982498691,0.0007007951301699215
BWD_Ma6_Kn0p2,BWD,0.2,1039,0.9786474496617098,0.2405,0.0015,336,-0.01644812099643602,0.001410824204332646,-0.01627200473570538,-0.016439524707705648,-0.0006503651608651273,0.0003105033582686469,-0.0005630099834187839,-0.0006608354803220173,-0.013892685160878028,0.002075803790038346,-0.0004582808007994664,0.0010827492598227816
BWD_Ma6_Kn0p2,BWD,0.2,1040,0.9928824832205694,0.2401665,0.0005,364,-0.014780230240042578,0.0011670384506596377,-0.014505014909824848,-0.014770238113606024,-0.0003414660540186199,0.000810918606811849,-0.0006144096474838597,-0.0003360826415570751,-0.01593324868257847,0.0015633086402403857,-0.00010701790876074227,0.0011473591074288062
BWD_Ma6_Kn0p4,BWD,0.4,981,0.009549149887236832,0.2205,0.0005,8634,0.4192874906784768,0.008910276457223124,0.41737891705730784,0.41952910067067933,0.00632997504425523,0.0026549666325873683,0.007364652465124866,0.006333358015856655,0.4025607923384315,0.008870227380665587,0.01977453129025067,0.001543003692676457
BWD_Ma6_Kn0p4,BWD,0.4,982,0.028647449661710497,0.2215,0.0015,8536,0.41875651463223945,0.0037686962831616983,0.4205608072891039,0.4189977825656669,0.01868815201870126,0.004220042919821405,0.018710592759571588,0.018698142458693588,0.4094737794119748,0.00832678045278202,0.024139060669350346,0.0033539562378775735
BWD_Ma6_Kn0p4,BWD,0.4,983,0.04774574943618416,0.2225,0.0025,8849,0.44430009807357357,0.005534522870302922,0.44437312771293447,0.44455488667065735,0.023805119763271515,0.002113140207642525,0.023405227048955136,0.02381781493564521,0.43290207126988306,0.009423605917315982,0.02393448752697985,0.005100359752081357
BWD_Ma6_Kn0p4,BWD,0.4,984,0.06684404921065783,0.2235,0.0035,9019,0.45851580160191974,0.008365190095115571,0.4574136520912325,0.4587784558263774,0.036812219123607375,0.002950663139010578,0.039747020219829766,0.03683185724038863,0.45442001481124555,0.00961720720147167,0.03717174851724342,0.002696745723043743
BWD_Ma6_Kn0p4,BWD,0.4,985,0.08594234898513149,0.2245,0.0045000000000000005,9014,0.4645345074424264,0.004990347935210743,0.46405008258098573,0.4648002161939023,0.03830741193108248,0.0021712478359345753,0.036520114380077316,0.03832785322189876,0.4617053594655295,0.0062472542415544455,0.045846722635446924,0.0038958312647939908
BWD_Ma6_Kn0p4,BWD,0.4,986,0.10504064875960516,0.2255,0.0055,9350,0.48252143095681677,0.004613649551130605,0.48319409363322163,0.4827965851321503,0.04454683576034592,0.0016844749584942096,0.04488006105570307,0.044570613225862976,0.48341644517721705,0.011309303960391745,0.04823038587781313,0.0023992923066037705
BWD_Ma6_Kn0p4,BWD,0.4,987,0.12413894853407884,0.2265,0.006500000000000001,9488,0.49390340533724314,0.010627615292678801,0.4946946328522861,0.4941848058463771,0.047554926514752356,0.0027607708000584024,0.04894104457730764,0.04758029827396537,0.4800852008562112,0.008327009002226608,0.04255738138705535,0.0076866312417442255
BWD_Ma6_Kn0p4,BWD,0.4,988,0.1432372483085525,0.2275,0.0075,9681,0.5039300860822571,0.0055348244632922655,0.5048380027759654,0.5042166773081108,0.057345288137675254,0.002994497273546842,0.059661517169691904,0.05737587818668164,0.5032532822000193,0.009479801370075282,0.05228359816047287,0.004882190065163869
BWD_Ma6_Kn0p4,BWD,0.4,989,0.16233554808302614,0.2285,0.0085,9921,0.519910236792412,0.008880080279723084,0.5194581756505258,0.5202053773279484,0.05746961802212378,0.0015892772836940006,0.05710873502640246,0.05750026007622081,0.524051432150265,0.006627094558967892,0.06527318933547993,0.006917762949676836
BWD_Ma6_Kn0p4,BWD,0.4,990,0.1814338478574998,0.2295,0.0095,9784,0.5205417787049437,0.004290218993487571,0.5212378275789982,0.5208373627969956,0.06308314236639452,0.001471599056537976,0.0640974548774132,0.06311677904140514,0.5280135953445434,0.011501476424137647,0.07362650626555287,0.0015877430949555811
BWD_Ma6_Kn0p4,BWD,0.4,991,0.20053214763197344,0.2305,0.010499999999999999,10118,0.5377726990524525,0.004203600384094117,0.5381106740969036,0.5380774661602349,0.08188212358240857,0.001565732714993169,0.08067560940355856,0.08192579831877074,0.5297196234334682,0.008952774194779897,0.08643837225556159,0.002041971894832078
BWD_Ma6_Kn0p4,BWD,0.4,992,0.2196304474064471,0.2315,0.0115,10445,0.5587723472289691,0.007833447709177523,0.5592420947490926,0.5590882739551188,0.08013391728321931,0.004373007839506055,0.08096716299591375,0.08017668674422147,0.543297664604796,0.009210792713414215,0.08329726490308581,0.003471714600938991
BWD_Ma6_Kn0p4,BWD,0.4,993,0.23872874718092077,0.2325,0.0125,10350,0.5545280571984168,0.004460118005441932,0.5543006338831427,0.554841679230167,0.08499547076892196,0.002245969356191195,0.08587512440608798,0.08504077793759927,0.5496081360654086,0.0056024936868023555,0.09432628139948912,0.004433480753545847
BWD_Ma6_Kn0p4,BWD,0.4,994,0.25782704695539443,0.2335,0.0135,10833,0.5818878367294342,0.004730331446393315,0.5818201189126644,0.5822159962730492,0.09614802933326404,0.0033583843894554994,0.09583797289564841,0.09619934897383522,0.5636063622429559,0.008081147607591928,0.09232437226913962,0.008998566857427639
BWD_Ma6_Kn0p4,BWD,0.4,995,0.27692534672986807,0.2345,0.014499999999999999,10811,0.5859638328612895,0.005886569587595908,0.5863819465692471,0.5862943936915113,0.1035287297689986,0.001980869918050087,0.10146827351393564,0.10358389970712774,0.5976364000820399,0.009926672327394382,0.09695473789025055,0.008511627318507175
BWD_Ma6_Kn0p4,BWD,0.4,996,0.2960236465043417,0.2355,0.0155,10782,0.5850275148029468,0.007254895559237978,0.5843363247173325,0.5853574125810042,0.11235297956679198,0.00392840138787113,0.11036182160990664,0.11241286680254363,0.5809110944179855,0.01007616007603859,0.10574060236520642,0.004308768415615495
BWD_Ma6_Kn0p4,BWD,0.4,997,0.31512194627881535,0.2365,0.0165,10917,0.5862633314980821,0.006669731924786521,0.5869717612586698,0.5865939309606877,0.10621738166070985,0.00170891849052212,0.10921723297148182,0.10627414713305154,0.5933502564730225,0.011132193501674803,0.11731857666181678,0.008391589395854687
BWD_Ma6_Kn0p4,BWD,0.4,998,0.33422024605328904,0.2375,0.0175,10880,0.5998136290976952,0.007805324173952631,0.5996936954729877,0.6001514459730106,0.12483761145706156,0.0016200497390427262,0.12164064343349121,0.12490411955607421,0.6010370949557527,0.007971820619766319,0.12881370064981826,0.004629553111449337
BWD_Ma6_Kn0p4,BWD,0.4,999,0.3533185458277627,0.2385,0.0185,11350,0.6171930526850821,0.001810418664479233,0.6172511910920754,0.6175401602323422,0.1310843744190738,0.0031286699578421695,0.13122923265066402,0.1311541018305757,0.6212451900782501,0.008760707221909874,0.1268477874777602,0.005597133376850875
BWD_Ma6_Kn0p4,BWD,0.4,1000,0.3724168456022363,0.2395,0.0195,11306,0.6195434499654027,0.0012016633067480629,0.6199504021305399,0.6198918148812844,0.14045690304363495,0.0020662350733596513,0.14003582246857876,0.14053179609399002,0.619780681325652,0.008422515772240024,0.14470608468309804,0.007209932691737595
BWD_Ma6_Kn0p4,BWD,0.4,1001,0.39151514537671,0.2405,0.0205,11430,0.6290340237526338,0.013558196047254755,0.6307847107909064,0.6293874762524554,0.14895391874168915,0.002315982038610411,0.14833052429934307,0.14903366125649392,0.6255571714918364,0.014527599989682153,0.14275053751774736,0.003902312708713119
BWD_Ma6_Kn0p4,BWD,0.4,1002,0.41061344515118364,0.2415,0.0215,11202,0.6136352786193362,0.004101033941195552,0.6143552227810122,0.6139803185976749,0.1547765047092347,0.002242517228382136,0.15174640393763514,0.15485914699520573,0.6127375889950586,0.006286617145754604,0.14683733566213908,0.006518819720694038
BWD_Ma6_Kn0p4,BWD,0.4,1003,0.4297117449256573,0.2425,0.0225,11145,0.6189056043615434,0.005946367550692365,0.6186900342111272,0.6192535371704451,0.15529065864192165,0.0032459329836003964,0.1557557104139417,0.15537341617839137,0.632532645738132,0.005608128085264414,0.1634644104208057,0.005419203501397539
BWD_Ma6_Kn0p4,BWD,0.4,1004,0.4488100447001309,0.2435,0.0235,11183,0.6236656243011686,0.004523778823130464,0.6230872212452948,0.6240162188586594,0.17326531427255004,0.003940489041200862,0.1698422318886899,0.17335782128570382,0.6290194373040969,0.010493936421302183,0.15861804313492933,0.000987746685468977
BWD_Ma6_Kn0p4,BWD,0.4,1005,0.4679083444746046,0.2445,0.0245,11042,0.6203443119589405,0.006014423354562731,0.6198174544478189,0.6206930367232718,0.17790410227411066,0.0018699414334155718,0.17697871798443937,0.17799890541503904,0.6004241342728898,0.008941874271020686,0.1683084453551728,0.0022822483472592857
BWD_Ma6_Kn0p4,BWD,0.4,1006,0.48700664424907825,0.2455,0.025500000000000002,11179,0.637931024372771,0.0030933379200335123,0.6376102634801818,0.6382889846736485,0.20051796054656798,0.004650495698283235,0.20180338710144885,0.200624978259183,0.6357640205308388,0.0072045174786914655,0.19770151652416795,0.006280139644878361
BWD_Ma6_Kn0p4,BWD,0.4,1007,0.5061049440235519,0.2465,0.0265,10760,0.6116938882879394,0.005313937169396485,0.6127276098644623,0.6120378186234691,0.20316232885762525,0.0028731092048610895,0.20172149195295558,0.20327064845545068,0.5974225510186912,0.012941267252449457,0.19478348563603537,0.004334142009080877
BWD_Ma6_Kn0p4,BWD,0.4,1008,0.5252032437980255,0.2475,0.0275,10517,0.6106924809517035,0.007274587190615767,0.6106310140939145,0.6110361253463157,0.21782856978752047,0.004825575639859482,0.21923315711586122,0.21794464623602652,0.6091395372736796,0.006581642139415389,0.2145188075059153,0.0031147492418027536
BWD_Ma6_Kn0p4,BWD,0.4,1009,0.5443015435724992,0.2485,0.0285,10415,0.6068988315523309,0.00214858982424262,0.6083611387139488,0.6072405929617142,0.23473573404742093,0.001259940531387438,0.23686333313878244,0.23486096554281502,0.606051095016887,0.00936903972446856,0.2324242700417718,0.008419877483280996
BWD_Ma6_Kn0p4,BWD,0.4,1010,0.5633998433469729,0.2495,0.0295,9786,0.5917844855161346,0.004406873919642168,0.5918054234096763,0.5921179366582808,0.2587985527374384,0.0037814020222144058,0.2583656316005811,0.25893650942301194,0.5811456503743576,0.015349289078021338,0.2433482270601956,0.008056406639928619
BWD_Ma6_Kn0p4,BWD,0.4,1011,0.5800665100136396,0.2498335,0.0295,212,-0.021862933207768352,0.0007930982008442679,-0.02171635295320452,-0.02185753892935594,0.0023481520600983495,0.00021384365280068798,0.002205909658689805,0.0023528413599508344,-0.02332978751993004,0.001211536177782275,0.0022697784762813326,0.0003493337810322797
BWD_Ma6_Kn0p4,BWD,0.4,1012,0.5943015435724993,0.2495,0.0285,248,-0.01945074509269095,0.0016489297220685806,-0.019771669555244932,-0.01944221695459189,0.0019105395821375029,0.0001918503244177388,0.0022182094660779714,0.0019032352680210664,-0.02057267387619709,0.0014183217551396678,0.0012553728151150178,0.0012487377124918463
BWD_Ma6_Kn0p4,BWD,0.4,1013,0.608536577131359,0.2491665,0.0275,250,-0.01966823710323693,0.0004615807351668549,-0.019736054257798806,-0.01966146390570461,0.001654394341119959,0.0005830087810510813,0.0016620170593785253,0.0016593745159829514,-0.01865120247640774,0.0009588351212034702,0.0007999594628353638,0.0008920991684699789
BWD_Ma6_Kn0p4,BWD,0.4,1014,0.6227716106902187,0.24883349999999999,0.0265,248,-0.020236141052855476,0.0005427162539127175,-0.020346021539799343,-0.02022961955053299,0.0014951972734281306,0.0005188320358382985,0.001949641835945168,0.0014999213775242631,-0.02080820104082599,0.0012376549047589526,0.0023675981380151985,0.0001894021602747201
BWD_Ma6_Kn0p4,BWD,0.4,1015,0.6370066442490783,0.2485,0.025500000000000002,228,-0.020500734831390418,0.0006147843915846149,-0.020753990561248704,-0.02049267923026137,0.0020348569773683866,0.0003384956041946078,0.0015196092059545905,0.002028251198148402,-0.01840909675018997,0.0011922159245470125,0.001990205355361608,0.000378402189691794
BWD_Ma6_Kn0p4,BWD,0.4,1016,0.651241677807938,0.2481665,0.0245,244,-0.01975732438741649,0.0009481668921116856,-0.020107434708848942,-0.019750763232412545,0.002224004505153594,0.0003230213700697678,0.0019911136078797033,0.0022292614899800498,-0.019100193886019294,0.00023511919459627507,0.002226838508422215,0.0008966546744668665
BWD_Ma6_Kn0p4,BWD,0.4,1017,0.6654767113667976,0.24783349999999998,0.0235,296,-0.01801318095558123,0.0008087581971831659,-0.017526274518146732,-0.01800567979256034,0.0022751673957748884,0.00035532650833981435,0.0018688133336070493,0.0022809743278060985,-0.01606372043331042,0.0008554761358132066,0.003500322014154761,0.0004340335058194279
BWD_Ma6_Kn0p4,BWD,0.4,1018,0.6797117449256573,0.2475,0.0225,291,-0.016930368042736947,0.0005989294087623616,-0.017386772033069507,-0.016920590233427037,0.0017168242656579995,0.0003019440700282445,0.0016544635475598667,0.0017079044960560668,-0.015386568382074773,0.0024034811659467675,0.0011873741105693787,0.0008780594653422197
BWD_Ma6_Kn0p4,BWD,0.4,1019,0.693946778484517,0.2471665,0.0215,279,-0.017781703546136562,0.001220359368206649,-0.018108545976081813,-0.017773837143325418,0.0013357556851624768,0.00031170425769771196,0.0013558650222058562,0.0013411300046990127,-0.018717061391032828,0.0006881400353829286,0.0012352507657754383,0.0005304335078417312
BWD_Ma6_Kn0p4,BWD,0.4,1020,0.7081818120433767,0.24683349999999998,0.0205,301,-0.016754377776721546,0.0007611233768353727,-0.016771179216136318,-0.016745824433408715,0.0009538825399391347,0.0003922178155037726,0.0010389578734939895,0.0009593634003905152,-0.01742462142205467,0.0019742553960870077,0.0006098608122823265,0.0005234064346713909
BWD_Ma6_Kn0p4,BWD,0.4,1021,0.7224168456022364,0.2465,0.0195,312,-0.01683919907444459,0.001118038745629217,-0.016606645993316328,-0.01682942066609359,0.0016305222495753024,0.00023768633417255294,0.0020586843723812954,0.001621502567985483,-0.016182702607116958,0.00035834263087111505,0.0014353134159925279,0.0007869717369991418
BWD_Ma6_Kn0p4,BWD,0.4,1022,0.7366518791610961,0.2461665,0.0185,304,-0.016913025561712692,0.0008676907913340528,-0.016971630707043463,-0.016904689742942826,0.0013950578687481352,0.00046476813125023074,0.0016542970589550278,0.0014007262766098584,-0.013724831054599283,0.0011351839378686969,0.0015371411698690877,0.0010471291452508282
BWD_Ma6_Kn0p4,BWD,0.4,1023,0.7508869127199558,0.24583349999999998,0.0175,310,-0.01616331142641126,0.0009315373280364787,-0.015980663933365273,-0.01615448775897802,0.0010817106757357183,0.00028553596770991075,0.0007636581681758814,0.0010874380740255886,-0.014492397097142713,0.001124028644651031,0.0018407693052785617,0.000489218782752464
BWD_Ma6_Kn0p4,BWD,0.4,1024,0.7651219462788155,0.2455,0.0165,325,-0.0152169074619446,0.0009311636546134109,-0.01522362540690469,-0.015206615032396245,0.0010795119928819169,0.00011463372051753958,0.0010019365758023144,0.0010692247378462766,-0.014375393989218062,0.0008098635728021791,0.0007938773932654022,0.0009888522157879267
BWD_Ma6_Kn0p4,BWD,0.4,1025,0.7793569798376752,0.2451665,0.0155,324,-0.015873180368126315,0.0009672364095297353,-0.0158794223013077,-0.015864180943730384,0.0009990792897793096,0.0006245532789752801,0.001161237836885486,0.0010048484404974768,-0.016931082705416517,0.0007632836442566183,0.00047955822391460874,0.0006138698949513931
BWD_Ma6_Kn0p4,BWD,0.4,1026,0.7935920133965348,0.24483349999999998,0.014499999999999999,347,-0.014899274717775033,0.0011012856369554123,-0.014534706045237055,-0.014889477169103072,0.00011779170839247765,0.0005527254772541863,0.0011085616678118866,0.000123383008978201,-0.014746432192704094,0.00201516823955957,0.0015387553799427341,0.0013393851899675955
BWD_Ma6_Kn0p4,BWD,0.4,1027,0.8078270469553945,0.2445,0.0135,304,-0.016965917929874584,0.001126134630941818,-0.01714270542093046,-0.01695716644998754,4.428964847081685e-05,0.00047881117466877884,0.00020662892660584052,3.4501599894777104e-05,-0.01793938012287085,0.0016489934952277972,-2.9198950816413153e-05,0.00035871503004551275
BWD_Ma6_Kn0p4,BWD,0.4,1028,0.8220620805142542,0.2441665,0.0125,305,-0.016283521354051932,0.00071770638158023,-0.016532636244709492,-0.016274662576631793,0.0007834142252072813,0.0004209926098305657,0.000406032488426796,0.0007889452828877319,-0.016103906465523225,0.0009616326917546556,0.00020056563441025275,0.0005848457557308878
BWD_Ma6_Kn0p4,BWD,0.4,1029,0.8362971140731139,0.24383349999999998,0.0115,322,-0.015293504641447348,0.0007217673416110371,-0.015439954169682349,-0.015283877587465378,-6.527249729924992e-05,0.00030087078160790975,-0.0003039197901998521,-5.989735293012033e-05,-0.01859384621520114,0.0020371258536115316,-0.00013038683440050306,0.0002468137116146707
BWD_Ma6_Kn0p4,BWD,0.4,1030,0.8505321476319734,0.2435,0.010499999999999999,313,-0.016594044120793978,0.0011119857538711355,-0.01691752276402092,-0.016584875377681392,0.00041462746312812964,0.00042247365613074406,0.0003764047478545578,0.0004048121529455624,-0.016149608227647588,0.0007353472933591119,0.0007089296736545777,0.0007412448512698996
BWD_Ma6_Kn0p4,BWD,0.4,1031,0.8647671811908331,0.2431665,0.0095,316,-0.01616501195709496,0.0009371603268096233,-0.016638762886702553,-0.016155880729015727,7.239012039372462e-05,0.00041668867691753306,8.98358233352053e-05,7.757738916898868e-05,-0.01627714802892489,0.0006553916938407992,-0.0005303535216140486,0.000633313074390014
BWD_Ma6_Kn0p4,BWD,0.4,1032,0.8790022147496926,0.24283349999999998,0.0085,335,-0.014910269528229969,0.0014661893950675363,-0.015043643756083577,-0.014900483821571933,0.0001477047657783013,0.0002904128120972737,0.0002912788913405222,0.00015330939421172575,-0.018107545748779156,0.0011980221934596818,0.0006803203342512588,0.00018341370418989826
BWD_Ma6_Kn0p4,BWD,0.4,1033,0.8932372483085522,0.2425,0.0075,296,-0.01740104854843928,0.0010105646136543448,-0.01750423677680666,-0.017392740851417524,-0.0002737348257213886,0.0010760226055561743,-0.0003030645485223355,-0.0002834341303355332,-0.017183028786991458,0.002317394126203,-9.944718584280173e-05,0.00024175087810364985
BWD_Ma6_Kn0p4,BWD,0.4,1034,0.9074722818674118,0.2421665,0.006500000000000001,257,-0.019830036733891825,0.00039968968514682377,-0.019699902173969518,-0.019822887372895497,0.00012550747277322702,0.00033062955004983525,0.00030605078622285926,0.00012962239738739808,-0.01728757110973385,0.002184127008267749,0.0003991177009413057,0.0005072655191010568
BWD_Ma6_Kn0p4,BWD,0.4,1035,0.9217073154262714,0.24183349999999998,0.0055,281,-0.01822262476487419,0.0015720553406851363,-0.018452562392828734,-0.018214472059505122,-0.0003680868503071046,0.0005340060698706682,-0.00012963788252877848,-0.0003637519935900345,-0.01637348089319425,0.0011770526345700697,-0.0003038159959035505,0.0008466948537680894
BWD_Ma6_Kn0p4,BWD,0.4,1036,0.935942348985131,0.2415,0.0045000000000000005,304,-0.017250624881668432,0.0006213749992983108,-0.017440112953739574,-0.01724224551763825,-0.00030086255833747374,0.0002735975678588171,-0.0003283013303328841,-0.00031066557944339697,-0.018620911773604382,0.0013497817953762804,7.264048968532832e-06,0.0006903873412340629
BWD_Ma6_Kn0p4,BWD,0.4,1037,0.9501773825439905,0.2411665,0.0035,265,-0.01964343281085059,0.0007595990602817748,-0.01952348161478038,-0.019635827244514174,-0.0010562666590892425,0.0005456626308498203,-0.0007814840159818311,-0.0010527251759730402,-0.02007853044498392,0.0008208707357716365,-0.00029928470291055347,0.0011724011413603707
BWD_Ma6_Kn0p4,BWD,0.4,1038,0.9644124161028502,0.24083349999999998,0.0025,297,-0.01851576107135016,0.0009969250032237492,-0.01809357478836987,-0.018507796124180943,-0.00022750160825340068,0.0007490409826639136,-0.0007010426624630735,-0.0002231800355536332,-0.020673331365912064,0.0008568598551057209,0.0001984734314699756,0.0005463928854493286
BWD_Ma6_Kn0p4,BWD,0.4,1039,0.9786474496617098,0.2405,0.0015,329,-0.016519807160602227,0.0010454404317098607,-0.016515519735777487,-0.01651124672570279,-0.0006812550550835711,0.00045638776503834213,-0.0003905792178526363,-0.0006916999990570028,-0.017027085725372232,0.001671007337781359,-0.0005750032590304712,0.0009233104855329771
BWD_Ma6_Kn0p4,BWD,0.4,1040,0.9928824832205694,0.2401665,0.0005,282,-0.018854064059175012,0.0009628063349831042,-0.01872772345716347,-0.018846226700118186,-0.0003817180478912953,0.0003041076333367515,-0.00032609984653611936,-0.00037758052344838926,-0.02045086970104045,0.001097694250384181,0.0005182327849857907,0.0006371884204004023
FWD_Ma6_Kn0p2,FWD,0.2,981,0.0071175167794298375,0.21983350000000002,0.0005,12020,0.5679003854661326,0.009087025641193989,0.5677684379865239,0.5682204317833698,-0.004822327722001734,0.0030056898603712584,-0.001193613400739995,-0.0050053748176368575,0.5820776438072547,0.006519872019575074,-0.006398488034788128,0.0027202731918775772
FWD_Ma6_Kn0p2,FWD,0.2,982,0.021352550338289512,0.2195,0.0015,12082,0.5783879686654179,0.00517230002530365,0.5787926481737272,0.5787105936350652,0.004973357328270147,0.002938976824420583,0.0038683460847563503,0.005343163752494779,0.58559689938704,0.015230287177176232,-0.0004658623647705992,0.005353927636427667
FWD_Ma6_Kn0p2,FWD,0.2,983,0.035587583897149194,0.2191665,0.0025,12030,0.5809871418569656,0.008218325318606296,0.5796015089405965,0.5813144077774116,6.448840273138808e-06,0.004371064503119523,0.0014327294059321815,-0.0001779437944945953,0.5777154527592574,0.01672131439719704,0.0015788301213608994,0.004107848179673959
FWD_Ma6_Kn0p2,FWD,0.2,984,0.04982261745600886,0.21883350000000001,0.0035,11839,0.5746812515673758,0.003994258692997695,0.5734582607340013,0.5750071004441152,0.003968599951248514,0.0036706244818299136,0.0021344417211561,0.0037882048631626723,0.5707218370757111,0.013993961592566145,0.0073293435970134095,0.005551157519376227
FWD_Ma6_Kn0p2,FWD,0.2,985,0.06405765101486853,0.2185,0.0045000000000000005,11742,0.568692744806252,0.007368288217082947,0.5694781233752918,0.569012623193427,0.0019149728594330024,0.003316516614566941,0.0038392480203451847,0.0022773174643338336,0.5641780923866129,0.009431709190668866,-0.003987773198387198,0.008480405306078787
FWD_Ma6_Kn0p2,FWD,0.2,986,0.0782926845737282,0.21816649999999999,0.0055,11796,0.5762623053107963,0.00962862004898126,0.579130757723229,0.5765913973980037,0.010022339644166007,0.005326203297767792,0.010203728781791644,0.00984468990896518,0.5788579968123665,0.004749436757960276,0.01521439958548629,0.003326995148431303
FWD_Ma6_Kn0p2,FWD,0.2,987,0.09252771813258788,0.2178335,0.006500000000000001,11527,0.5712274151097974,0.005402111574183349,0.5712076015952788,0.5715527760001997,0.010170305250047262,0.0035120783871776446,0.007762624554880198,0.009994250235510583,0.5668654073086411,0.00403560331442519,0.02428138514688686,0.0020337330687009536
FWD_Ma6_Kn0p2,FWD,0.2,988,0.10676275169144755,0.2175,0.0075,11357,0.5699879334778439,0.009179216880503962,0.5690003978643858,0.5703029047730382,0.011086477866182885,0.0023741520963333432,0.012003107718238358,0.011454502511900758,0.585531846758515,0.005695200257843682,0.012341411729860082,0.00438236638651084
FWD_Ma6_Kn0p2,FWD,0.2,989,0.12099778525030724,0.21716649999999998,0.0085,11246,0.5700634311763011,0.0039393307113784306,0.5694543704054138,0.5703891459546311,0.01390926658854938,0.0056286052498257765,0.0083472908572725,0.01373556510221673,0.5669487846212578,0.008665467189237672,0.012153820053327907,0.004847199155429319
FWD_Ma6_Kn0p2,FWD,0.2,990,0.13523281880916693,0.2168335,0.0095,11060,0.5683211202128751,0.007302029111753087,0.5668592940821491,0.5686449502836436,0.007257017563542484,0.004166549408176055,0.009548570185515541,0.0070802864530361805,0.59447246012679,0.011059705607357055,0.01600410989144907,0.0021381754906066113
FWD_Ma6_Kn0p2,FWD,0.2,991,0.14946785236802662,0.2165,0.010499999999999999,11200,0.5814408610350729,0.005135170398075376,0.5809951496140243,0.5817593291163364,0.01570619851444461,0.002081083611779736,0.016188048390895524,0.01608355564906274,0.5869052818311778,0.01574633233727286,0.02517595862057958,0.0030706712562865923
FWD_Ma6_Kn0p2,FWD,0.2,992,0.16370288592688628,0.21616649999999998,0.0115,11006,0.5735326603685165,0.005145041285471666,0.5746063300438798,0.5738609888237922,0.015286805513855629,0.003679542132454261,0.014849324126422314,0.015112783642585165,0.5691028512362213,0.008358489840717305,0.0141325254849981,0.0022941732860766455
FWD_Ma6_Kn0p2,FWD,0.2,993,0.17793791948574597,0.2158335,0.0125,10996,0.5806719572905906,0.009357994110619411,0.5798922894947098,0.5810066410032697,0.024586429563591423,0.0024605256303692966,0.022155281476494235,0.024415238193040947,0.5749465929930218,0.012018877697154408,0.02674775381405234,0.008288823716023342
FWD_Ma6_Kn0p2,FWD,0.2,994,0.19217295304460566,0.2155,0.0135,10835,0.5833473611679594,0.006251484753695073,0.5825846971747415,0.583665585918536,0.01900245956458375,0.0058055704232819845,0.022041667257778563,0.019382722016016426,0.5586046397201629,0.0042060567200352785,0.026438749156199686,0.007357696247106982
FWD_Ma6_Kn0p2,FWD,0.2,995,0.20640798660346532,0.21516649999999998,0.014499999999999999,10691,0.5840803485316219,0.006722026598632058,0.5847450049107623,0.5844190723918004,0.02987931323485484,0.0028868198163184014,0.029421097055944968,0.0297099221564446,0.5966292754443674,0.01861767849699325,0.022916872408891186,0.004131594880626169
FWD_Ma6_Kn0p2,FWD,0.2,996,0.220643020162325,0.2148335,0.0155,10761,0.5960859485610525,0.00420699133414365,0.5975542830978526,0.5964302273561022,0.027897331437639988,0.002680107036744033,0.028749623367510968,0.02772327348370367,0.6114603585138764,0.004008648797205204,0.04160128270372936,0.00577747650153132
FWD_Ma6_Kn0p2,FWD,0.2,997,0.2348780537211847,0.2145,0.0165,10683,0.6010358122278663,0.00527641891794667,0.6002366518634583,0.6013538717965516,0.035029807629915484,0.002269418884602001,0.03580437637116886,0.035429196455444026,0.6161221581467708,0.008661077368202192,0.03833449708160026,0.0031943949533146773
FWD_Ma6_Kn0p2,FWD,0.2,998,0.24911308728004436,0.21416649999999998,0.0175,10573,0.6010761265328678,0.00511738037466908,0.6006855860343283,0.601426331615421,0.0405195143617722,0.00201474957192627,0.04062415382067956,0.04035071120415448,0.611361405219782,0.010884711288955242,0.03850140041570574,0.007841764764489665
FWD_Ma6_Kn0p2,FWD,0.2,999,0.2633481208389041,0.2138335,0.0185,10644,0.6123377443881806,0.006723686694310443,0.6138408244279374,0.6126927552150377,0.033835437656705776,0.004048948377102365,0.035402659167617596,0.03365968346844941,0.6313453894558394,0.007063362312867699,0.03681062743849102,0.0022387484640270703
FWD_Ma6_Kn0p2,FWD,0.2,1000,0.27758315439776376,0.2135,0.0195,10775,0.6334060001819359,0.008252820739050823,0.632283225282338,0.6337416809630274,0.03186192119701679,0.002369768732602703,0.035890066894734535,0.03227906121072225,0.6387311533789451,0.017145177936134896,0.03950845719747326,0.004066171285825484
FWD_Ma6_Kn0p2,FWD,0.2,1001,0.2918181879566234,0.21316649999999998,0.0205,10949,0.6493037631124151,0.0021054120727013485,0.6507987941430692,0.6496806000260329,0.03991715690737255,0.004630279437817516,0.04102867059173277,0.03973356018046542,0.6515172017038355,0.012473863524541887,0.038212696099312236,0.007757117203754306
FWD_Ma6_Kn0p2,FWD,0.2,1002,0.3060532215154831,0.2128335,0.0215,10988,0.672226476936237,0.011071486340103315,0.6712858972959668,0.6726167355181554,0.045717273351535,0.005667400358268045,0.047368465024940756,0.04552980981433966,0.660837136032806,0.014177618831498102,0.0276234107536998,0.0065966336909979205
FWD_Ma6_Kn0p2,FWD,0.2,1003,0.3202882550743428,0.2125,0.0225,10815,0.6754516213363528,0.005748445700464756,0.6748080023381334,0.6758047546631482,0.04206580694472201,0.002674848480675014,0.042172912941113735,0.042513639533531544,0.7038185988037788,0.005560606893785019,0.041517360099768766,0.003651713641245873
FWD_Ma6_Kn0p2,FWD,0.2,1004,0.33452328863320246,0.21216649999999998,0.0235,11055,0.7010973832161815,0.00487506611389645,0.7018349163229656,0.7014999743510918,0.03535000374086922,0.0030294819406510905,0.03312481583361319,0.03514839606113908,0.7280942240540811,0.008257210605683204,0.042118338777619425,0.0039903218714953835
FWD_Ma6_Kn0p2,FWD,0.2,1005,0.34875832219206215,0.2118335,0.0245,11283,0.724207741805101,0.007773194605031888,0.7247083552128011,0.7246235039062027,0.03838275648655588,0.0037922808708262586,0.03870420087784342,0.038175779061436516,0.732303403989914,0.017345034259892332,0.029416423818981748,0.004806009176767684
FWD_Ma6_Kn0p2,FWD,0.2,1006,0.36299335575092184,0.2115,0.025500000000000002,11537,0.7620716700498222,0.011012928620039534,0.7609057641723136,0.7624763707043127,0.033981669983997265,0.003178912488453907,0.03378768190355055,0.03447721993699619,0.7568612293752263,0.010408793126989835,0.03563619295349035,0.005034138954378514
FWD_Ma6_Kn0p2,FWD,0.2,1007,0.37722838930978153,0.21116649999999998,0.0265,11641,0.7860073724102259,0.008808726030787892,0.7854465903884953,0.7864524856592083,0.028328223852010354,0.004450524935473519,0.030377885382184396,0.02809740319073837,0.7832405283592404,0.01525716596931741,0.030765959961864823,0.002496872230972365
FWD_Ma6_Kn0p2,FWD,0.2,1008,0.3914634228686412,0.2108335,0.0275,11288,0.8076854736905487,0.006698511749705384,0.8078607136772851,0.8081407226018664,0.02338961943470981,0.006530307475496742,0.02335301393732926,0.02314962025068143,0.8243134752820767,0.018719218441076175,0.030809186078532984,0.004280791847656846
FWD_Ma6_Kn0p2,FWD,0.2,1009,0.4056984564275009,0.2105,0.0285,11298,0.8658934662137266,0.00445954605225241,0.8657001382762944,0.8663655045447969,0.013464435230451677,0.008328891173365919,0.012504626192466978,0.014011325145648753,0.8763821488940573,0.015594778914379914,0.01196331815255167,0.015387552360930142
FWD_Ma6_Kn0p2,FWD,0.2,1010,0.4199334899863606,0.21016649999999998,0.0295,11423,0.9084096652556148,0.010147413143029495,0.9098144249644701,0.9089098932550315,-0.00802189755423025,0.006636349345667928,-0.007991913017930771,-0.008308875734409521,0.9194579837881018,0.008646373980887216,-0.013428472942471044,0.0066425027377535065
FWD_Ma6_Kn0p2,FWD,0.2,1011,0.43660015665302726,0.2105,0.0295,666,-0.006611914347743333,0.0006048032710272139,-0.006367912693544989,-0.006597673795388799,0.01556191573944791,0.0009200572628219434,0.014828468539029657,0.015570229201727903,-0.00826210529177273,0.0028822979788108768,0.013136840300285654,0.0030612907368242352
FWD_Ma6_Kn0p2,FWD,0.2,1012,0.4556984564275009,0.2115,0.0285,606,-0.007978254102725962,0.0010607624911525763,-0.00806141776652831,-0.007964740032621423,0.013055052507364282,0.001135380566650797,0.013220871014002395,0.013062017000660217,-0.005634730411408068,0.002304639108084411,0.014296951940944116,0.0013129564158717406
FWD_Ma6_Kn0p2,FWD,0.2,1013,0.47479675620197453,0.2125,0.0275,423,-0.015312833518227131,0.0009251980437209332,-0.01515355432878723,-0.015303227348748515,0.011231018869110385,0.0007229943264546879,0.011009766772114274,0.01123700511795877,-0.015728800182168864,0.0026783029076558346,0.011199019006404647,0.0014043895394144131
FWD_Ma6_Kn0p2,FWD,0.2,1014,0.49389505597644817,0.2135,0.0265,404,-0.016593333123051224,0.0009483272126042364,-0.0165559621213825,-0.016584412424418694,0.011415523422495362,0.0007301517933663276,0.011582798836883778,0.01142161344751658,-0.016000958390296804,0.001371368295177247,0.011468003922953244,0.0012692577650028625
FWD_Ma6_Kn0p2,FWD,0.2,1015,0.5129933557509219,0.2145,0.025500000000000002,418,-0.016166727147525928,0.000855855642500625,-0.016367530909520277,-0.016157572039724184,0.011413253267026444,0.0004941689012560548,0.010665962833027303,0.01141934571961073,-0.01603988001930729,0.002654380846927825,0.010308604945255916,0.002240256940243099
FWD_Ma6_Kn0p2,FWD,0.2,1016,0.5320916555253955,0.2155,0.0245,438,-0.015176805723278616,0.0008866269657389866,-0.015209480455180762,-0.015167117900477917,0.010902292064405374,0.0012200084139152695,0.011101141909297382,0.010908116422190282,-0.017154029974416556,0.001220189398635719,0.012472716165559424,0.002257163462505477
FWD_Ma6_Kn0p2,FWD,0.2,1017,0.5511899552998691,0.2165,0.0235,413,-0.01599418925199338,0.0008826894145357113,-0.01593850939057646,-0.015984942233484473,0.011071320169776208,0.0009577094265445797,0.010995457681984658,0.011077235955195164,-0.01645987261634394,0.0007803117643162165,0.010495257853531002,0.0012952460687158077
FWD_Ma6_Kn0p2,FWD,0.2,1018,0.5702882550743428,0.2175,0.0225,396,-0.01704807848346753,0.0006607648355222661,-0.016807714726512768,-0.017039401081428075,0.009539379868523375,0.000725765097993478,0.009749033328164193,0.009544474869833923,-0.018015684107428136,0.0009611887617724177,0.011278357830241394,0.0012455335410475874
FWD_Ma6_Kn0p2,FWD,0.2,1019,0.5893865548488164,0.2185,0.0215,396,-0.01688036364478788,0.00034685641561575247,-0.016835026703123618,-0.016871599860107868,0.009882878232786427,0.0005767624992402114,0.009448795093408482,0.00988816088119856,-0.015867857047397713,0.0003167166191462452,0.011070856290976054,0.0014953796387156468
FWD_Ma6_Kn0p2,FWD,0.2,1020,0.60848485462329,0.2195,0.0205,381,-0.016943825690733792,0.00045975421704883376,-0.017084450965233446,-0.016935092859516575,0.009038546254455434,0.0003531204572217718,0.008860210487577319,0.009043364229960655,-0.018306597629723795,0.0013417792764107087,0.007618017201792039,0.0018243044482146745
FWD_Ma6_Kn0p2,FWD,0.2,1021,0.6275831543977637,0.2205,0.0195,428,-0.015312327756946204,0.0006379413081342561,-0.01521052576622665,-0.015302718781286504,0.009423187299340151,0.0008924256372836297,0.009447898009021027,0.009428215607019865,-0.014959841463634474,0.0009556313762998066,0.010189227420511841,0.0012081939698575564
FWD_Ma6_Kn0p2,FWD,0.2,1022,0.6466814541722374,0.2215,0.0185,467,-0.013734088685002342,0.0008001346264068645,-0.013454929951521147,-0.013723634452981723,0.010310548571513553,0.001059937396831832,0.009977389040109388,0.010316052454337084,-0.014069674122176423,0.001973680181555872,0.008363730879561364,0.0018789035229059507
FWD_Ma6_Kn0p2,FWD,0.2,1023,0.6657797539467111,0.2225,0.0175,444,-0.014213521059826806,0.0015289094431800852,-0.014323803945667835,-0.014203335102004338,0.009537555451342874,0.0001944636687556488,0.00968571642341703,0.009542661975025036,-0.012643702180223017,0.00017552375053632815,0.010480797274174182,0.0013737310518374835
FWD_Ma6_Kn0p2,FWD,0.2,1024,0.6848780537211847,0.2235,0.0165,491,-0.011875965718117536,0.00040527261287225667,-0.011749902271924325,-0.01186452364704422,0.0072367373345822,0.000389540722521917,0.007226620385667973,0.0072406103951160525,-0.011042436310249695,0.0012348709443379437,0.008902715285565042,0.00048481936217794133
FWD_Ma6_Kn0p2,FWD,0.2,1025,0.7039763534956583,0.2245,0.0155,484,-0.013024285711652345,0.0014202006402908342,-0.013167942736228363,-0.013013457972180231,0.008970949524716491,0.0006375684589271136,0.00872398000989819,0.008975735108252503,-0.014044734227127797,0.0012658993360509716,0.009302856101978996,0.0004924873524430425
FWD_Ma6_Kn0p2,FWD,0.2,1026,0.723074653270132,0.2255,0.014499999999999999,493,-0.012679085312735424,0.0009418040479315598,-0.012120001019027205,-0.01266806516494116,0.007762480462768016,0.00046393282735859604,0.007982689840322119,0.007766624190464937,-0.01094440841270186,0.0008152982407092542,0.010419391641941233,0.0014948035271359563
FWD_Ma6_Kn0p2,FWD,0.2,1027,0.7421729530446056,0.2265,0.0135,509,-0.01132722938805877,0.000779358413766587,-0.011243051412487251,-0.011315506033462906,0.007937158041794382,0.0004996530742710203,0.008010069421211165,0.007941392119355973,-0.012167251231500252,0.0014663398824557412,0.007841365773811317,0.0009166915705605535
FWD_Ma6_Kn0p2,FWD,0.2,1028,0.7612712528190793,0.2275,0.0125,504,-0.01136338032483461,0.0008681023375817436,-0.011660943298660829,-0.011351666605205955,0.00791110826693869,0.0005076977071532705,0.008175492282594583,0.007915321129239265,-0.009288443360715212,0.0024423522532661373,0.008608294780058168,0.0012944942146062399
FWD_Ma6_Kn0p2,FWD,0.2,1029,0.7803695525935529,0.2285,0.0115,559,-0.009156670557412759,0.0009532728778305101,-0.00918041689708978,-0.009143782433171073,0.009027257673151077,0.0013426283115329381,0.009251217654875217,0.009032079411608624,-0.009161874767694766,0.0016349821192293303,0.0073267842433476895,0.0019593485500975323
FWD_Ma6_Kn0p2,FWD,0.2,1030,0.7994678523680265,0.2295,0.010499999999999999,530,-0.010575184352940895,0.0009913864972165413,-0.010363310862688522,-0.01056306074555339,0.009358036947184152,0.0005583757873848464,0.00890529196651263,0.009363029957597217,-0.008474176860764425,0.0016166759382145743,0.009504669295063651,0.0006850950423347157
FWD_Ma6_Kn0p2,FWD,0.2,1031,0.8185661521425003,0.2305,0.0095,581,-0.008801853364284584,0.0011406416029603697,-0.008516751408644555,-0.008788770807742331,0.007533238297635249,0.0009173839472397041,0.007712159239186433,0.007537269193908342,-0.009432942657119258,0.0017183725401699332,0.005913646153466671,0.0014128292364478975
FWD_Ma6_Kn0p2,FWD,0.2,1032,0.837664451916974,0.2315,0.0085,598,-0.007282414538653738,0.000896101160097402,-0.007133746190316448,-0.0072685241843486485,0.007973459797283691,0.0005184348649460174,0.007374230020108621,0.007977731774831414,-0.008745015691637773,0.0020756919358665216,0.007421374054552696,0.0008806753811250823
FWD_Ma6_Kn0p2,FWD,0.2,1033,0.8567627516914477,0.2325,0.0075,592,-0.007178007818573631,0.0007324306734808019,-0.007354285642363088,-0.0071640550244206095,0.006432363202306214,0.0009080994989728744,0.0061286778430861295,0.006435808584803343,-0.008665743108257656,0.0012477861420564684,0.006365124618099011,0.0017809268832605508
FWD_Ma6_Kn0p2,FWD,0.2,1034,0.8758610514659213,0.2335,0.006500000000000001,625,-0.0058209770031095185,0.002371021875217785,-0.005941942908775478,-0.005806307713819503,0.006805692860671816,0.0012600338237689587,0.006675294023384308,0.006809325418415441,-0.004008313912519069,0.0015293018845549992,0.008771428514865008,0.002473198167953248
FWD_Ma6_Kn0p2,FWD,0.2,1035,0.8949593512403949,0.2345,0.0055,660,-0.004217457196992932,0.0008449521967517588,-0.004113060072656572,-0.004201936070960638,0.00769399225645224,0.0007137724087557351,0.007364167161837023,0.007698100591488561,-0.0044752909995664945,0.0012438804659241573,0.007018304841243908,0.0008605642287029552
FWD_Ma6_Kn0p2,FWD,0.2,1036,0.9140576510148686,0.2355,0.0045000000000000005,710,-0.0024255669682886824,0.0014902986588050014,-0.002450538323338146,-0.0024090906524224702,0.006289709327801013,0.0002961973973713594,0.006136153459395761,0.006293072023884007,-0.0013674978763732434,0.0025619832489848808,0.006975700553676499,0.00043201705997047345
FWD_Ma6_Kn0p2,FWD,0.2,1037,0.9331559507893422,0.2365,0.0035,717,-0.0024654414808719313,0.0014848467572409088,-0.002143306911349718,-0.002448969623438238,0.006443254765553677,0.00087631667873458,0.006280869133405443,0.006446689014347808,0.003387812619440442,0.0009041401703779659,0.0074299130525779175,0.0010519447674262787
FWD_Ma6_Kn0p2,FWD,0.2,1038,0.9522542505638159,0.2375,0.0025,729,-0.0012020278114948117,0.0008287802684226368,-0.0012510180954994955,-0.0011849002732718863,0.0054785682663464385,0.00098637120285184,0.005557842477334009,0.005481498378001743,-0.0005366566996616359,0.0006837960256835154,0.005471209438184857,0.0005065025928975122
FWD_Ma6_Kn0p2,FWD,0.2,1039,0.9713525503382895,0.2385,0.0015,800,0.002237405444387603,0.0008685817739478532,0.0017113467330436651,0.002256366477613887,0.00639283036252621,0.0005287939292768646,0.006359069620227367,0.006396248156951162,-0.0002096985237578661,0.0018942267727115564,0.0053883474678184315,0.0016193186321923124
FWD_Ma6_Kn0p2,FWD,0.2,1040,0.9904508501127631,0.2395,0.0005,815,0.0017059089771221821,0.0010067785488899505,0.001875815953896899,0.0017246282895607406,0.005870940279033531,0.0005550937633349746,0.005867405545085781,0.005874074819017553,0.0038578132793629775,0.0029720681705042197,0.008954493489068498,0.000852809278249009
FWD_Ma6_Kn0p4,FWD,0.4,981,0.0071175167794298375,0.21983350000000002,0.0005,14261,0.6931705646705879,0.0030689931853895786,0.6918884712995912,0.6935608943986099,0.007133347359692743,0.0015201350235766497,0.01106371817757549,0.006919057836964218,0.6910309012573205,0.011651378771812656,0.007202909618422525,0.0025352239185306184
FWD_Ma6_Kn0p4,FWD,0.4,982,0.021352550338289512,0.2195,0.0015,14092,0.6864852801215666,0.004075168732284085,0.6883883984543615,0.6868610827828279,0.01357471717632272,0.0028651985116884314,0.011471232837607878,0.014013984845990304,0.6986750432261172,0.009966529579604682,0.008928219230242809,0.007597182994234561
FWD_Ma6_Kn0p4,FWD,0.4,983,0.035587583897149194,0.2191665,0.0025,13879,0.6852981337873785,0.004331170000312553,0.6867630550700484,0.6856841793298138,0.00931164570223698,0.0038107596056945864,0.010133373779729124,0.009100893117203364,0.675931178319029,0.005563075627049704,0.003558004929696939,0.003922192380902531
FWD_Ma6_Kn0p4,FWD,0.4,984,0.04982261745600886,0.21883350000000001,0.0035,13834,0.6922940583811202,0.009224428610569203,0.6927501273843417,0.6926846998709302,0.010096144661781915,0.00250270014482915,0.00800474902311341,0.009883718238813888,0.6887163104097147,0.017190209699905108,0.016197899001411303,0.0045758636091082095
FWD_Ma6_Kn0p4,FWD,0.4,985,0.06405765101486853,0.2185,0.0045000000000000005,13738,0.6929908361690179,0.0033704409326095067,0.6946290792295517,0.6933710950745245,0.011132986711851839,0.0033168041639660487,0.014833157268387926,0.01157485677178981,0.6820087430448378,0.013492301543462482,0.020211512386268615,0.004125855736145036
FWD_Ma6_Kn0p4,FWD,0.4,986,0.0782926845737282,0.21816649999999999,0.0055,13447,0.6979254536986675,0.005990490130649071,0.696122251448317,0.698321053441991,0.0166126569116753,0.005090282045538701,0.018864103234926412,0.016402009716799643,0.6612278182976382,0.013942718196595715,0.02420181247474196,0.004129456915228809
FWD_Ma6_Kn0p4,FWD,0.4,987,0.09252771813258788,0.2178335,0.006500000000000001,12970,0.674142066112433,0.003771273763711415,0.6760760336773103,0.674526143833188,0.02268893278724114,0.003679675664545225,0.02022385059571022,0.022488663816532802,0.685022054096855,0.012049791343966056,0.020384915597010056,0.0011411798356851686
FWD_Ma6_Kn0p4,FWD,0.4,988,0.10676275169144755,0.2175,0.0075,13176,0.7019219940003019,0.006455108740202943,0.7007785398132466,0.7022953839800502,0.03031407942250361,0.001531118808523865,0.033135671226338585,0.030771548485256234,0.6993781613547106,0.0041486171938514066,0.027809000271584224,0.004134080652135664
FWD_Ma6_Kn0p4,FWD,0.4,989,0.12099778525030724,0.21716649999999998,0.0085,12906,0.696871857662139,0.005329721236869158,0.6979905894461629,0.6972699112471857,0.030033444943762345,0.0024182230430993055,0.028869821912452964,0.0298302742070485,0.7138971750541404,0.0037796941645367997,0.03337917108816163,0.004271241152476823
FWD_Ma6_Kn0p4,FWD,0.4,990,0.13523281880916693,0.2168335,0.0095,12771,0.6987817295368984,0.004707684498060605,0.6978539182439485,0.6991804311377499,0.029563627868164043,0.0028079153685782758,0.03113582034503164,0.029359615117209813,0.7083537748696006,0.00814694860338742,0.03640559071650895,0.00517460246786879
FWD_Ma6_Kn0p4,FWD,0.4,991,0.14946785236802662,0.2165,0.010499999999999999,12456,0.690376416840306,0.01103021353686078,0.6922364677145094,0.6907437674431292,0.031027851721451328,0.0006021414022471593,0.03143606315272208,0.0314787641436825,0.6912196455034636,0.006889328403178695,0.03451981141808687,0.006482973224688094
FWD_Ma6_Kn0p4,FWD,0.4,992,0.16370288592688628,0.21616649999999998,0.0115,12421,0.6970804658658374,0.0020483496717078327,0.6964986213178058,0.6974795139206298,0.03525155146632101,0.00373717973650673,0.038629085967478355,0.03505111036918207,0.700876387526037,0.004542247381494042,0.03900717115486816,0.004195622290290983
FWD_Ma6_Kn0p4,FWD,0.4,993,0.17793791948574597,0.2158335,0.0125,12549,0.7197118905113398,0.010290479173287088,0.7186600161247771,0.720128380489349,0.04887685745737079,0.0025356181665175787,0.04735753142103992,0.048676887367599384,0.7357988374803802,0.012918191414543959,0.04078645640484473,0.006239172578772242
FWD_Ma6_Kn0p4,FWD,0.4,994,0.19217295304460566,0.2155,0.0135,12398,0.7213740126571813,0.007965185996982704,0.7204124523888396,0.7217478126776353,0.04814171669382973,0.0029660747928008714,0.05048856640234295,0.04862037203448116,0.7359894141949324,0.009791172284790057,0.041362162747711824,0.009002731171821234
FWD_Ma6_Kn0p4,FWD,0.4,995,0.20640798660346532,0.21516649999999998,0.014499999999999999,12461,0.7340195106550892,0.005791394342758093,0.7349736975708556,0.734444631663855,0.05014992750921966,0.0033417306477174537,0.04857742846875225,0.049946336307968554,0.7470025493339637,0.0054783792780087924,0.05586588296624581,0.009074339046694982
FWD_Ma6_Kn0p4,FWD,0.4,996,0.220643020162325,0.2148335,0.0155,12037,0.7256326692400612,0.0029330820678566665,0.7254146810553518,0.7260566073529872,0.06022879122477269,0.0043038623790023454,0.05715493889170796,0.06003310790158069,0.7303600712420033,0.014223659099470732,0.0615429705553462,0.004107332542186791
FWD_Ma6_Kn0p4,FWD,0.4,997,0.2348780537211847,0.2145,0.0165,12448,0.7538262951959811,0.00781796034182276,0.7542863070050074,0.7542122910828539,0.05617094472281793,0.004529276571324652,0.056577170463577756,0.05667336021695284,0.7507008370773236,0.01977067193400001,0.05183476485706037,0.00420121186224608
FWD_Ma6_Kn0p4,FWD,0.4,998,0.24911308728004436,0.21416649999999998,0.0175,12401,0.7625444468993846,0.009627234898566085,0.7657081852856937,0.7629872483699301,0.0613725404691934,0.0034769346657863125,0.06173168503004067,0.0611663546918723,0.7803113276072036,0.012793357955135405,0.05216269809154559,0.00394473061208376
FWD_Ma6_Kn0p4,FWD,0.4,999,0.2633481208389041,0.2138335,0.0185,12402,0.7803926892045701,0.012398264174926323,0.7801236598886445,0.7808442107922593,0.0593301377267549,0.0038947152148196677,0.061586654915780206,0.059117519963641896,0.8033656126628028,0.012272587444818522,0.0570314089665751,0.004535937388119023
FWD_Ma6_Kn0p4,FWD,0.4,1000,0.27758315439776376,0.2135,0.0195,12392,0.792866668159381,0.004796724191939379,0.7930068711957835,0.7932743193623845,0.056856948470169734,0.0041820225564987885,0.062305185541402366,0.05738318257292928,0.8145143504641117,0.020909132829336263,0.062314026311049014,0.003552927069946958
FWD_Ma6_Kn0p4,FWD,0.4,1001,0.2918181879566234,0.21316649999999998,0.0205,12653,0.821461971190588,0.006872473495401403,0.82242385902076,0.8219392524668315,0.06478108659858564,0.003765847258686758,0.06241733715592217,0.06455900919433008,0.8047436289064887,0.012366723614587157,0.05253184255926451,0.00996212541863534
FWD_Ma6_Kn0p4,FWD,0.4,1002,0.3060532215154831,0.2128335,0.0215,12691,0.8438943164681196,0.01146653439208489,0.8422046300203482,0.8443801419747222,0.059821149758118995,0.006890247210674907,0.06025826321297832,0.059589727285369445,0.8488328188307966,0.019593728968690348,0.0613401534775114,0.0063067304379845115
FWD_Ma6_Kn0p4,FWD,0.4,1003,0.3202882550743428,0.2125,0.0225,12774,0.8692483493772105,0.01015343001807661,0.8704208683722856,0.8696983460621658,0.05242899100559232,0.0015736842412347825,0.05654062077985557,0.052998676842155826,0.8646103718336352,0.012039194306767762,0.05286621124198306,0.006991244746304157
FWD_Ma6_Kn0p4,FWD,0.4,1004,0.33452328863320246,0.21216649999999998,0.0235,12890,0.8952855265092351,0.005295726112013413,0.8957772238710836,0.8957961032616998,0.048786509978228476,0.005669076419783261,0.05102143928297979,0.04853376540841142,0.8958704504254379,0.012296697393825133,0.05894926464064067,0.008006786683172874
FWD_Ma6_Kn0p4,FWD,0.4,1005,0.34875832219206215,0.2118335,0.0245,12983,0.9259287962345155,0.009042521241922934,0.926070232180017,0.9264558288475421,0.052652120035628566,0.004159432521652103,0.05393081117611474,0.05239225971775319,0.929580539280283,0.007985459731638646,0.05075165332112096,0.006877139927638154
FWD_Ma6_Kn0p4,FWD,0.4,1006,0.36299335575092184,0.2115,0.025500000000000002,13094,0.956233425797784,0.011033251576023556,0.957003779913396,0.9567273061398496,0.057583075238782234,0.0037498453099398866,0.05776732049009033,0.05820772062200895,0.9472473672129618,0.004242431379389029,0.056904542118177075,0.009916459844956942
FWD_Ma6_Kn0p4,FWD,0.4,1007,0.37722838930978153,0.21116649999999998,0.0265,13191,0.9810377181841281,0.006322332526732111,0.9802575364660132,0.9815954602940794,0.05521053115062178,0.004689550277861662,0.052408139947140574,0.05493550781863491,0.9789087563863699,0.010512718796084359,0.042637150652278716,0.00374998399913712
FWD_Ma6_Kn0p4,FWD,0.4,1008,0.3914634228686412,0.2108335,0.0275,13169,1.033513749523464,0.007902331838456697,1.0328855849280907,1.0340935230068893,0.04051511496544262,0.004077814246232292,0.0388453187906458,0.04021648236212548,1.0235311946177426,0.006294682711760158,0.03993489587264999,0.007485951755081559
FWD_Ma6_Kn0p4,FWD,0.4,1009,0.4056984564275009,0.2105,0.0285,12863,1.0567890302692078,0.011774451612783083,1.0579010664179314,1.057353477059367,0.028590946226118595,0.004719994751532244,0.03221869336628223,0.02926049206111727,1.0652198509260555,0.006059140778965935,0.048761315841109994,0.0024736873335578337
FWD_Ma6_Kn0p4,FWD,0.4,1010,0.4199334899863606,0.21016649999999998,0.0295,13078,1.1340136469552493,0.01190734184372946,1.1328679859002428,1.1346461586847494,0.033577758911036634,0.005682194424570134,0.031079774956843848,0.033245250046703,1.1071760476221053,0.022887253333252238,0.013288829448351754,0.006640930575685811
FWD_Ma6_Kn0p4,FWD,0.4,1011,0.43660015665302726,0.2105,0.0295,612,-0.008773142249249917,0.0005346558418716146,-0.009052598749487942,-0.008760042100516629,0.014039678020473201,0.0009644746273306167,0.0143512836597983,0.014047159752261512,-0.007435323032587404,0.0022272062204507807,0.016178770883588402,0.0012967570577326975
FWD_Ma6_Kn0p4,FWD,0.4,1012,0.4556984564275009,0.2115,0.0285,600,-0.00925934742731462,0.0016090108140577781,-0.008972939270692065,-0.009246521675338813,0.012550329567579727,0.0009503070333544986,0.012644409328602802,0.012557040199902825,-0.011606827417927883,0.0015050895220424603,0.011241729545540804,0.0011575239639370412
FWD_Ma6_Kn0p4,FWD,0.4,1013,0.47479675620197453,0.2125,0.0275,446,-0.014768597730581253,0.0004384536808023628,-0.014732657272177296,-0.014758689095401798,0.011816405926689231,0.0006895493644859212,0.01213092562845301,0.011822701740038168,-0.01556107434867876,0.001536788330547741,0.010025721805214372,0.0010332761189193079
FWD_Ma6_Kn0p4,FWD,0.4,1014,0.49389505597644817,0.2135,0.0265,389,-0.01756932778738895,0.0006343179290623316,-0.017468319077753144,-0.017560936371006763,0.010252501007153464,0.0005761967308464635,0.010325714872795985,0.01025797226430545,-0.01490770773739397,0.0014244732373020952,0.012196786024516869,0.0014988791789991038
FWD_Ma6_Kn0p4,FWD,0.4,1015,0.5129933557509219,0.2145,0.025500000000000002,385,-0.018200723102447948,0.0012452556918886154,-0.0180172009506552,-0.01819266423836564,0.008466520979522425,0.0006256699945244163,0.008779816973136794,0.008471039278088222,-0.0171864188535484,0.0009768883217590588,0.011504367874482795,0.000898821954788875
FWD_Ma6_Kn0p4,FWD,0.4,1016,0.5320916555253955,0.2155,0.0245,413,-0.01696736924485464,0.0007070231681267656,-0.01673296593926423,-0.016958639455565108,0.011191837436957761,0.000592492576004268,0.01085555640940924,0.0111977951926103,-0.016320540880853718,0.001114661437491161,0.008852020329762513,0.000421583751779735
FWD_Ma6_Kn0p4,FWD,0.4,1017,0.5511899552998691,0.2165,0.0235,418,-0.016261517073394786,0.0006533682523582805,-0.016097686128457377,-0.01625241746723307,0.010711441441714126,0.0008907406009179498,0.010899598741282802,0.010717147305715427,-0.01757266654483043,0.0019902283255177045,0.008464510492521525,0.0012324879957367418
FWD_Ma6_Kn0p4,FWD,0.4,1018,0.5702882550743428,0.2175,0.0225,444,-0.015584119471392313,0.0004906048403124568,-0.015265242380664706,-0.015574640900245226,0.009849286151450434,0.0009779429974663479,0.010142976062665579,0.009854541141313674,-0.017973060892231153,0.0013024778278985536,0.00947406366026006,0.0016712341539265154
FWD_Ma6_Kn0p4,FWD,0.4,1019,0.5893865548488164,0.2185,0.0215,397,-0.017644840145593477,0.0005399714631866717,-0.017477172011229593,-0.01763647400256322,0.0075636148436906084,0.0008022628596084962,0.007739420150474896,0.007567650991346675,-0.016317938775712717,0.0016937783059842906,0.008455352125595538,0.0005290029009509483
FWD_Ma6_Kn0p4,FWD,0.4,1020,0.60848485462329,0.2195,0.0205,418,-0.016157755382194702,0.000848540451306616,-0.016430335406019753,-0.016148603178314513,0.009199497167399862,0.0009286838011264468,0.009208150854709227,0.009204389660057924,-0.014473101204794295,0.0013439883509042587,0.010454734541810107,0.0019571970713275987
FWD_Ma6_Kn0p4,FWD,0.4,1021,0.6275831543977637,0.2205,0.0195,445,-0.015333687008723331,0.0016699788658561371,-0.015282129478194646,-0.015324079443519179,0.009745099491235715,0.001358226345787457,0.010227433730870381,0.00975030463532792,-0.017440270702268865,0.0011845827102018643,0.007280652921998091,0.000582624228832175
FWD_Ma6_Kn0p4,FWD,0.4,1022,0.6466814541722374,0.2215,0.0185,446,-0.014855192857724358,0.0010639834972145875,-0.01478610337460951,-0.014845332586478563,0.008392277566282698,0.0013354495620158553,0.00803899267991263,0.008396756820932284,-0.015433956015135565,0.0018978395245485668,0.009036156889909379,0.0016801647437369126
FWD_Ma6_Kn0p4,FWD,0.4,1023,0.6657797539467111,0.2225,0.0175,456,-0.014380876734698261,0.0008075872662872058,-0.01437707834605299,-0.014370775576988746,0.007692491258681007,0.0008548264813658678,0.007775467975663251,0.007696594528628399,-0.014933362295122161,0.0007496043036878432,0.007330954487846076,0.0025247534997280686
FWD_Ma6_Kn0p4,FWD,0.4,1024,0.6848780537211847,0.2235,0.0165,481,-0.013778551698482116,0.0011204361281706517,-0.013791638517523236,-0.013768117357023536,0.007856713683342292,0.0008049834714187359,0.00792350702678216,0.007860907596615434,-0.01386778191519759,0.0004769209251817759,0.007389213518742995,0.0016858793850456548
FWD_Ma6_Kn0p4,FWD,0.4,1025,0.7039763534956583,0.2245,0.0155,467,-0.01433233831147652,0.0004876644677013851,-0.014293408273907302,-0.014322206208436605,0.008142208020473425,0.0011552337141130988,0.00824726072932051,0.008146545401890543,-0.011910962199795608,0.001071197487557884,0.008585448101275062,0.0004953502765886744
FWD_Ma6_Kn0p4,FWD,0.4,1026,0.723074653270132,0.2255,0.014499999999999999,497,-0.012419036055855192,0.000933538641835971,-0.01241105617165826,-0.012407897904228924,0.007485647960841583,0.000884103077725161,0.0072684307367487004,0.007489643247811475,-0.015496571460676446,0.0019729026555145887,0.004941128136191991,4.370723493017545e-05
FWD_Ma6_Kn0p4,FWD,0.4,1027,0.7421729530446056,0.2265,0.0135,515,-0.011736536861801625,0.0011037493480463764,-0.01211434652864098,-0.011725019023585873,0.009676190425047616,0.0004070721202730893,0.00922989821027986,0.009681350798905385,-0.012667625055304558,0.0006101311506573603,0.006656932889915623,0.001209100579285611
FWD_Ma6_Kn0p4,FWD,0.4,1028,0.7612712528190793,0.2275,0.0125,496,-0.012584705859790218,0.0013208127638255215,-0.012855359571967918,-0.012573632486225825,0.005638326051918845,0.0011006575007043965,0.006014637598710431,0.0056413352637263185,-0.010894455323868252,0.0007504621678247244,0.004998618009391222,0.0011769652173515507
FWD_Ma6_Kn0p4,FWD,0.4,1029,0.7803695525935529,0.2285,0.0115,508,-0.012445526219177957,0.00127784387153132,-0.01249026355808214,-0.012434395641767657,0.007511363950281296,0.0008275723421511551,0.0076983814545175415,0.007515372025155996,-0.008697435649394021,0.0006578937425574082,0.009269096609634677,0.000775837029568776
FWD_Ma6_Kn0p4,FWD,0.4,1030,0.7994678523680265,0.2295,0.010499999999999999,549,-0.009995164122201007,0.0011663856027866904,-0.009646189748659625,-0.00998271530381045,0.0068176935866369704,0.0006610320545228963,0.006589501663111487,0.00682132951201952,-0.007349930004720704,0.002300430209831344,0.009100115151294025,0.0016625532311788488
FWD_Ma6_Kn0p4,FWD,0.4,1031,0.8185661521425003,0.2305,0.0095,564,-0.009690915727291916,0.001426250209801915,-0.00953852796157989,-0.009678298952084483,0.00798882843882808,0.0010906237428149562,0.008152726004699788,0.007993087730550397,-0.00860674678782486,0.0007509519934705241,0.006602322175079372,0.0009674050129210135
FWD_Ma6_Kn0p4,FWD,0.4,1032,0.837664451916974,0.2315,0.0085,616,-0.00767253240321591,0.0011507084097400237,-0.007587728607196043,-0.007658843182885275,0.007180783703577005,0.000638067242491012,0.007407552788052403,0.007184613974161638,-0.00902938730171274,0.0016737607865938866,0.007699597674579263,0.0020750847889167852
FWD_Ma6_Kn0p4,FWD,0.4,1033,0.8567627516914477,0.2325,0.0075,631,-0.00600489819239975,0.0010546837119746089,-0.006161358185809386,-0.0059903309967524136,0.007646047402229181,0.001376049007857504,0.007534802110969513,0.00765013010768682,-0.01078749414282578,0.0009235936187815075,0.008078954647544883,0.0010802858820314106
FWD_Ma6_Kn0p4,FWD,0.4,1034,0.8758610514659213,0.2335,0.006500000000000001,630,-0.006834024178680389,0.0004606639977716158,-0.0069217882324448254,-0.006819895678813144,0.008306838865798982,0.0010155953074190555,0.007719228754143087,0.008311266405770328,-0.007944089561705645,0.001160647847866492,0.006374218197483076,0.0019460683224025823
FWD_Ma6_Kn0p4,FWD,0.4,1035,0.8949593512403949,0.2345,0.0055,618,-0.00811216356419349,0.0005806013062144562,-0.007794215153870158,-0.00809871466247591,0.005988680493018173,0.00042114884775667756,0.005449825169593207,0.0059918774513039435,-0.004001955247139296,0.0006289418083741436,0.009599002547602653,0.001199039318694603
FWD_Ma6_Kn0p4,FWD,0.4,1036,0.9140576510148686,0.2355,0.0045000000000000005,666,-0.004726025819522988,0.0006945805049614779,-0.0048344139403604675,-0.0047107775383570406,0.006706072426411708,0.0007191330674496499,0.007448177288641178,0.0067096500976430344,-0.008362423774832008,0.0034063914378111653,0.005187629184192244,0.00023378648871998976
FWD_Ma6_Kn0p4,FWD,0.4,1037,0.9331559507893422,0.2365,0.0035,661,-0.006003534835903336,0.0008793451879190741,-0.00600574649273927,-0.005988959193032539,0.0067873191137829535,0.000984313547058002,0.006761934000418743,0.006790943736187452,-0.0057129676501370096,0.00053093874660187,0.00475305508499799,0.0006438957137516126
FWD_Ma6_Kn0p4,FWD,0.4,1038,0.9522542505638159,0.2375,0.0025,721,-0.003519763174890643,0.0006174372093986627,-0.003428585673824848,-0.003503858318399103,0.0070301428209037535,0.0007107034371446088,0.006250412184641725,0.007033891753198143,-0.0012530510618793678,0.0012129164297886388,0.005704149157910154,0.0011014048302647817
FWD_Ma6_Kn0p4,FWD,0.4,1039,0.9713525503382895,0.2385,0.0015,762,-0.0019277146210153772,0.0006215131667474573,-0.0013273974231113178,-0.001910971367649513,0.0066528139571504375,0.0004263210764173549,0.007228678955805748,0.006656365518614142,-0.002755730131440067,0.0011424390795882113,0.0039033553292437406,0.0014687535386209932
FWD_Ma6_Kn0p4,FWD,0.4,1040,0.9904508501127631,0.2395,0.0005,725,-0.0024332266862389573,0.0010101482459104836,-0.0027026740076298216,-0.0024167486538163156,0.0051767899692786515,0.0007572002642009725,0.005024263514593194,0.005179552074404333,-0.001258969934840944,0.0010896171909303715,0.00593569983273666,0.0014667529931275227
